ST_CASE,VEH_NO,PER_NO,YEAR,P1,P2,P3,P4,P5,P6,P7,P8,P9,P10
10618,1,1,2000,0,0,0,0,0,0,0,0,0,0
10619,1,1,2000,15,15,15,15,15,15,15,15,15,15
10620,1,1,2000,0,0,0,0,0,0,0,0,0,0
10620,2,1,2000,0,0,0,0,0,0,0,0,0,0
10621,1,1,2000,0,0,0,0,0,0,0,0,0,0
10621,2,1,2000,0,0,0,0,0,0,0,0,0,0
10621,3,1,2000,0,0,0,0,0,0,0,0,0,0
10622,1,1,2000,0,0,0,0,0,0,0,0,0,0
10622,2,1,2000,0,0,0,0,0,0,0,0,0,0
10623,1,1,2000,16,15,19,13,28,22,26,26,12,20
10624,1,1,2000,0,6,17,14,0,6,0,13,9,16
10625,1,1,2000,13,13,13,13,13,13,13,13,13,13
10626,1,1,2000,35,17,19,19,20,9,27,18,33,14
10627,0,1,2000,0,22,17,0,0,0,0,0,0,0
10627,1,1,2000,0,0,0,0,0,14,0,0,0,0
10628,1,1,2000,3,3,3,3,3,3,3,3,3,3
10629,1,1,2000,24,24,24,24,24,24,24,24,24,24
10630,1,1,2000,26,26,26,26,26,26,26,26,26,26
10631,0,1,2000,9,9,9,9,9,9,9,9,9,9
10631,1,1,2000,22,22,22,22,22,22,22,22,22,22
10632,1,1,2000,0,0,0,0,0,0,0,0,0,0
10632,2,1,2000,0,0,0,0,0,0,0,0,0,0
10632,3,1,2000,0,0,0,0,0,0,0,0,0,0
10632,4,1,2000,0,0,0,0,0,0,0,0,0,0
10632,5,1,2000,0,0,0,0,0,0,0,0,0,0
10633,1,1,2000,0,0,0,0,0,0,0,0,0,0
10633,2,1,2000,0,0,0,0,0,0,7,0,0,0
10634,1,1,2000,0,0,0,0,0,0,0,0,0,0
10635,1,1,2000,21,16,31,0,15,14,0,24,7,7
10635,2,1,2000,0,0,0,0,18,0,0,0,0,0
10636,1,1,2000,0,0,0,0,0,23,14,0,0,0
10637,1,1,2000,0,0,0,0,0,0,0,0,0,0
10637,2,1,2000,0,0,0,0,0,0,0,0,0,0
10638,1,1,2000,18,18,18,18,18,18,18,18,18,18
10639,1,1,2000,0,0,0,0,0,0,0,0,0,0
10640,1,1,2000,0,12,0,0,0,0,0,0,0,0
10640,2,1,2000,0,0,0,0,0,0,0,0,0,0
10641,1,1,2000,18,20,0,30,21,26,0,0,0,0
10642,1,1,2000,0,0,0,0,0,0,0,0,0,0
10642,2,1,2000,0,0,0,0,0,16,0,0,0,0
10643,1,1,2000,0,0,0,0,0,0,0,0,0,0
10643,2,1,2000,0,0,0,0,0,0,0,0,0,0
10644,1,1,2000,0,0,0,0,0,0,0,0,0,0
10644,2,1,2000,0,0,0,0,0,0,0,0,0,0
10645,1,1,2000,0,0,0,0,0,0,0,0,0,0
10645,2,1,2000,0,0,0,0,0,0,0,0,0,0
10646,1,1,2000,0,0,0,0,0,0,0,0,0,0
10647,1,1,2000,0,0,0,0,0,0,0,0,0,0
10647,2,1,2000,0,0,0,0,0,0,0,0,0,0
10648,1,1,2000,0,0,0,0,0,0,0,0,0,0
10648,2,1,2000,0,0,0,0,0,0,0,0,0,13
10649,0,1,2000,0,0,0,0,0,0,19,0,0,0
10649,1,1,2000,0,0,0,0,0,0,0,0,0,0
10650,1,1,2000,33,22,12,25,24,23,24,25,28,45
10650,2,1,2000,0,20,0,7,13,10,0,0,0,11
10650,3,1,2000,0,0,0,0,0,0,0,0,0,0
10650,4,1,2000,0,0,0,0,0,0,0,0,0,0
10650,5,1,2000,0,0,0,21,9,0,0,9,0,16
10651,1,1,2000,23,23,23,23,23,23,23,23,23,23
10651,2,1,2000,0,0,0,0,0,0,0,0,0,0
10652,1,1,2000,0,0,0,6,0,0,0,0,0,0
10652,2,1,2000,0,0,0,0,0,0,0,0,0,0
10653,1,1,2000,0,13,0,32,0,0,0,0,0,0
10654,1,1,2000,8,10,34,25,29,12,17,11,14,8
10654,2,1,2000,25,0,0,0,0,0,18,0,0,0
10655,1,1,2000,17,7,10,9,11,15,12,41,11,0
10656,1,1,2000,0,0,0,0,0,0,0,0,0,0
10656,2,1,2000,0,0,0,0,0,0,0,0,0,0
10657,1,1,2000,9,9,9,9,9,9,9,9,9,9
10657,2,1,2000,0,0,0,0,0,0,0,0,0,0
10658,1,1,2000,12,12,12,12,12,12,12,12,12,12
10658,2,1,2000,0,0,0,0,0,0,0,0,0,0
10659,1,1,2000,11,11,11,11,11,11,11,11,11,11
10660,1,1,2000,0,0,0,0,0,13,0,0,0,0
10660,2,1,2000,0,0,11,0,0,0,0,0,0,0
10660,3,1,2000,0,0,0,0,0,0,0,0,0,0
10661,1,1,2000,0,0,0,0,0,0,0,0,0,0
10661,2,1,2000,0,0,0,0,0,0,0,0,0,0
10661,3,1,2000,0,0,0,0,0,0,0,0,0,0
10662,1,1,2000,19,19,19,19,19,19,19,19,19,19
10663,1,1,2000,11,11,11,11,11,11,11,11,11,11
10664,1,1,2000,5,5,5,5,5,5,5,5,5,5
10665,1,1,2000,14,0,7,0,0,0,0,0,0,0
10666,1,2,2000,19,13,4,0,25,0,27,0,10,12
10667,1,1,2000,18,0,0,0,0,0,0,0,0,0
10667,2,1,2000,0,0,0,0,0,0,0,0,0,0
10668,1,1,2000,21,21,21,21,21,21,21,21,21,21
10668,2,1,2000,2,2,2,2,2,2,2,2,2,2
10669,1,1,2000,14,14,14,14,14,14,14,14,14,14
10670,1,1,2000,0,0,0,0,0,0,0,0,0,0
10670,2,1,2000,0,0,0,0,0,0,0,0,0,0
10670,3,1,2000,0,0,0,0,0,0,0,0,0,0
10671,1,1,2000,20,20,20,20,20,20,20,20,20,20
10671,2,1,2000,8,8,8,8,8,8,8,8,8,8
10672,1,1,2000,14,14,14,14,14,14,14,14,14,14
10673,1,1,2000,16,19,21,10,15,12,13,16,24,42
10674,1,1,2000,0,0,0,0,0,0,0,0,0,0
10675,1,1,2000,0,0,0,0,0,0,0,0,0,0
10676,1,1,2000,19,19,19,19,19,19,19,19,19,19
10677,1,1,2000,28,21,16,20,18,24,28,14,0,19
10678,1,1,2000,0,0,0,0,0,0,0,0,0,0
10678,2,1,2000,0,0,0,0,0,0,0,0,0,0
10679,0,1,2000,0,0,0,0,0,0,0,0,0,0
10679,0,2,2000,0,0,0,0,0,0,0,0,0,0
10679,1,1,2000,0,0,0,0,0,0,0,0,0,0
10680,1,1,2000,14,14,14,14,14,14,14,14,14,14
10680,2,1,2000,9,13,0,25,9,0,0,0,0,12
10680,3,1,2000,15,0,0,0,0,0,0,0,0,12
10680,4,1,2000,0,0,0,23,0,0,0,5,0,0
10681,1,1,2000,0,0,0,0,0,0,0,0,0,0
10681,2,1,2000,7,7,7,7,7,7,7,7,7,7
10682,1,1,2000,13,35,16,15,17,10,13,27,34,21
10683,1,1,2000,4,8,13,3,0,18,5,12,14,7
10684,1,1,2000,10,10,10,10,10,10,10,10,10,10
10685,1,1,2000,0,0,0,0,0,0,0,0,0,0
10686,1,1,2000,0,0,0,0,0,0,0,0,0,0
10687,1,1,2000,0,0,0,0,0,0,0,0,8,21
10688,1,1,2000,0,0,0,0,0,0,0,0,0,0
10688,2,1,2000,0,0,0,0,0,0,0,0,0,0
10689,1,1,2000,30,30,30,30,30,30,30,30,30,30
10690,1,1,2000,24,24,24,24,24,24,24,24,24,24
10691,1,1,2000,10,29,18,5,32,18,19,23,11,11
10692,1,1,2000,0,0,0,0,0,0,0,0,0,0
10692,2,1,2000,0,0,0,0,0,0,0,0,0,0
10692,3,1,2000,0,0,0,0,0,0,0,0,0,0
10693,1,1,2000,8,8,8,8,8,8,8,8,8,8
10693,2,1,2000,0,0,0,0,0,0,0,0,0,0
10694,1,1,2000,0,0,0,0,0,0,0,0,0,0
10695,1,1,2000,0,0,0,0,0,0,0,0,0,0
10696,1,1,2000,0,0,6,0,0,0,0,0,6,0
10697,1,1,2000,0,0,0,0,0,0,0,0,0,0
10697,2,1,2000,18,0,0,0,0,0,10,0,0,0
10698,0,1,2000,0,0,11,28,17,31,0,19,26,7
10698,1,1,2000,21,21,21,21,21,21,21,21,21,21
10699,0,1,2000,0,20,0,30,19,0,0,0,0,0
10699,1,1,2000,0,0,0,0,0,0,0,0,0,0
10700,1,1,2000,0,0,0,0,0,0,0,0,0,0
10700,2,1,2000,0,0,0,0,0,0,0,0,0,0
10701,1,1,2000,32,32,32,32,32,32,32,32,32,32
10702,1,1,2000,0,0,0,0,0,0,0,18,0,0
10702,2,1,2000,6,0,0,0,0,0,0,0,0,0
10703,1,1,2000,0,0,0,0,22,0,0,0,0,0
10703,2,1,2000,0,0,0,0,0,0,0,0,0,0
10704,1,1,2000,23,23,23,23,23,23,23,23,23,23
10704,2,1,2000,0,0,0,0,0,0,0,0,0,0
10705,1,1,2000,3,3,3,3,3,3,3,3,3,3
10705,2,1,2000,0,0,0,0,0,0,0,0,0,0
10706,1,1,2000,19,19,19,19,19,19,19,19,19,19
10707,1,1,2000,0,0,0,0,0,0,0,0,0,0
10708,1,1,2000,0,0,0,0,0,0,0,0,0,0
10708,2,1,2000,0,0,0,0,0,0,0,0,0,0
10709,1,1,2000,10,22,0,0,0,0,0,15,23,0
10710,1,1,2000,0,13,21,13,24,0,0,33,13,0
10711,1,1,2000,22,22,22,22,22,22,22,22,22,22
10712,1,1,2000,16,18,42,21,26,32,18,25,35,17
10713,1,1,2000,26,26,26,26,26,26,26,26,26,26
10714,1,1,2000,0,14,11,0,0,0,0,0,0,0
10715,1,1,2000,13,13,13,13,13,13,13,13,13,13
10715,2,1,2000,0,0,0,0,0,0,0,0,0,0
10716,1,1,2000,9,0,0,0,0,26,0,0,0,0
10717,1,1,2000,0,0,0,0,0,0,0,0,0,0
10717,2,1,2000,0,0,0,0,0,0,0,0,0,0
10718,0,1,2000,0,0,0,18,0,21,0,0,0,23
10718,1,1,2000,14,14,14,14,14,14,14,14,14,14
10719,1,1,2000,0,0,16,0,0,0,0,0,0,0
10719,2,1,2000,0,0,0,0,0,0,0,0,0,0
10720,1,1,2000,0,0,0,0,0,0,0,0,0,14
10720,2,1,2000,0,0,0,0,0,0,0,0,0,0
10721,1,1,2000,0,0,0,0,0,0,0,0,0,0
10721,2,1,2000,0,0,0,0,0,0,0,0,0,0
10722,1,1,2000,0,0,0,0,0,0,0,0,0,0
10722,2,1,2000,19,11,34,15,23,12,13,10,18,20
10723,1,1,2000,10,0,0,0,0,0,0,0,0,0
10723,2,1,2000,0,0,0,0,0,0,0,0,0,0
10724,1,1,2000,0,0,0,0,0,0,0,0,0,0
10724,2,1,2000,0,0,0,0,0,0,0,0,0,0
10724,3,1,2000,0,0,0,0,0,0,0,29,0,0
10724,4,1,2000,0,0,0,0,0,0,0,0,0,0
10724,5,1,2000,0,0,0,0,0,0,0,0,0,0
10725,1,1,2000,0,0,0,0,0,0,0,0,0,0
10725,2,1,2000,0,0,0,0,0,0,0,0,15,0
10726,1,1,2000,0,0,0,0,0,0,0,0,0,0
10727,0,1,2000,36,36,36,36,36,36,36,36,36,36
10727,1,1,2000,0,0,0,0,0,0,0,0,0,0
10728,1,1,2000,34,35,10,8,0,20,20,0,13,11
10728,2,1,2000,0,0,0,0,0,0,0,0,0,0
10729,1,1,2000,0,0,0,0,0,0,0,0,0,0
10729,2,1,2000,0,0,0,0,0,0,0,0,0,0
10730,1,1,2000,0,0,0,0,0,0,0,0,16,0
10730,2,1,2000,0,0,0,0,0,0,0,0,0,0
10731,0,1,2000,0,0,0,0,0,0,0,0,0,0
10731,1,1,2000,0,0,0,0,0,0,0,0,0,0
10732,1,1,2000,14,21,20,21,7,10,18,3,16,13
10732,2,1,2000,17,0,20,0,0,20,0,0,0,10
10733,1,1,2000,17,17,17,17,17,17,17,17,17,17
10734,1,1,2000,0,0,0,0,0,0,0,0,0,0
10734,2,1,2000,0,0,0,0,0,0,0,0,0,0
10735,1,1,2000,0,26,0,0,5,0,0,0,0,0
10735,2,1,2000,0,0,0,0,0,0,0,0,0,0
10736,1,1,2000,7,7,7,7,7,7,7,7,7,7
10736,2,1,2000,0,0,0,0,0,0,0,0,0,0
10737,0,1,2000,0,0,0,0,0,0,0,0,0,0
10737,1,1,2000,0,0,0,0,0,0,0,0,0,0
10738,0,1,2000,18,18,18,18,18,18,18,18,18,18
10738,1,1,2000,0,0,0,0,0,0,0,15,0,0
10739,1,1,2000,21,21,21,21,21,21,21,21,21,21
10740,1,1,2000,0,0,0,0,0,0,0,0,0,0
10740,2,1,2000,0,0,0,0,0,0,0,0,0,0
10741,1,1,2000,0,0,0,0,0,0,0,0,0,0
10741,2,1,2000,0,0,0,0,0,0,0,0,0,0
10742,1,1,2000,0,0,0,0,0,0,0,0,0,0
10742,2,1,2000,0,0,0,0,0,0,0,0,0,0
10743,0,1,2000,0,0,0,0,0,0,0,0,0,0
10743,1,1,2000,0,0,0,0,0,0,0,0,0,0
10744,1,1,2000,6,11,0,15,40,0,8,17,22,13
10744,2,1,2000,0,11,0,0,0,0,0,0,0,0
10745,1,1,2000,22,22,22,22,22,22,22,22,22,22
10745,2,1,2000,0,0,0,0,0,0,0,0,0,0
10746,1,1,2000,0,18,0,0,0,0,0,0,0,17
10747,1,1,2000,0,0,0,0,0,15,0,0,0,0
10748,1,1,2000,0,0,0,0,0,0,0,0,0,0
10749,1,1,2000,0,0,0,0,0,0,0,0,0,0
10749,2,1,2000,0,0,0,0,0,0,0,0,0,6
10750,1,1,2000,0,0,0,0,17,0,0,0,11,0
10751,1,1,2000,0,0,12,0,20,4,25,21,0,0
10752,1,1,2000,0,0,0,0,0,0,0,0,0,0
10753,1,1,2000,0,0,0,0,0,0,0,0,0,0
10753,2,1,2000,0,0,0,0,0,0,0,0,0,0
10754,1,1,2000,0,3,0,0,0,0,0,14,0,0
10754,2,1,2000,0,0,0,0,0,0,0,0,0,0
10755,1,1,2000,20,20,20,20,20,20,20,20,20,20
10756,1,1,2000,14,30,26,21,14,9,17,10,10,22
10757,1,1,2000,0,0,0,23,0,0,26,0,20,0
10757,2,1,2000,0,0,0,0,0,0,0,0,0,0
10758,1,1,2000,0,0,0,0,0,0,0,0,0,0
10759,1,1,2000,0,0,0,0,0,0,0,0,0,0
10760,1,1,2000,0,9,0,14,33,0,0,0,15,25
10761,1,1,2000,0,0,0,0,0,0,0,0,0,0
10761,2,1,2000,14,14,14,14,14,14,14,14,14,14
10762,1,1,2000,0,0,0,0,0,0,0,0,0,0
10763,1,1,2000,13,0,0,0,0,0,0,0,0,0
10763,2,1,2000,0,0,0,0,0,0,0,0,0,0
10764,1,1,2000,11,11,11,11,11,11,11,11,11,11
10765,1,1,2000,0,0,0,0,0,10,0,0,0,0
10766,1,1,2000,8,14,12,11,15,13,0,13,0,17
10767,1,1,2000,9,9,9,9,9,9,9,9,9,9
10767,2,1,2000,0,0,0,0,0,0,0,0,0,0
10768,1,1,2000,0,0,0,13,0,0,0,0,5,0
10769,0,1,2000,0,15,0,13,30,0,10,30,0,0
10769,1,1,2000,0,0,0,0,0,0,0,0,0,0
10770,1,1,2000,0,0,0,0,0,0,0,0,0,0
10770,2,1,2000,0,0,0,0,0,0,0,0,0,0
10771,1,1,2000,0,6,23,30,0,7,16,10,0,0
10772,0,1,2000,0,0,0,23,17,5,0,0,0,0
10772,1,1,2000,0,0,0,0,0,0,0,0,0,0
10773,1,1,2000,8,0,0,0,0,0,0,0,0,0
10773,2,1,2000,0,0,0,0,0,0,0,0,0,0
10774,1,1,2000,32,17,29,21,10,7,13,21,17,20
10775,1,1,2000,0,0,0,0,0,0,0,0,0,0
10776,1,1,2000,0,0,0,16,12,0,0,0,0,22
10776,2,1,2000,0,5,15,2,4,0,0,0,17,0
10777,1,1,2000,0,0,0,0,0,0,0,0,0,0
10777,2,1,2000,0,0,0,0,0,0,0,0,0,18
10777,3,1,2000,0,0,0,9,0,0,0,0,0,0
10777,4,1,2000,0,0,0,0,0,0,0,0,0,0
10777,5,1,2000,0,0,0,0,0,0,0,0,0,0
10778,1,1,2000,0,0,0,0,0,0,0,0,0,0
10778,2,1,2000,16,0,0,0,0,23,25,0,17,0
10779,1,1,2000,0,0,0,0,0,0,0,0,0,0
10780,1,1,2000,0,0,0,0,13,11,0,0,0,0
10780,2,1,2000,0,0,0,0,0,0,0,0,0,0
10781,1,1,2000,20,20,20,20,20,20,20,20,20,20
10782,1,1,2000,0,0,0,0,0,0,0,0,7,0
10783,1,1,2000,12,0,10,0,0,0,18,16,0,0
10784,1,1,2000,0,0,0,0,0,0,0,0,0,0
10785,1,1,2000,0,0,0,0,0,0,0,0,0,0
10785,2,1,2000,13,2,0,0,0,0,0,0,0,0
10786,1,1,2000,0,0,0,0,0,0,0,0,0,0
10787,1,1,2000,35,35,35,35,35,35,35,35,35,35
10787,2,1,2000,0,0,0,0,0,0,0,0,0,0
10787,3,1,2000,0,0,0,0,0,0,0,0,0,0
10787,4,1,2000,0,0,0,0,0,0,0,0,0,0
10787,5,1,2000,0,0,0,0,0,0,0,0,0,0
10788,1,1,2000,0,0,0,0,0,0,0,0,0,0
10789,1,1,2000,12,7,20,24,21,28,20,31,27,25
10790,1,1,2000,5,0,0,0,0,0,0,0,0,0
10790,2,1,2000,0,0,0,0,0,0,0,0,0,0
10791,0,1,2000,20,26,22,36,30,15,19,29,42,19
10792,1,1,2000,19,19,19,19,19,19,19,19,19,19
10793,1,1,2000,0,0,0,0,17,26,0,0,0,29
10793,2,1,2000,0,14,0,0,0,0,0,0,0,0
10794,1,1,2000,16,11,18,27,10,20,12,26,20,20
10794,2,1,2000,18,0,0,7,15,0,18,29,0,0
10794,3,1,2000,0,0,0,0,0,0,0,0,0,0
10795,1,1,2000,0,0,0,0,0,0,17,0,0,0
10795,2,1,2000,0,0,0,0,0,0,0,0,0,0
10796,1,1,2000,0,0,0,0,0,0,0,0,0,3
10797,1,1,2000,21,9,22,0,20,18,2,14,24,3
10798,1,1,2000,0,0,0,0,0,0,0,0,0,0
10798,2,1,2000,0,0,0,0,0,0,0,0,0,0
10799,0,1,2000,28,38,36,21,24,23,30,15,32,25
10799,1,1,2000,11,0,0,23,9,0,7,0,0,10
10800,1,1,2000,0,0,0,0,0,0,0,0,0,0
10800,2,1,2000,20,20,20,20,20,20,20,20,20,20
10801,1,1,2000,0,0,0,0,0,0,0,0,0,0
10801,2,1,2000,0,0,0,0,0,0,0,0,0,0
10802,1,1,2000,0,0,0,0,0,0,0,0,0,0
10802,2,1,2000,0,0,0,0,0,0,0,0,0,0
10803,1,1,2000,14,0,15,0,0,14,0,0,0,0
10803,2,1,2000,0,0,0,0,0,0,0,0,0,0
10804,1,1,2000,0,0,0,0,0,0,0,0,0,0
10805,1,1,2000,26,26,26,26,26,26,26,26,26,26
10805,2,1,2000,0,0,0,0,0,0,0,0,0,0
10806,1,1,2000,0,0,0,0,0,0,0,0,0,0
10806,2,1,2000,0,0,0,0,0,0,0,0,0,0
10807,0,1,2000,12,0,0,0,16,8,10,0,28,9
10807,1,1,2000,23,0,0,31,19,14,22,0,11,29
10808,1,1,2000,33,12,25,26,22,37,24,0,41,31
10809,1,1,2000,14,14,14,14,14,14,14,14,14,14
10810,1,1,2000,0,0,0,0,6,3,0,4,0,0
10811,1,1,2000,0,0,0,0,0,0,0,0,0,0
10811,2,1,2000,0,0,0,0,0,0,0,0,0,0
10812,1,1,2000,0,0,0,0,0,0,0,0,0,6
10812,2,1,2000,0,0,0,0,0,0,0,0,0,0
10813,1,1,2000,23,27,24,30,21,0,0,16,16,11
10813,2,1,2000,29,8,19,20,0,8,0,0,18,0
10814,1,1,2000,0,0,20,0,0,12,11,0,11,0
10814,2,1,2000,0,0,0,13,12,0,25,0,0,0
10815,1,1,2000,24,24,24,24,24,24,24,24,24,24
10816,1,1,2000,0,0,0,0,0,0,0,13,0,0
10816,2,1,2000,0,0,0,0,0,0,0,0,0,0
10817,1,1,2000,0,0,0,0,0,0,0,0,0,0
10817,2,1,2000,0,0,0,0,0,0,0,0,0,0
10818,1,1,2000,0,0,0,20,0,0,0,0,0,24
10818,2,1,2000,0,0,0,0,0,0,0,0,0,0
10819,1,1,2000,20,16,8,19,10,7,23,25,7,7
10819,2,1,2000,0,0,0,0,0,9,0,0,0,0
10820,1,1,2000,0,0,0,0,0,0,0,0,0,0
10820,2,1,2000,0,0,0,0,0,0,0,0,0,0
10821,1,1,2000,22,27,26,19,22,17,0,26,41,15
10822,1,1,2000,25,25,25,25,25,25,25,25,25,25
10822,2,1,2000,0,0,0,0,0,0,0,0,0,0
10823,1,1,2000,0,0,0,0,0,0,0,27,25,10
10824,1,1,2000,13,10,6,16,12,17,10,30,13,12
10825,1,1,2000,0,0,0,0,0,0,0,0,0,0
10825,2,1,2000,0,0,0,0,0,0,0,0,0,0
10826,1,1,2000,0,0,0,0,0,0,0,0,0,0
10827,1,1,2000,0,0,0,0,0,0,0,5,0,0
10828,1,1,2000,0,0,16,0,0,22,26,14,7,11
10829,1,1,2000,0,0,0,0,0,0,0,0,0,0
10829,2,1,2000,0,0,0,0,0,0,0,0,0,0
10829,3,1,2000,0,0,0,0,0,0,0,0,0,0
10830,1,1,2000,30,18,32,39,28,25,21,30,0,22
10831,1,1,2000,3,17,24,6,15,18,0,29,13,14
10831,2,1,2000,0,0,0,0,0,0,0,0,0,0
10831,3,1,2000,0,0,0,0,0,0,0,0,0,0
10832,1,1,2000,0,3,0,0,12,8,0,19,0,10
10833,1,1,2000,0,0,0,0,0,0,0,0,0,0
10833,2,1,2000,0,0,0,0,0,0,0,0,0,0
10834,1,1,2000,0,0,0,0,0,0,0,0,0,0
10834,2,1,2000,0,0,0,0,0,0,0,0,0,0
10835,1,1,2000,23,0,0,10,0,9,34,0,0,0
10835,2,1,2000,0,26,0,0,0,0,0,0,3,0
10836,1,1,2000,0,0,0,0,0,0,0,0,0,0
10836,2,1,2000,0,0,0,0,0,0,0,0,0,0
10837,1,1,2000,25,25,25,25,25,25,25,25,25,25
10838,1,1,2000,0,0,0,0,0,0,0,0,0,0
10838,2,1,2000,0,0,0,0,0,0,0,0,0,0
10839,1,1,2000,0,0,0,0,0,8,0,0,0,0
10839,2,1,2000,0,0,0,0,0,0,0,0,0,0
10840,1,1,2000,0,0,0,0,0,0,0,0,0,0
10841,1,1,2000,0,0,0,0,0,18,0,0,0,0
10842,1,1,2000,23,23,23,23,23,23,23,23,23,23
10843,1,1,2000,0,0,0,0,0,0,0,0,0,0
10843,2,1,2000,0,0,0,0,0,0,0,0,0,0
10844,1,1,2000,0,0,0,0,0,0,0,0,0,0
10845,1,1,2000,25,0,0,39,28,20,21,28,16,34
10846,1,1,2000,24,17,12,0,0,19,0,11,16,17
10847,0,1,2000,20,0,30,0,10,19,22,29,19,0
10847,0,2,2000,26,0,23,42,19,26,26,28,0,24
10847,2,1,2000,15,15,15,15,15,15,15,15,15,15
10848,1,1,2000,0,0,0,3,0,0,0,0,0,0
10849,1,1,2000,0,0,6,35,0,0,0,0,0,16
10849,2,1,2000,0,0,0,0,0,18,0,0,0,0
10850,1,1,2000,0,0,0,0,0,0,0,0,0,0
10851,1,1,2000,21,13,0,0,0,0,0,0,0,0
10852,1,1,2000,0,0,0,0,0,0,0,0,0,0
10852,2,1,2000,0,0,0,0,0,7,0,0,0,0
10853,1,1,2000,17,17,17,17,17,17,17,17,17,17
10853,2,1,2000,0,0,0,0,0,0,0,0,0,0
10854,1,1,2000,16,15,17,26,11,18,5,18,12,20
10854,2,1,2000,25,19,0,0,13,13,0,26,0,19
10855,1,1,2000,0,0,0,0,0,0,0,0,0,0
10855,2,1,2000,14,5,8,20,0,0,27,0,0,0
10856,1,1,2000,13,21,0,16,20,29,8,14,0,18
10856,2,1,2000,0,13,0,0,12,10,0,0,0,0
10857,0,1,2000,0,0,38,28,16,0,0,0,0,24
10857,1,1,2000,0,0,23,0,10,0,0,0,0,0
10858,1,1,2000,17,0,19,17,21,10,13,10,19,10
10858,2,1,2000,0,0,0,0,0,0,0,0,0,0
10859,1,1,2000,14,20,17,0,13,23,0,29,0,0
10860,0,1,2000,14,14,14,14,14,14,14,14,14,14
10860,1,1,2000,0,0,0,0,0,13,0,8,0,0
10861,1,1,2000,21,21,21,21,21,21,21,21,21,21
10862,1,1,2000,0,0,0,11,0,0,0,0,0,0
10862,2,1,2000,14,0,0,0,0,0,0,0,0,0
10863,1,1,2000,0,17,11,0,28,27,26,35,24,0
10864,1,1,2000,0,0,0,0,0,14,0,0,0,0
10864,2,1,2000,0,0,0,13,0,0,0,0,0,0
10865,1,1,2000,0,0,0,0,0,0,0,0,0,0
10865,2,1,2000,0,0,0,0,0,0,0,0,0,0
10865,3,1,2000,0,0,0,0,11,0,0,0,0,9
10865,4,1,2000,0,0,0,0,5,0,0,0,12,0
10866,1,1,2000,21,21,0,21,20,7,17,32,10,12
10867,1,1,2000,11,12,17,10,5,17,0,10,0,13
10868,1,1,2000,0,0,0,12,0,0,0,3,0,21
10869,1,1,2000,10,0,9,0,0,0,0,0,23,0
10870,1,1,2000,0,0,0,0,0,0,0,0,0,0
10870,2,1,2000,0,0,0,0,0,0,0,0,0,0
10871,1,1,2000,0,0,0,0,0,0,0,0,0,0
10871,2,1,2000,0,0,0,0,0,0,0,0,0,0
10871,3,1,2000,0,0,0,0,0,0,0,11,0,0
10872,0,1,2000,0,0,0,0,0,0,0,0,0,0
10872,1,1,2000,0,0,0,0,0,0,0,0,0,0
10873,1,1,2000,0,17,0,0,16,0,0,0,8,0
10873,2,1,2000,0,0,0,0,0,0,0,0,0,0
10874,1,1,2000,0,0,0,0,0,0,0,0,0,0
10875,1,1,2000,11,11,11,11,11,11,11,11,11,11
10876,1,1,2000,0,0,0,13,0,0,0,0,0,0
10878,1,1,2000,23,23,23,23,23,23,23,23,23,23
10879,1,1,2000,0,0,0,0,0,0,0,0,0,0
10879,2,1,2000,11,11,11,11,11,11,11,11,11,11
10880,1,1,2000,10,25,17,7,27,0,23,15,17,25
10881,1,1,2000,0,0,0,0,0,0,0,0,0,0
10881,2,1,2000,0,0,0,0,0,0,0,0,0,0
10882,1,1,2000,0,0,0,0,0,0,13,0,0,0
10883,0,1,2000,0,0,0,0,0,0,0,0,0,0
10883,0,2,2000,0,0,0,0,0,0,0,0,0,0
10883,1,1,2000,0,0,0,0,0,0,0,0,0,0
10884,0,1,2000,23,0,22,8,28,31,28,18,13,26
10884,1,1,2000,0,0,0,0,0,0,0,0,0,0
10885,1,1,2000,0,0,0,0,0,0,0,0,0,0
10885,2,1,2000,0,0,0,0,0,0,0,0,0,0
10887,1,1,2000,0,0,0,0,0,0,0,0,0,0
10887,2,1,2000,0,0,0,0,0,0,0,0,0,0
10888,1,1,2000,10,17,17,30,9,18,10,6,5,19
10889,1,1,2000,20,9,12,18,15,10,16,27,12,16
10889,2,1,2000,0,0,0,0,0,0,0,0,0,0
10890,0,1,2000,0,0,0,0,0,0,0,0,0,0
10890,1,1,2000,0,0,0,0,0,0,0,0,0,0
10891,1,1,2000,0,0,0,0,0,0,0,0,0,0
10891,2,1,2000,0,0,0,0,0,0,0,0,0,0
10892,1,1,2000,23,23,23,23,23,23,23,23,23,23
10893,1,1,2000,7,16,22,19,13,11,35,2,10,23
10893,2,1,2000,0,0,13,0,0,0,0,10,12,0
10894,1,1,2000,0,0,35,21,0,17,6,0,0,21
10894,2,1,2000,0,0,0,0,0,0,0,0,0,0
10894,3,1,2000,0,0,0,0,0,0,0,0,0,0
10895,1,1,2000,0,0,0,21,0,0,0,0,0,0
10895,2,1,2000,0,0,0,0,0,0,0,0,0,0
10895,3,1,2000,0,0,0,0,0,0,0,0,0,0
10895,4,1,2000,0,0,0,0,0,0,0,0,0,0
10896,1,1,2000,0,0,0,0,0,0,0,0,0,0
10896,2,1,2000,12,12,18,14,19,25,23,7,15,20
10897,0,1,2000,18,21,33,13,19,25,12,7,22,26
10897,1,1,2000,0,0,0,0,0,0,0,0,0,0
10898,1,1,2000,0,0,14,0,0,0,0,11,0,0
10898,2,1,2000,0,0,0,18,0,0,0,0,0,0
10899,0,1,2000,0,0,0,0,0,0,0,0,0,0