ST_CASE,VEH_NO,PER_NO,YEAR,P1,P2,P3,P4,P5,P6,P7,P8,P9,P10
40178,0,1,2000,0,0,0,0,0,0,0,0,0,0
40178,1,1,2000,0,0,0,0,0,0,0,0,0,0
40179,1,1,2000,0,0,0,0,0,0,0,0,0,0
40179,2,1,2000,0,0,0,0,0,0,0,0,0,0
40180,1,1,2000,0,0,0,0,0,0,0,0,0,0
40181,1,1,2000,0,0,0,0,0,0,0,0,0,0
40181,2,1,2000,0,0,0,0,0,0,0,0,0,0
40182,0,2,2000,0,0,0,0,0,0,0,0,0,0
40182,1,1,2000,15,24,12,4,12,5,25,24,0,15
40183,1,1,2000,27,27,27,27,27,27,27,27,27,27
40183,2,1,2000,0,0,0,0,0,0,0,0,0,0
40184,1,1,2000,16,16,16,16,16,16,16,16,16,16
40185,1,1,2000,26,26,26,26,26,26,26,26,26,26
40185,2,1,2000,0,0,0,0,0,0,0,0,0,0
40186,1,1,2000,4,0,0,0,0,0,0,0,0,0
40186,2,1,2000,0,0,0,0,0,0,0,0,0,0
40186,3,1,2000,0,26,0,27,0,0,19,0,0,13
40187,1,1,2000,20,20,20,20,20,20,20,20,20,20
40188,1,1,2000,22,6,19,9,26,14,13,21,4,15
40188,2,1,2000,0,0,0,0,0,0,0,0,0,0
40189,1,1,2000,14,14,14,14,14,14,14,14,14,14
40189,2,1,2000,0,12,13,32,14,0,0,0,21,25
40190,0,1,2000,0,0,0,0,0,0,0,0,0,0
40190,1,1,2000,0,0,0,7,0,0,0,0,0,0
40191,1,1,2000,0,0,19,17,17,11,17,17,0,25
40192,1,1,2000,0,0,0,0,0,0,0,0,0,0
40192,2,1,2000,0,0,0,0,0,0,0,0,0,0
40193,1,1,2000,0,0,0,0,0,0,0,0,0,0
40193,2,1,2000,0,0,0,0,0,0,0,0,0,0
40193,3,1,2000,0,0,0,0,0,0,0,0,0,0
40194,0,1,2000,0,0,0,0,0,0,0,0,0,0
40194,0,2,2000,0,0,0,0,0,0,0,0,0,0
40194,1,1,2000,0,0,0,0,0,0,0,0,0,0
40194,2,1,2000,0,0,0,0,0,0,0,0,0,0
40195,1,1,2000,0,0,0,0,0,0,0,0,0,0
40196,0,1,2000,0,0,0,0,0,0,0,0,0,0
40196,1,1,2000,0,0,0,0,0,0,0,0,0,0
40197,1,1,2000,0,0,0,0,0,0,0,0,0,0
40197,2,1,2000,0,0,0,0,0,0,0,0,0,0
40198,1,1,2000,13,13,13,13,13,13,13,13,13,13
40199,0,1,2000,16,0,26,16,21,16,47,15,40,21
40199,1,1,2000,3,0,0,0,0,0,0,0,0,0
40200,1,1,2000,17,13,12,21,19,17,12,27,4,0
40200,2,1,2000,3,14,0,17,31,7,8,10,12,13
40201,1,1,2000,6,6,6,6,6,6,6,6,6,6
40202,1,1,2000,0,0,0,0,0,0,0,11,0,0
40203,1,1,2000,11,11,11,11,11,11,11,11,11,11
40203,2,1,2000,0,0,0,0,0,0,0,0,0,0
40204,1,1,2000,16,11,20,11,15,0,13,0,6,24
40205,1,1,2000,10,8,6,10,11,0,15,16,11,14
40206,0,1,2000,0,0,0,0,0,0,0,0,0,0
40206,1,1,2000,4,4,4,4,4,4,4,4,4,4
40207,0,1,2000,0,0,0,0,0,0,0,0,0,0
40207,1,1,2000,0,0,0,0,0,0,0,0,0,0
40208,0,1,2000,0,0,0,0,0,0,0,0,0,0
40208,1,1,2000,0,0,0,0,0,0,0,0,0,0
40208,2,1,2000,0,0,0,0,0,0,0,0,0,0
40209,0,1,2000,0,0,0,0,0,0,0,0,0,0
40209,1,1,2000,0,0,0,0,0,0,0,0,0,0
40210,1,1,2000,25,25,25,25,25,25,25,25,25,25
40210,2,1,2000,0,0,0,0,0,0,0,0,0,0
40211,1,1,2000,0,0,0,0,0,0,0,0,0,0
40211,2,1,2000,30,0,0,0,0,0,0,0,18,0
40212,1,1,2000,0,0,0,0,0,0,0,0,0,0
40212,2,1,2000,0,0,0,0,0,0,0,0,0,0
40213,1,1,2000,11,20,12,18,18,20,0,10,16,27
40213,2,1,2000,6,9,0,0,0,0,0,0,0,0
40213,3,1,2000,0,0,0,0,0,0,0,0,0,0
40214,1,1,2000,0,0,11,0,0,0,0,0,0,0
40214,2,1,2000,0,0,0,0,0,0,0,0,0,0
40215,1,1,2000,0,16,0,0,0,0,0,0,0,0
40216,1,6,2000,21,15,31,0,13,4,15,0,16,0
40217,1,1,2000,0,0,0,0,0,0,0,0,0,0
40217,2,1,2000,0,0,0,0,0,0,0,0,0,0
40218,1,1,2000,0,0,0,0,0,0,0,0,0,0
40218,2,1,2000,0,0,0,0,7,0,0,0,0,0
40218,3,1,2000,0,0,0,0,0,0,0,0,26,0
40218,4,1,2000,0,0,0,0,0,0,0,0,0,0
40219,1,1,2000,0,0,0,0,0,0,0,0,0,0
40219,2,1,2000,10,10,10,10,10,10,10,10,10,10
40220,1,1,2000,15,8,7,5,17,0,17,24,25,11
40221,0,1,2000,0,0,0,0,0,0,0,0,0,0
40221,1,1,2000,20,31,18,18,21,16,9,14,14,23
40222,1,1,2000,0,0,0,0,0,0,0,0,0,0
40222,2,1,2000,0,0,0,0,0,0,0,0,0,0
40223,1,1,2000,0,0,0,0,0,0,0,0,0,0
40223,2,1,2000,0,0,0,0,0,0,0,0,0,0
40224,1,1,2000,0,0,22,0,0,0,0,7,0,0
40225,1,1,2000,0,0,0,0,0,0,0,0,0,0
40225,2,1,2000,0,0,0,0,0,0,0,0,0,0
40226,0,1,2000,23,23,23,23,23,23,23,23,23,23
40226,1,1,2000,0,0,0,0,0,0,0,0,0,0
40227,1,1,2000,16,0,0,0,0,0,0,0,0,0
40228,1,1,2000,0,0,0,0,0,0,0,0,0,0
40228,2,1,2000,0,0,0,0,0,0,0,0,0,0
40229,1,1,2000,0,0,0,0,0,0,0,0,8,0
40230,1,1,2000,0,0,0,0,0,17,20,0,0,0
40231,1,1,2000,23,8,15,28,20,23,23,12,0,0
40232,1,1,2000,29,29,29,29,29,29,29,29,29,29
40233,0,1,2000,0,0,0,0,0,0,0,0,0,0
40233,1,1,2000,0,0,0,0,0,0,0,0,0,0
40234,1,1,2000,13,13,13,13,13,13,13,13,13,13
40235,1,1,2000,0,0,0,0,0,0,0,0,0,0
40235,2,1,2000,0,0,0,0,0,0,0,0,0,0
40236,0,1,2000,7,14,4,20,14,14,33,14,12,0
40236,1,1,2000,0,0,0,0,0,0,11,0,0,0
40237,0,1,2000,0,0,0,0,0,0,0,0,0,0
40237,1,1,2000,0,0,0,0,0,0,0,0,0,0
40238,1,1,2000,17,0,7,8,22,17,12,4,6,23
40238,2,1,2000,0,0,0,0,0,0,0,0,0,0
40238,3,1,2000,0,0,0,0,0,0,8,0,0,0
40238,4,1,2000,0,8,0,0,0,0,0,0,0,0
40239,1,1,2000,7,0,0,0,0,0,0,0,10,22
40240,1,1,2000,0,0,0,0,21,0,0,0,0,0
40240,2,1,2000,0,0,0,0,0,0,0,0,0,0
40241,1,1,2000,0,0,0,0,0,0,0,0,0,0
40241,2,1,2000,0,0,0,0,0,0,0,0,0,0
40241,3,1,2000,0,0,0,0,0,0,0,0,0,0
40242,1,1,2000,0,0,0,0,0,0,0,0,0,0
40242,2,1,2000,0,0,0,0,0,0,0,0,0,0
40243,0,1,2000,6,19,16,17,0,0,0,10,0,10
40243,1,1,2000,0,0,0,17,31,15,20,0,0,16
40244,1,1,2000,0,0,0,0,0,15,0,0,0,0
40244,2,1,2000,0,0,0,0,0,0,0,0,0,0
40245,1,1,2000,11,11,11,11,11,11,11,11,11,11
40246,1,1,2000,0,0,0,0,0,0,0,0,0,0
40247,1,1,2000,0,0,0,0,0,0,0,0,0,0
40247,2,1,2000,0,0,0,0,0,0,0,0,0,0
40247,3,1,2000,0,0,0,0,0,0,0,0,0,0
40248,1,1,2000,0,0,0,0,0,0,0,0,0,12
40248,2,1,2000,0,0,0,0,0,0,0,0,0,0
40249,1,1,2000,17,17,17,17,17,17,17,17,17,17
40249,2,1,2000,0,0,0,0,0,0,0,0,0,0
40249,3,1,2000,0,0,0,0,0,0,0,0,0,0
40250,1,1,2000,15,14,0,18,0,0,0,0,0,13
40251,1,1,2000,14,19,26,24,30,22,25,17,24,23
40252,1,1,2000,19,28,14,23,10,25,12,5,8,19
40252,2,1,2000,20,0,0,0,0,0,0,0,20,0
40253,1,1,2000,0,0,0,0,0,0,0,0,0,0
40254,1,1,2000,0,0,0,0,0,0,0,0,0,0
40255,1,1,2000,0,0,23,0,0,0,21,0,13,16
40255,2,1,2000,0,0,0,0,0,0,0,0,0,0
40255,3,1,2000,0,0,0,0,0,0,0,0,0,0
40256,1,1,2000,16,15,25,0,17,0,0,0,0,18
40256,2,1,2000,8,17,23,19,20,12,34,16,8,13
40257,1,1,2000,16,10,6,15,13,0,0,12,14,15
40258,0,1,2000,27,27,27,27,27,27,27,27,27,27
40258,1,1,2000,0,0,0,0,0,0,0,0,0,0
40259,0,1,2000,27,23,0,33,19,14,10,51,20,16
40259,1,1,2000,0,0,0,0,0,0,0,0,0,0
40260,1,1,2000,0,12,16,31,8,12,0,0,11,22
40260,2,1,2000,0,0,0,0,0,0,0,0,0,0
40261,1,1,2000,0,0,0,0,0,0,0,0,0,0
40262,1,1,2000,11,29,26,24,24,12,10,17,26,9
40263,0,1,2000,0,0,0,0,0,0,0,0,0,0
40263,1,1,2000,0,0,0,0,0,0,0,0,0,0
40264,1,1,2000,0,0,0,0,0,0,0,0,0,0
40264,2,1,2000,0,0,0,0,0,0,0,0,0,0
40265,1,1,2000,0,0,0,0,0,0,0,0,0,0
40265,2,1,2000,0,0,0,0,0,0,0,0,0,0
40266,1,1,2000,0,0,0,0,0,0,0,0,7,0
40266,2,1,2000,0,0,0,0,0,0,0,0,0,0
40267,1,1,2000,8,7,17,17,23,16,0,22,14,20
40267,2,1,2000,0,0,11,0,14,0,0,0,0,0
40267,3,1,2000,0,0,0,0,0,0,4,0,0,0
40267,4,1,2000,0,20,0,0,4,0,0,0,0,0
40267,5,1,2000,6,0,0,0,0,13,0,0,0,0
40268,1,1,2000,0,0,16,0,0,0,0,0,0,6
40268,2,1,2000,0,0,0,0,0,0,0,0,0,0
40269,0,1,2000,0,0,0,0,0,0,0,0,0,0
40269,1,1,2000,0,0,0,0,0,0,0,0,0,0
40270,1,1,2000,16,32,26,22,29,11,8,15,15,21
40270,2,1,2000,0,0,0,0,0,0,0,0,0,0
40270,3,1,2000,0,0,0,0,0,0,0,0,0,0
40270,4,1,2000,0,0,0,0,0,0,0,0,0,0
40271,1,1,2000,24,24,24,24,24,24,24,24,24,24
40271,2,1,2000,7,0,0,0,0,0,0,0,0,0
40272,1,1,2000,0,0,0,0,0,0,0,0,0,0
40272,2,1,2000,0,0,0,0,0,0,0,0,0,0
40273,1,1,2000,0,0,0,0,0,0,0,0,0,0
40274,1,1,2000,33,33,33,33,33,33,33,33,33,33
40274,2,1,2000,0,0,0,0,0,0,0,0,0,0
40275,1,1,2000,10,22,18,16,25,26,27,16,18,33
40276,1,1,2000,0,15,51,20,7,15,14,15,19,21
40276,2,1,2000,14,14,14,14,14,14,14,14,14,14
40276,3,1,2000,0,29,0,0,0,0,0,18,0,0
40277,1,1,2000,0,0,0,0,0,0,0,0,0,0
40278,1,1,2000,0,0,0,0,0,0,0,0,0,0
40278,2,1,2000,0,0,0,0,0,0,0,0,0,0
40279,1,1,2000,0,43,0,0,0,0,0,0,21,0
40280,1,1,2000,18,18,18,18,18,18,18,18,18,18
40280,2,1,2000,0,0,0,0,0,0,0,0,0,0
40281,1,1,2000,0,0,0,0,0,0,0,0,15,0
40282,0,1,2000,0,0,0,0,0,0,0,0,0,0
40282,1,1,2000,29,0,0,0,0,0,0,0,0,0
40283,1,1,2000,21,0,0,7,0,0,0,0,0,6
40283,2,1,2000,3,0,0,0,0,0,0,0,0,0
40284,1,1,2000,0,0,0,0,0,0,0,0,0,0
40284,2,1,2000,0,0,0,0,0,0,0,0,0,0
40285,0,1,2000,0,0,10,0,0,0,0,0,0,0
40285,1,1,2000,0,0,0,0,0,0,0,0,0,0
40286,0,1,2000,8,8,8,8,8,8,8,8,8,8
40286,1,1,2000,0,0,0,0,0,0,10,0,0,0
40287,1,1,2000,7,7,7,7,7,7,7,7,7,7
40288,1,1,2000,0,0,0,0,0,0,0,0,0,0
40289,1,1,2000,0,0,0,0,0,0,0,0,0,0
40289,2,1,2000,0,0,0,0,0,0,0,25,0,0
40290,1,1,2000,12,12,12,12,12,12,12,12,12,12
40290,2,1,2000,12,0,17,12,8,17,0,18,18,24
40291,1,1,2000,0,0,0,0,8,0,0,0,0,0
40292,1,1,2000,0,0,11,0,0,0,0,0,0,0
40293,1,1,2000,0,16,0,0,21,20,0,20,16,24
40293,2,1,2000,0,0,0,0,0,0,0,0,0,0
40294,0,1,2000,0,0,0,0,0,0,0,0,0,0
40294,1,1,2000,7,13,0,18,15,0,0,0,0,0
40295,1,1,2000,0,0,0,0,0,0,0,0,0,0
40295,2,1,2000,0,0,0,0,0,0,0,0,0,0
40296,1,1,2000,17,17,17,17,17,17,17,17,17,17
40296,2,1,2000,18,6,20,0,21,7,16,4,16,22
40297,0,1,2000,0,0,0,0,22,4,12,1,18,8
40297,1,1,2000,0,0,0,0,0,0,0,0,0,0
40298,1,1,2000,0,0,0,0,0,0,0,0,0,0
40298,2,1,2000,0,0,0,0,0,0,0,0,0,0
40299,1,1,2000,0,0,0,0,0,0,0,0,0,0
40299,2,1,2000,0,0,0,0,0,0,0,0,0,0
40300,1,1,2000,7,19,27,25,8,35,17,37,22,23
40300,2,1,2000,0,0,0,0,0,0,0,0,0,0
40301,1,1,2000,3,3,3,3,3,3,3,3,3,3
40302,1,1,2000,0,0,0,0,0,0,0,0,0,0
40303,1,1,2000,0,0,0,0,0,0,0,0,0,0
40303,2,1,2000,0,0,0,0,0,0,0,0,0,0
40304,1,1,2000,32,32,32,32,32,32,32,32,32,32
40305,1,1,2000,9,0,0,6,0,0,0,0,15,0
40306,0,1,2000,0,0,0,0,0,0,0,0,0,0
40306,1,1,2000,0,0,0,0,0,0,9,0,0,0
40307,1,1,2000,9,20,0,0,0,0,0,0,3,12
40308,1,1,2000,0,0,0,0,0,0,0,0,0,0
40308,2,1,2000,0,0,0,0,0,0,8,0,0,8
40308,3,1,2000,0,0,0,0,0,0,0,0,0,0
40308,4,1,2000,15,0,0,0,0,0,0,0,0,0
40308,5,1,2000,0,0,0,20,0,0,0,0,0,0
40309,1,1,2000,0,0,0,0,0,0,0,10,0,0
40310,0,1,2000,0,0,0,0,0,0,0,0,0,0
40310,1,1,2000,31,10,28,13,9,0,0,17,12,0
40311,1,1,2000,21,24,10,32,16,21,19,25,6,9
40311,2,1,2000,0,0,0,0,0,0,0,0,0,0
40312,1,1,2000,4,0,0,0,0,0,0,0,0,0
40313,1,1,2000,13,0,0,0,0,0,0,0,0,0
40314,1,1,2000,0,0,0,0,0,0,0,0,0,0
40314,2,1,2000,0,0,0,0,0,0,0,0,0,0
40315,0,1,2000,7,7,7,7,7,7,7,7,7,7
40315,1,1,2000,0,0,0,0,0,0,0,0,0,0
40316,1,1,2000,0,0,0,0,0,0,0,0,0,0
40316,2,1,2000,0,0,0,0,0,0,0,0,0,0
40317,1,1,2000,0,0,0,0,0,0,0,0,0,0
40317,2,1,2000,0,0,0,0,0,0,0,0,0,0
40317,3,1,2000,0,0,0,0,0,0,0,0,0,0
40318,0,1,2000,0,0,0,0,0,0,0,0,0,0
40318,1,1,2000,0,0,0,0,0,0,0,0,0,0
40319,0,1,2000,0,0,0,0,0,0,0,0,0,0
40319,1,1,2000,0,0,0,0,0,0,0,0,0,0
40320,1,1,2000,0,0,0,0,0,0,0,0,0,0
40320,2,1,2000,0,0,0,0,0,0,0,0,0,0
40321,1,1,2000,0,0,0,0,0,0,0,0,0,0
40321,2,1,2000,0,0,0,0,0,0,0,0,0,0
40322,1,1,2000,28,15,14,46,5,23,21,30,5,12
40323,1,1,2000,0,0,0,0,0,15,0,0,13,0
40324,1,1,2000,0,0,12,0,10,0,0,0,0,0
40324,2,1,2000,13,0,0,0,0,0,0,0,0,0
40325,1,1,2000,0,0,0,0,0,0,0,0,0,0
40325,2,1,2000,0,0,0,0,0,0,0,0,0,0
40326,0,1,2000,15,15,15,15,15,15,15,15,15,15
40326,1,1,2000,0,0,0,0,0,0,0,0,0,0
40327,1,1,2000,0,20,0,0,0,0,0,0,0,0
40327,2,1,2000,0,0,0,0,0,0,0,0,0,0
40327,3,1,2000,0,0,0,0,0,0,0,0,0,0
40328,1,1,2000,13,0,0,0,0,0,0,0,0,0
40329,1,1,2000,0,0,0,0,0,0,0,0,0,0
40329,2,1,2000,0,0,0,0,0,0,0,0,10,0
40329,3,1,2000,0,0,0,0,0,0,0,0,0,0
40329,4,1,2000,19,0,3,0,3,0,11,5,0,0
40329,5,1,2000,0,0,0,0,0,16,0,0,0,0
40329,6,1,2000,0,0,0,0,0,0,0,0,0,0
40330,1,1,2000,0,0,0,0,0,0,0,0,0,0
40330,2,1,2000,0,0,0,0,0,0,0,0,0,0
40331,1,1,2000,0,0,0,0,17,25,0,0,0,0
40332,1,1,2000,0,0,0,0,0,0,0,0,0,0
40332,2,1,2000,0,0,0,0,0,0,0,0,0,0
40333,1,1,2000,0,0,0,0,0,0,0,0,0,0
40334,1,1,2000,0,0,0,0,0,0,0,0,0,0
40335,1,1,2000,0,0,0,0,0,0,0,0,0,0
40335,2,1,2000,0,0,0,0,0,0,0,0,0,0
40336,1,1,2000,0,0,0,0,0,0,0,0,0,0
40337,1,1,2000,0,0,0,0,0,0,0,0,0,0
40338,1,1,2000,0,0,0,0,0,0,0,0,0,0
40339,1,1,2000,11,11,11,11,11,11,11,11,11,11
40340,1,1,2000,8,0,0,0,0,0,0,0,0,0
40340,2,1,2000,0,0,0,0,0,0,0,0,0,0
40341,1,1,2000,0,0,0,0,0,4,0,0,0,0
40341,2,1,2000,0,0,0,0,0,0,0,0,0,0
40342,0,1,2000,0,0,0,0,0,0,0,0,0,0
40342,1,1,2000,0,0,0,0,0,0,19,0,15,0
40343,1,1,2000,20,20,20,20,20,20,20,20,20,20
40343,2,1,2000,0,8,0,0,13,7,5,0,0,0
40343,3,1,2000,0,0,4,23,11,0,0,25,0,8
40344,1,1,2000,0,0,0,0,0,0,0,0,0,0
40345,0,1,2000,12,12,12,12,12,12,12,12,12,12
40345,1,1,2000,0,0,0,0,0,0,0,0,0,0
40346,1,1,2000,0,0,0,0,0,0,0,0,0,0
40346,2,1,2000,0,0,0,0,13,0,15,0,0,0
40347,1,1,2000,28,28,28,28,28,28,28,28,28,28
40347,2,1,2000,0,0,0,0,0,0,0,0,0,0
40348,1,1,2000,0,0,0,17,0,0,0,0,0,0
40349,0,1,2000,40,40,40,40,40,40,40,40,40,40
40349,1,1,2000,0,0,0,32,0,0,15,0,0,0
40350,0,1,2000,20,0,22,18,22,18,32,0,10,25
40350,1,1,2000,0,0,0,0,0,0,0,0,0,0
40351,1,1,2000,15,0,27,24,3,15,15,24,21,33
40352,1,1,2000,0,0,0,25,0,8,23,0,0,18
40352,2,1,2000,10,18,17,28,17,26,18,16,37,9
40353,1,1,2000,9,8,15,0,15,18,18,0,26,4
40353,2,1,2000,10,19,0,0,0,5,0,0,0,0
40353,3,1,2000,0,0,0,0,0,6,0,0,0,0
40354,1,1,2000,12,12,12,12,12,12,12,12,12,12
40354,2,1,2000,0,0,0,0,0,0,0,0,0,0
40355,1,1,2000,15,14,14,10,21,25,30,39,28,12
40355,2,1,2000,12,0,0,0,15,17,0,0,11,0
40356,1,1,2000,0,0,0,0,0,0,0,0,0,0
40356,2,1,2000,0,0,0,0,0,0,15,0,0,0
40357,1,1,2000,0,0,0,0,0,0,0,0,0,0
40357,2,1,2000,0,0,0,0,0,0,0,0,0,0
40357,3,1,2000,0,0,0,0,0,0,0,0,0,0
40357,4,1,2000,0,0,0,0,0,0,0,0,0,0
40358,1,1,2000,8,27,14,7,14,7,16,8,16,20
40358,2,1,2000,0,0,0,0,0,0,0,0,0,0
40359,1,1,2000,0,0,0,0,0,0,0,0,0,16
40359,2,1,2000,0,0,0,0,0,0,0,0,0,0
40360,0,1,2000,0,0,0,0,0,0,0,0,0,0
40360,1,1,2000,0,13,0,0,19,7,22,8,2,14
40361,1,1,2000,0,0,0,0,0,0,0,0,0,0
40361,2,1,2000,0,0,0,0,0,0,0,0,0,0
40361,3,1,2000,0,0,0,0,0,0,0,0,8,0
40362,1,1,2000,22,22,22,22,22,22,22,22,22,22
40362,2,1,2000,0,0,0,0,21,0,0,0,0,0
40363,1,1,2000,1,1,1,1,1,1,1,1,1,1
40364,0,1,2000,6,6,6,6,6,6,6,6,6,6
40364,1,1,2000,23,14,14,27,13,19,20,14,21,10
40365,1,1,2000,16,16,10,6,12,9,0,9,9,14
40365,2,1,2000,0,0,0,0,0,0,0,0,0,0
40366,1,1,2000,19,28,17,43,18,21,16,0,29,17
40367,1,1,2000,6,6,6,6,6,6,6,6,6,6
40367,2,1,2000,29,22,13,15,0,23,6,14,5,17
40368,1,1,2000,0,0,0,0,0,0,29,0,0,0
40368,2,1,2000,0,0,0,0,0,0,0,0,0,0
40369,1,1,2000,16,16,16,16,16,16,16,16,16,16
40370,1,1,2000,14,0,0,28,0,13,9,0,4,0
40371,1,1,2000,15,11,20,17,0,36,27,19,12,7
40372,1,1,2000,0,0,16,0,14,22,13,21,0,0
40373,1,1,2000,0,0,0,0,0,0,0,0,0,0
40373,2,1,2000,0,0,0,0,0,0,0,0,0,0
40374,1,1,2000,20,14,44,10,8,0,22,21,7,30
40375,0,1,2000,0,0,0,0,0,0,0,0,0,0
40375,1,1,2000,0,0,0,0,0,0,0,9,0,0
40376,1,1,2000,0,0,0,0,0,0,0,0,0,0
40377,1,1,2000,0,0,0,0,0,0,0,0,0,0
40377,2,1,2000,0,0,0,0,0,0,0,0,0,0
40377,3,1,2000,0,0,0,0,0,0,0,0,0,0
40378,1,1,2000,23,12,13,10,4,12,4,4,17,7
40379,1,1,2000,8,8,8,8,8,8,8,8,8,8
40379,2,1,2000,0,0,0,0,0,0,0,0,0,0
40380,1,1,2000,0,0,0,0,0,0,0,0,0,0
40381,1,1,2000,0,0,0,0,0,2,0,0,0,0
40382,1,1,2000,0,0,0,0,0,0,0,0,0,0
40383,1,1,2000,6,7,0,0,0,0,0,0,0,0
40384,0,1,2000,0,0,0,0,0,0,0,0,0,0
40384,1,1,2000,0,0,0,0,0,0,0,0,0,0
40385,1,1,2000,0,0,0,0,0,0,0,0,0,0
40386,1,1,2000,0,7,19,0,16,10,19,0,18,20
40387,1,1,2000,0,0,0,0,16,0,0,0,0,17
40388,1,1,2000,0,0,0,0,0,0,0,0,0,0
40389,0,1,2000,0,0,0,0,0,0,0,0,0,0
40389,1,1,2000,0,0,0,0,0,0,0,0,0,0
40390,1,1,2000,0,0,0,15,0,0,0,0,0,0
40390,2,1,2000,0,0,0,0,0,0,0,0,0,0
40391,1,1,2000,0,0,0,0,0,0,0,0,0,0
40391,2,1,2000,0,0,0,0,0,0,0,0,0,0
40392,1,1,2000,0,0,0,0,0,0,0,0,0,0
40393,1,1,2000,0,0,0,0,0,0,0,0,0,0
40393,2,1,2000,0,0,16,0,0,0,25,15,0,0
40393,3,1,2000,0,0,0,0,0,0,0,0,0,0
40393,4,1,2000,0,0,0,0,0,0,0,0,0,0
40394,1,1,2000,12,12,12,12,12,12,12,12,12,12
40395,1,1,2000,0,0,0,0,0,0,0,0,0,0
40395,2,1,2000,0,0,0,0,0,0,0,0,0,0
40396,1,1,2000,0,0,0,0,0,0,0,0,0,0
40397,1,1,2000,3,3,3,3,3,3,3,3,3,3
40398,1,1,2000,0,0,0,0,0,0,0,0,0,0
40399,1,1,2000,0,17,0,13,13,19,30,8,8,31
40400,1,1,2000,0,0,0,0,0,0,0,0,10,15
40401,1,1,2000,0,0,0,0,0,0,0,0,0,17
40402,1,1,2000,16,16,16,16,16,16,16,16,16,16
40402,2,1,2000,0,0,0,0,0,0,0,0,0,0
40403,1,1,2000,1,1,1,1,1,1,1,1,1,1
40404,1,1,2000,0,0,0,0,0,0,0,0,0,0
40404,2,1,2000,0,0,17,0,0,0,0,0,0,0
40404,3,1,2000,0,0,0,0,10,0,0,0,0,0
40404,4,1,2000,0,0,0,0,0,0,0,0,0,0
40404,5,1,2000,0,0,0,0,0,0,0,0,0,0
40405,1,1,2000,0,0,0,0,0,0,0,0,0,0
40405,2,1,2000,12,14,0,0,15,0,0,0,0,0
40406,1,1,2000,0,0,0,0,0,0,0,0,0,0
40406,2,1,2000,0,0,0,0,0,0,0,0,0,0
40407,1,1,2000,0,0,0,0,0,0,9,0,0,0
40407,2,1,2000,0,0,0,0,0,0,0,0,0,0
40408,1,1,2000,0,0,0,0,29,0,28,27,0,0
40409,1,1,2000,0,0,0,0,0,0,0,0,0,0
40409,2,1,2000,0,0,0,0,0,0,0,0,0,0
40410,1,1,2000,0,0,0,0,0,0,0,0,0,0
40410,2,1,2000,8,0,0,0,0,0,0,0,10,0
40410,3,1,2000,0,0,0,0,0,0,0,0,0,0
40411,0,1,2000,15,15,15,15,15,15,15,15,15,15
40411,1,1,2000,0,0,0,0,10,10,6,0,0,0
40412,1,1,2000,0,0,0,0,0,0,0,0,0,0
40413,1,1,2000,0,7,26,0,18,28,0,0,12,19
40414,1,1,2000,0,0,0,0,0,7,0,0,0,10
40414,2,1,2000,0,0,0,0,0,0,0,0,0,0
40415,1,1,2000,12,2,19,23,15,19,23,9,12,13
40415,2,1,2000,0,0,0,0,0,0,0,0,0,0
40415,3,1,2000,0,0,0,0,8,0,0,0,0,0
40416,0,1,2000,28,28,28,28,28,28,28,28,28,28
40416,1,1,2000,0,0,0,0,0,0,0,0,0,0
40417,1,1,2000,0,12,0,13,16,22,14,0,18,13
40418,1,1,2000,24,24,24,24,24,24,24,24,24,24
40419,1,1,2000,0,0,0,0,0,0,0,0,0,0
40420,0,1,2000,9,9,9,9,9,9,9,9,9,9
40420,1,1,2000,0,0,0,0,0,0,0,0,0,0
40421,1,1,2000,25,25,25,25,25,25,25,25,25,25
40422,0,1,2000,30,19,10,30,16,13,18,12,42,20
40422,1,1,2000,0,0,7,0,0,0,0,0,0,0
40423,1,1,2000,19,19,19,19,19,19,19,19,19,19
40424,1,1,2000,24,24,24,24,24,24,24,24,24,24
40425,1,1,2000,0,0,0,0,0,0,0,0,0,0
40426,1,1,2000,0,0,0,0,0,0,0,0,0,0
40426,2,1,2000,0,0,0,0,0,0,0,0,0,0
40427,1,1,2000,0,0,0,0,0,0,0,0,0,0
40427,2,1,2000,0,0,0,0,0,0,0,0,0,0
40428,1,1,2000,0,0,0,0,0,0,0,0,0,0
40429,1,1,2000,0,0,0,0,14,0,0,0,0,0
40429,2,1,2000,19,0,0,0,0,0,0,0,0,0
40430,1,1,2000,0,0,0,0,0,0,0,0,0,0
40430,2,1,2000,0,0,0,0,0,0,0,0,0,0
40431,1,1,2000,0,0,0,0,0,0,0,0,0,0
40431,2,1,2000,0,0,0,0,0,0,0,0,0,0
40432,1,1,2000,0,0,0,0,0,0,0,0,0,0
40433,1,1,2000,10,10,10,10,10,10,10,10,10,10
40433,2,1,2000,11,11,11,11,11,11,11,11,11,11
40434,1,1,2000,5,0,0,13,9,15,12,41,13,0
40434,2,1,2000,0,0,0,0,0,0,0,0,0,0
40435,1,1,2000,0,0,0,0,0,0,0,0,0,0
40436,1,1,2000,0,0,0,0,0,0,0,0,0,0
40436,2,1,2000,10,4,0,0,0,0,0,0,39,0
40437,0,1,2000,0,0,0,0,0,0,0,0,0,0
40437,1,1,2000,0,0,0,0,0,0,0,0,0,0
40438,1,1,2000,17,13,22,8,21,14,13,21,17,15
40439,1,1,2000,0,0,0,0,0,0,0,0,0,0
40439,2,1,2000,0,0,0,0,0,0,0,0,0,0
40440,1,1,2000,0,0,0,0,0,0,0,0,0,0
40440,2,1,2000,0,0,0,0,0,0,0,0,0,0
40441,1,1,2000,9,9,9,9,9,9,9,9,9,9
40442,1,1,2000,0,19,0,0,8,0,0,25,15,0
40442,2,1,2000,0,0,0,0,0,0,0,0,0,0
40443,1,1,2000,0,0,0,0,0,0,0,0,0,0
40444,1,1,2000,0,0,0,0,0,13,0,0,0,0
40445,1,1,2000,25,25,25,25,25,25,25,25,25,25