ST_CASE,VEH_NO,PER_NO,YEAR,P1,P2,P3,P4,P5,P6,P7,P8,P9,P10
40446,1,1,2000,0,12,13,19,10,0,12,22,26,0
40446,2,1,2000,0,0,0,11,0,0,0,0,0,0
40447,1,1,2000,0,0,0,0,0,0,9,0,0,0
40447,2,1,2000,0,0,0,0,0,0,0,0,0,0
40448,1,1,2000,0,0,0,0,0,0,0,0,0,0
40449,1,1,2000,1,1,1,1,1,1,1,1,1,1
40449,2,1,2000,0,0,0,0,0,0,0,6,0,0
40450,0,1,2000,0,0,0,0,0,0,0,0,0,0
40450,1,1,2000,16,16,16,16,16,16,16,16,16,16
40451,1,1,2000,16,26,17,24,20,13,7,7,9,6
40451,2,1,2000,14,0,0,0,3,0,0,0,0,0
40452,1,1,2000,15,15,15,15,15,15,15,15,15,15
40452,2,1,2000,0,0,0,0,0,0,0,0,0,0
40453,1,1,2000,0,0,0,0,0,0,0,0,0,0
40453,2,1,2000,2,2,2,2,2,2,2,2,2,2
40454,1,1,2000,13,11,11,16,0,13,7,13,19,23
40454,2,1,2000,0,0,0,7,0,0,11,0,0,0
40455,1,1,2000,0,0,10,0,0,9,0,0,0,0
40455,2,1,2000,0,0,0,0,0,0,0,0,0,0
40456,1,1,2000,21,26,17,28,11,14,13,14,14,20
40456,2,1,2000,3,6,0,0,0,0,0,0,0,19
40457,1,1,2000,0,0,0,0,0,38,0,0,0,0
40458,1,1,2000,0,0,0,0,0,0,0,0,0,0
40459,1,1,2000,0,0,0,15,0,0,0,0,0,0
40460,1,1,2000,23,14,6,8,16,7,5,0,13,12
40460,2,1,2000,0,13,0,0,0,0,0,8,0,0
40461,1,1,2000,12,0,0,2,0,0,11,0,13,0
40462,1,1,2000,10,10,10,10,10,10,10,10,10,10
40463,0,1,2000,10,10,10,10,10,10,10,10,10,10
40463,1,1,2000,0,0,0,0,0,0,6,0,0,0
40464,1,1,2000,23,9,8,13,6,13,19,8,3,15
40465,1,1,2000,0,9,0,0,0,0,0,0,0,0
40466,0,1,2000,0,0,0,0,0,0,0,0,0,0
40466,1,1,2000,0,0,0,0,0,0,0,0,0,0
40466,2,1,2000,0,0,0,0,0,0,0,0,0,0
40467,1,1,2000,12,12,12,12,12,12,12,12,12,12
40468,1,1,2000,19,0,0,16,0,4,22,0,0,0
40469,1,1,2000,21,9,30,15,22,16,12,22,23,7
40469,2,1,2000,18,13,8,29,10,19,19,13,5,25
40470,1,1,2000,0,0,0,0,0,0,0,0,0,0
40470,2,1,2000,0,0,0,0,0,0,0,0,0,0
40471,1,1,2000,23,23,23,23,23,23,23,23,23,23
40471,2,1,2000,0,0,0,0,0,0,0,0,0,0
40471,3,1,2000,0,0,0,0,0,19,0,0,0,0
40472,1,1,2000,0,20,0,0,13,0,16,0,20,0
40473,1,1,2000,0,0,0,0,0,0,0,0,0,0
40473,2,1,2000,0,0,0,0,0,0,0,0,0,0
40474,1,1,2000,0,0,0,0,0,0,0,0,0,0
40475,1,1,2000,2,2,2,2,2,2,2,2,2,2
40476,1,1,2000,0,0,0,18,13,0,0,0,0,0
40476,2,1,2000,0,0,0,0,0,0,0,0,0,0
40477,1,1,2000,15,11,10,12,15,15,17,18,0,22
40478,1,1,2000,0,0,0,0,0,0,0,0,0,0
40479,1,1,2000,19,19,19,19,19,19,19,19,19,19
40480,1,1,2000,0,20,7,4,17,8,19,4,10,4
40480,2,1,2000,0,0,0,0,0,0,0,0,0,0
40481,1,1,2000,0,0,0,0,0,0,0,0,0,0
40481,2,1,2000,0,0,0,0,0,0,0,0,0,0
40482,0,1,2000,3,3,3,3,3,3,3,3,3,3
40482,1,1,2000,24,21,25,16,14,18,12,14,14,18
40483,1,1,2000,0,0,0,0,0,0,0,0,0,0
40484,0,1,2000,0,28,13,11,29,0,5,21,22,0
40484,1,1,2000,21,14,22,15,24,7,17,19,4,22
40485,1,1,2000,26,24,7,0,12,23,15,20,15,19
40486,1,1,2000,0,0,0,0,0,0,0,0,0,0
40486,2,1,2000,0,0,0,0,0,0,0,0,0,0
40486,3,1,2000,0,0,0,0,0,0,0,0,0,0
40487,0,1,2000,12,12,12,12,12,12,12,12,12,12
40487,1,1,2000,0,0,0,0,0,0,0,0,0,0
40488,1,1,2000,0,0,0,0,0,27,0,0,0,0
40489,1,1,2000,0,0,0,0,0,0,0,0,0,0
40490,0,1,2000,14,0,18,0,0,0,0,0,0,23
40490,1,1,2000,0,0,0,22,0,0,0,10,0,0
40491,1,1,2000,6,6,6,6,6,6,6,6,6,6
40492,1,1,2000,17,0,22,14,17,11,10,18,0,25
40492,2,1,2000,0,0,0,0,0,0,0,0,0,0
40493,1,1,2000,0,0,0,0,0,0,0,0,0,0
40493,2,1,2000,0,0,0,0,0,0,0,0,0,0
40494,1,1,2000,0,0,0,0,0,0,0,0,0,0
40495,1,1,2000,19,16,29,22,0,0,0,11,0,26
40495,2,1,2000,0,0,0,0,0,0,0,0,0,0
40495,3,1,2000,0,0,0,0,0,0,0,0,0,0
40496,1,1,2000,0,0,0,0,0,0,0,0,0,0
40497,0,1,2000,18,18,18,18,18,18,18,18,18,18
40497,1,1,2000,0,0,0,0,0,0,0,0,0,0
40498,1,1,2000,0,8,0,0,0,0,0,0,0,0
40498,2,1,2000,0,0,0,0,0,0,0,0,0,0
40499,1,1,2000,0,0,0,7,0,0,0,0,11,0
40499,2,1,2000,0,0,0,0,0,0,0,0,0,0
40499,3,1,2000,0,0,0,0,0,0,0,0,0,0
40500,1,1,2000,0,22,24,6,0,0,23,13,15,0
40501,1,1,2000,31,31,31,31,31,31,31,31,31,31
40502,1,1,2000,0,0,0,0,0,0,0,0,0,0
40502,2,1,2000,0,0,0,0,7,0,0,0,11,0
40503,0,1,2000,0,0,0,0,0,0,0,0,0,0
40503,1,1,2000,0,0,0,0,0,0,0,0,0,0
40504,1,1,2000,0,0,0,0,0,3,0,0,0,0
40505,1,1,2000,30,30,30,30,30,30,30,30,30,30
40506,1,1,2000,0,0,0,0,0,0,0,0,0,0
40506,2,1,2000,0,0,0,0,0,0,0,0,0,0
40506,3,1,2000,0,0,0,0,0,0,0,0,0,0
40507,1,1,2000,61,27,23,19,5,20,26,15,35,22
40508,1,1,2000,17,17,17,17,17,17,17,17,17,17
40509,1,1,2000,22,25,20,0,22,11,0,0,34,14
40510,1,1,2000,0,0,0,0,0,0,0,0,0,0
40510,2,1,2000,0,0,0,0,0,0,0,0,0,0
40511,1,1,2000,25,25,25,25,25,25,25,25,25,25
40511,2,1,2000,0,0,0,0,0,0,0,0,0,0
40512,1,1,2000,0,0,0,0,0,0,0,0,0,0
40512,2,1,2000,0,0,0,0,0,0,0,0,10,0
40513,1,1,2000,0,0,0,4,0,0,0,0,0,13
40514,1,1,2000,0,0,0,0,0,0,0,0,0,0
40515,1,1,2000,0,0,0,0,0,0,0,0,0,0
40516,1,1,2000,0,0,0,0,0,0,0,0,0,0
40516,2,1,2000,1,1,1,1,1,1,1,1,1,1
40517,1,1,2000,0,0,0,0,0,0,0,0,0,0
40517,2,1,2000,0,0,0,0,0,0,0,0,0,0
40518,1,1,2000,27,0,21,10,24,0,20,0,20,7
40519,0,1,2000,21,29,14,24,14,27,7,27,20,24
40519,1,1,2000,22,0,0,0,10,32,4,0,0,10
40520,1,1,2000,0,0,0,0,0,0,0,0,0,0
40521,1,1,2000,0,0,0,0,0,0,0,0,0,0
40522,0,1,2000,14,14,14,14,14,14,14,14,14,14
40522,1,1,2000,33,0,20,29,7,0,0,12,0,27
40523,1,1,2000,0,0,0,0,0,0,0,0,0,0
40523,2,1,2000,9,9,9,9,9,9,9,9,9,9
40524,1,1,2000,20,9,9,20,13,11,25,22,6,17
40525,1,1,2000,0,0,0,0,0,0,0,0,0,0
40525,2,1,2000,0,0,0,0,0,0,0,0,0,0
40525,3,1,2000,0,0,0,0,0,0,0,0,18,0
40526,1,1,2000,0,2,0,0,0,0,0,0,0,9
40526,2,1,2000,0,4,0,0,0,0,0,8,0,5
40527,1,1,2000,7,7,7,7,7,7,7,7,7,7
40528,1,1,2000,0,0,0,0,0,0,0,0,0,0
40528,2,1,2000,0,0,0,0,0,0,0,0,0,0
40529,1,1,2000,0,0,0,0,0,0,0,0,0,0
40530,1,1,2000,1,1,1,1,1,1,1,1,1,1
40531,1,1,2000,0,14,0,0,0,0,0,0,7,12
40532,1,1,2000,0,0,0,0,0,0,0,0,0,0
40533,1,1,2000,0,0,0,0,0,0,0,0,0,0
40534,1,1,2000,0,0,0,0,0,0,0,0,0,0
40535,1,1,2000,0,19,10,0,10,43,8,0,11,11
40536,1,1,2000,15,15,15,15,15,15,15,15,15,15
40536,2,1,2000,0,0,0,0,0,0,0,0,0,0
40537,1,1,2000,10,18,13,0,13,12,17,0,0,0
40537,2,1,2000,0,0,0,0,0,0,0,0,0,0
40538,1,1,2000,0,0,0,0,0,0,0,0,0,0
40539,1,1,2000,0,0,0,0,9,0,0,0,17,0
40540,1,1,2000,0,0,0,0,0,0,0,0,0,0
40540,2,1,2000,10,10,10,10,10,10,10,10,10,10
40541,1,1,2000,0,0,0,0,0,0,0,0,0,0
40542,1,1,2000,14,0,0,0,0,0,0,0,0,0
40543,1,1,2000,0,0,0,0,0,0,0,0,0,0
40544,1,1,2000,0,0,0,0,0,0,0,11,0,0
40545,0,1,2000,0,0,0,0,15,0,0,0,12,0
40545,1,1,2000,0,0,0,0,0,0,0,0,0,4
40546,0,1,2000,0,0,0,0,0,0,0,0,0,0
40546,1,1,2000,0,0,0,0,0,0,0,0,0,0
40547,1,1,2000,0,0,0,0,0,0,0,0,0,0
40547,2,1,2000,0,0,0,0,0,0,0,0,0,0
40548,1,1,2000,0,0,0,0,0,0,0,0,0,0
40548,2,1,2000,0,0,0,0,0,0,0,0,0,0
40548,3,1,2000,0,0,0,0,0,0,0,0,0,0
40549,0,1,2000,13,13,13,13,13,13,13,13,13,13
40549,1,1,2000,0,0,0,0,0,0,0,0,0,0
40550,1,1,2000,18,18,18,18,18,18,18,18,18,18
40551,1,1,2000,39,39,39,39,39,39,39,39,39,39
40552,1,1,2000,24,24,24,24,24,24,24,24,24,24
40552,2,1,2000,0,0,0,0,0,0,0,0,0,0
40553,1,1,2000,19,18,5,14,22,0,0,21,19,22
40553,2,1,2000,16,16,16,16,16,16,16,16,16,16
40554,1,1,2000,0,0,0,0,0,0,0,0,0,0
40554,2,1,2000,0,0,0,0,0,7,0,0,0,0
40555,1,1,2000,0,0,0,0,0,0,0,0,0,0
40555,2,1,2000,0,0,0,0,0,0,0,0,0,0
40556,1,1,2000,0,0,0,0,0,0,0,0,0,0
40557,0,1,2000,0,0,0,0,0,0,0,0,0,0
40557,1,1,2000,0,19,0,0,14,15,0,20,10,0
40558,1,1,2000,0,0,0,0,0,0,0,0,0,0
40558,2,1,2000,0,0,0,0,0,0,0,0,0,0
40559,1,1,2000,0,0,0,0,0,0,0,0,0,0
40559,2,1,2000,0,0,0,0,0,0,0,0,0,0
40560,1,1,2000,0,0,0,0,0,0,0,0,0,0
40560,2,1,2000,0,0,0,0,0,0,0,0,0,0
40561,1,1,2000,14,14,14,14,14,14,14,14,14,14
40562,1,1,2000,0,0,0,0,0,0,0,0,0,5
40562,2,1,2000,0,0,0,0,0,0,0,0,0,0
40563,0,1,2000,0,0,0,0,0,0,0,0,0,0
40563,1,1,2000,0,0,0,0,0,0,0,0,0,0
40564,1,1,2000,0,0,0,0,0,0,0,0,0,0
40564,2,1,2000,0,0,0,0,0,0,0,0,0,0
40565,1,1,2000,0,0,0,0,0,0,0,0,0,0
40565,2,1,2000,0,0,0,0,0,0,0,0,0,0
40566,1,1,2000,0,21,0,15,16,23,8,0,0,27
40567,1,1,2000,23,23,23,23,23,23,23,23,23,23
40568,0,1,2000,18,11,32,21,20,15,0,8,0,0
40568,1,1,2000,0,0,0,0,0,9,0,0,0,0
40569,1,1,2000,16,0,20,0,31,0,0,0,0,0
40569,2,1,2000,0,0,0,0,0,0,0,0,0,0
40570,1,1,2000,0,0,0,0,0,0,0,0,0,0
40570,2,1,2000,0,0,0,0,0,0,0,0,0,0
40571,1,1,2000,17,0,0,0,0,32,33,0,20,24
40572,1,1,2000,0,0,0,0,0,0,0,0,0,0
40573,1,1,2000,23,23,23,23,23,23,23,23,23,23
40574,1,1,2000,16,16,16,16,16,16,16,16,16,16
40574,2,1,2000,0,0,0,0,0,0,0,0,0,0
40575,1,1,2000,17,17,17,17,17,17,17,17,17,17
40576,0,1,2000,0,0,0,0,0,0,0,0,0,0
40576,1,1,2000,0,0,0,0,0,0,0,0,0,0
40577,1,1,2000,0,11,0,0,0,0,0,0,0,16
40577,2,1,2000,14,0,0,0,0,0,0,0,0,0
40577,3,1,2000,0,0,0,0,0,0,0,0,0,0
40578,1,1,2000,0,0,0,0,0,0,0,0,0,0
40578,2,1,2000,8,8,8,8,8,8,8,8,8,8
40579,1,1,2000,7,7,7,7,7,7,7,7,7,7
40579,2,1,2000,0,0,0,0,0,0,0,0,0,0
40580,1,1,2000,17,28,0,0,16,7,13,5,8,15
40580,2,1,2000,7,8,5,25,22,20,22,17,36,23
40581,0,1,2000,0,21,0,0,0,12,30,0,0,0
40581,1,1,2000,0,0,0,0,0,0,0,0,0,0
40582,0,1,2000,0,0,0,0,0,0,0,0,0,0
40582,1,1,2000,0,0,0,0,0,0,0,0,0,0
40583,0,1,2000,0,0,0,0,0,0,7,0,0,0
40583,1,1,2000,0,0,0,0,0,0,0,0,0,0
40584,0,1,2000,0,0,0,0,0,0,0,0,0,0
40584,1,1,2000,0,0,0,0,0,0,0,0,0,0
40585,1,1,2000,8,14,26,23,23,28,13,29,6,14
40586,1,1,2000,0,19,14,7,8,26,7,0,7,0
40586,2,1,2000,0,0,0,0,0,17,0,0,0,0
40587,1,1,2000,0,0,0,0,0,0,0,0,0,0
40587,2,1,2000,0,0,0,0,0,0,0,0,0,0
40588,1,1,2000,0,0,0,0,0,0,0,0,0,0
40589,1,1,2000,15,27,30,0,15,0,13,15,21,22
40590,1,1,2000,0,0,0,0,0,0,0,0,0,0
40590,2,1,2000,0,0,0,0,9,0,0,0,0,0
40591,1,1,2000,24,0,3,0,9,20,0,8,0,0
40591,2,1,2000,0,0,0,0,0,0,0,0,0,0
40592,1,1,2000,27,27,27,27,27,27,27,27,27,27
40593,1,1,2000,0,0,0,0,0,0,0,0,0,0
40593,2,1,2000,0,29,0,0,0,0,0,0,18,11
40594,1,1,2000,28,28,28,28,28,28,28,28,28,28
40595,1,1,2000,0,0,0,0,0,0,0,0,0,16
40596,1,1,2000,25,25,25,25,25,25,25,25,25,25
40596,2,1,2000,0,0,0,0,0,0,0,0,0,0
40597,1,1,2000,8,0,0,0,26,0,0,14,0,14
40597,2,1,2000,15,10,16,9,7,10,19,17,7,8
40598,1,1,2000,0,0,0,0,0,0,0,0,0,0
40598,2,1,2000,0,0,7,6,23,14,0,3,0,14
40599,1,1,2000,0,0,0,0,0,0,0,0,0,0
40599,2,1,2000,0,0,0,0,29,19,0,0,0,0
40600,1,1,2000,14,7,3,13,7,15,17,17,15,6
40600,2,1,2000,0,0,0,0,0,0,0,0,0,0
40601,1,1,2000,8,0,17,12,0,20,0,0,0,0
40601,2,1,2000,0,21,0,0,0,0,0,6,0,0
40602,1,1,2000,0,0,0,0,0,0,0,0,0,0
40602,2,1,2000,0,0,0,0,0,0,0,0,0,0
40603,1,1,2000,0,0,0,0,0,0,0,0,0,0
40604,1,1,2000,0,0,0,0,0,0,0,0,0,0
40605,0,1,2000,0,0,0,0,0,0,0,0,0,0
40605,1,1,2000,0,0,0,0,0,0,0,0,0,0
40606,1,1,2000,0,0,0,0,0,0,0,0,0,0
40607,0,1,2000,0,0,0,0,0,0,0,0,0,0
40607,1,1,2000,0,0,0,0,0,0,0,0,0,0
40607,2,1,2000,0,0,0,0,0,0,0,0,0,0
40608,1,1,2000,0,0,0,0,0,0,0,0,0,0
40608,2,1,2000,0,0,0,0,0,0,0,0,0,0
40609,1,1,2000,0,0,0,0,0,0,0,0,0,0
40609,2,1,2000,0,0,0,9,0,0,10,0,0,15
40610,1,1,2000,19,17,11,13,19,8,11,6,0,20
40610,2,1,2000,0,0,0,0,0,0,0,0,0,0
40611,0,1,2000,12,12,12,12,12,12,12,12,12,12
40611,1,1,2000,0,0,0,0,0,0,0,0,0,14
40612,1,1,2000,28,28,28,28,28,28,28,28,28,28
40613,1,1,2000,0,0,0,0,0,0,0,0,0,0
40614,0,1,2000,0,0,0,0,0,0,0,0,0,0
40614,1,1,2000,0,0,0,0,0,0,0,0,0,0
40615,1,1,2000,0,0,0,0,0,0,25,0,0,0
40616,1,1,2000,0,0,0,0,0,0,0,0,0,0
40616,2,1,2000,0,0,0,0,0,0,0,0,0,0
40617,1,1,2000,0,0,0,0,0,0,0,0,0,0
40618,1,1,2000,30,30,30,30,30,30,30,30,30,30
40619,1,1,2000,23,23,23,23,23,23,23,23,23,23
40620,1,1,2000,0,26,0,0,21,14,0,0,13,5
40621,1,1,2000,0,0,0,0,0,17,0,13,0,0
40621,2,1,2000,0,0,0,0,0,0,0,0,0,0
40622,1,1,2000,0,0,0,0,0,0,0,0,0,0
40622,2,1,2000,0,0,0,0,0,0,0,0,0,0
40623,0,1,2000,24,11,33,32,28,33,13,25,16,16
40623,1,1,2000,0,0,0,0,0,0,0,0,0,0
40624,1,1,2000,14,14,14,14,14,14,14,14,14,14
40625,1,1,2000,0,0,0,0,0,0,0,0,0,0
40625,2,1,2000,0,0,0,0,0,0,0,0,0,0
40626,1,1,2000,0,0,0,0,0,0,0,0,0,0
40627,1,1,2000,0,0,0,0,0,0,10,19,0,0
40628,1,1,2000,0,0,0,0,0,0,0,0,0,0
40628,2,1,2000,0,0,0,0,0,0,0,0,0,0
40629,1,1,2000,0,0,0,0,0,0,0,0,0,0
40629,2,1,2000,0,0,0,0,0,0,0,0,0,0
40629,3,1,2000,0,0,0,0,0,0,0,0,0,0
40630,1,1,2000,0,0,0,0,0,0,0,0,0,0
40631,1,1,2000,0,0,0,0,0,0,0,0,0,0
40632,1,1,2000,0,0,0,0,0,0,0,0,0,0
40633,1,1,2000,18,7,5,19,0,6,18,0,5,0
40634,1,1,2000,0,0,0,0,0,0,0,0,0,0
40634,2,1,2000,0,0,0,0,0,0,0,0,0,0
40635,1,1,2000,21,9,38,22,12,19,19,16,20,18
40635,2,1,2000,0,0,0,0,0,0,0,0,0,0
40636,1,1,2000,28,28,28,28,28,28,28,28,28,28
40637,1,1,2000,0,0,0,0,0,0,0,0,0,0
40637,2,1,2000,0,0,0,0,0,0,0,0,0,0
40638,1,1,2000,12,12,12,12,12,12,12,12,12,12
40638,2,1,2000,0,0,0,0,0,0,0,0,0,0
40639,1,1,2000,0,0,0,0,0,0,0,0,0,0
40639,2,1,2000,0,0,0,0,0,0,0,0,0,0
40640,1,1,2000,0,0,0,0,0,0,0,0,0,0
40640,2,1,2000,0,0,0,0,0,0,0,0,0,0
40641,1,1,2000,18,18,18,18,18,18,18,18,18,18
40641,2,1,2000,0,0,0,0,0,0,0,0,0,0
40642,1,1,2000,0,0,0,0,0,0,0,0,0,0
40643,1,1,2000,0,0,0,0,0,0,0,0,0,33
40643,2,1,2000,0,0,0,0,0,0,0,0,0,0
40644,0,1,2000,0,0,0,0,0,0,0,0,0,0
40644,1,1,2000,0,0,0,0,0,0,0,0,0,0
40645,1,1,2000,0,0,0,0,0,0,0,0,0,0
40645,2,1,2000,0,0,0,0,0,0,0,0,7,0
40646,1,1,2000,0,0,0,0,0,0,0,0,0,0
40646,2,1,2000,17,0,25,0,0,20,0,9,0,35
40646,3,1,2000,0,0,0,0,0,0,0,0,0,0
40646,4,1,2000,0,0,0,0,0,0,0,0,0,0
40647,1,1,2000,23,34,7,21,15,8,16,20,12,17
40648,1,1,2000,2,2,2,2,2,2,2,2,2,2
40649,1,1,2000,25,25,25,25,25,25,25,25,25,25
40650,0,1,2000,0,15,16,33,0,0,0,0,0,29
40650,1,1,2000,0,0,0,0,0,0,0,0,0,0
40651,1,1,2000,0,0,0,0,0,0,0,0,0,17
40652,1,1,2000,0,0,0,0,0,0,16,0,0,21
40653,0,1,2000,0,0,0,0,0,0,0,0,0,0
40653,0,2,2000,0,0,0,0,11,0,0,0,0,0
40653,1,1,2000,0,0,0,0,0,0,0,0,0,0
40654,0,1,2000,8,8,8,8,8,8,8,8,8,8
40654,1,1,2000,0,0,0,7,0,0,0,0,0,0
40655,0,1,2000,0,0,0,0,0,0,0,0,0,0
40655,1,1,2000,13,5,0,0,7,17,11,5,0,12
40655,2,1,2000,0,0,0,0,0,0,0,0,0,0
40655,3,1,2000,0,0,0,0,15,0,0,0,0,0
40655,4,1,2000,0,0,0,0,0,0,0,0,0,0
40655,5,1,2000,0,0,0,0,0,0,0,8,0,0
40655,6,1,2000,16,0,0,0,0,0,0,0,0,0
40656,0,1,2000,0,0,0,0,0,0,0,0,0,0
40656,1,1,2000,0,0,0,0,0,0,0,0,0,0
40657,1,1,2000,0,0,0,0,0,0,0,0,0,0
40658,0,1,2000,0,0,0,0,0,0,0,0,0,0
40658,1,1,2000,0,0,0,0,0,0,0,0,0,0
40659,1,1,2000,0,25,11,0,8,13,17,0,0,0
40660,1,1,2000,24,17,0,23,33,12,32,48,15,7
40661,1,1,2000,0,15,9,12,16,0,11,0,6,8
40661,2,1,2000,27,20,15,10,0,0,6,11,0,0
40662,1,1,2000,0,0,0,0,0,0,0,0,0,0
40662,2,1,2000,0,0,0,0,0,0,0,0,0,0
40663,0,1,2000,0,0,0,0,0,0,0,0,0,0
40663,1,1,2000,18,0,29,0,0,24,0,24,0,0
40664,1,1,2000,0,0,0,0,0,0,0,0,0,0
40664,2,1,2000,0,0,0,0,0,0,0,0,0,0
40665,0,1,2000,15,15,15,15,15,15,15,15,15,15
40665,1,1,2000,5,0,6,0,0,0,0,13,0,0
40666,1,1,2000,0,0,0,0,0,0,0,0,0,0
40667,1,1,2000,16,16,16,16,16,16,16,16,16,16
40668,1,1,2000,28,29,28,33,50,17,21,19,24,13
40669,1,1,2000,12,26,21,6,18,11,21,13,17,13
40669,2,1,2000,0,0,0,0,0,0,0,0,0,0
40670,1,1,2000,35,16,9,9,17,23,18,24,0,34
40671,1,1,2000,0,7,19,12,20,0,7,0,6,0
40672,1,1,2000,16,22,9,13,12,26,17,25,16,29
40673,0,1,2000,30,30,30,30,30,30,30,30,30,30
40673,1,1,2000,0,0,0,0,0,0,0,0,0,0
40674,1,1,2000,8,4,5,20,17,22,10,7,20,8
40675,1,1,2000,18,18,18,18,18,18,18,18,18,18
40676,1,1,2000,13,11,17,31,0,12,9,0,8,0
40677,1,1,2000,0,0,0,0,0,0,0,0,0,0
40677,2,1,2000,0,0,0,0,0,0,0,3,9,0
40677,3,1,2000,0,0,0,0,0,0,0,0,0,0
40678,1,1,2000,0,15,0,6,0,0,0,0,0,0
40679,1,1,2000,32,0,28,0,16,12,15,40,16,24
40680,0,1,2000,22,22,22,22,22,22,22,22,22,22
40680,1,1,2000,0,18,7,0,0,9,32,0,0,44
40681,1,1,2000,0,0,0,0,0,0,0,0,0,0
40682,1,1,2000,4,29,0,15,22,0,15,16,20,0
40682,2,1,2000,0,0,0,0,0,0,0,0,0,8
40683,0,1,2000,4,7,18,20,28,13,0,15,10,33
40683,1,1,2000,0,0,0,0,0,0,0,0,0,0
40683,2,1,2000,0,0,0,0,16,0,0,11,0,0
40683,3,1,2000,11,0,0,18,0,0,0,0,0,0
40684,0,1,2000,16,16,16,16,16,16,16,16,16,16
40684,1,1,2000,0,0,0,0,0,0,0,0,0,0
40684,2,1,2000,0,0,0,0,0,0,0,0,0,0
40684,3,1,2000,0,0,12,0,0,0,0,0,0,0
40685,0,1,2000,0,0,0,0,0,0,0,0,0,0
40685,1,1,2000,0,0,0,0,0,0,0,0,0,0
40686,1,1,2000,0,0,0,0,0,0,0,0,0,0
40686,2,1,2000,0,0,0,0,0,0,0,0,0,0
40687,1,1,2000,0,0,0,0,0,0,0,0,0,0
40687,2,1,2000,0,0,9,0,9,0,0,0,0,0
40688,1,1,2000,21,21,21,21,21,21,21,21,21,21
40689,1,1,2000,0,0,0,0,0,0,0,0,0,0
40689,2,1,2000,0,22,9,0,0,11,0,24,0,15
40690,0,1,2000,21,21,21,21,21,21,21,21,21,21
40690,0,2,2000,17,17,17,17,17,17,17,17,17,17
40690,1,1,2000,10,21,27,9,19,19,32,20,6,34
40691,1,1,2000,0,0,0,0,0,0,0,5,0,0
40691,2,1,2000,0,0,0,0,0,0,0,0,0,0
40692,1,1,2000,0,0,0,0,0,0,0,0,0,0
40692,2,1,2000,0,0,0,0,0,0,0,0,0,0
40692,3,1,2000,0,0,0,0,0,0,0,0,0,0
40693,1,1,2000,16,16,16,10,22,11,6,2,22,5
40693,2,1,2000,0,0,0,0,15,0,0,0,12,0
40694,1,1,2000,4,4,4,4,4,4,4,4,4,4
40695,0,1,2000,0,0,0,0,0,0,0,0,0,0
40695,1,1,2000,0,16,21,20,0,0,6,15,7,20
40696,1,1,2000,0,0,0,0,0,0,0,0,0,0
40697,1,1,2000,0,0,5,0,13,0,0,0,0,0
40697,2,1,2000,0,0,0,0,0,0,0,0,0,0
40698,1,1,2000,0,0,0,0,0,0,0,0,0,0
40698,2,1,2000,0,0,0,0,0,0,0,0,0,0
40699,1,1,2000,0,0,0,0,0,0,0,0,0,0
40699,2,1,2000,0,0,3,0,0,0,0,0,0,0
40700,1,1,2000,12,15,10,15,8,0,8,22,21,18
40701,1,1,2000,18,39,15,17,22,11,26,33,15,10
40702,1,1,2000,14,16,16,9,24,0,9,24,9,23
40703,1,1,2000,2,5,0,0,0,0,0,20,0,4
40704,1,1,2000,24,24,24,24,24,24,24,24,24,24
40705,1,1,2000,0,0,0,0,0,0,0,0,0,0
40706,1,1,2000,19,15,14,13,14,10,18,18,21,4
40707,1,1,2000,11,19,13,7,29,8,12,8,18,6
40708,1,1,2000,0,0,0,19,0,18,0,0,7,0
40709,1,1,2000,0,0,0,0,0,0,0,0,0,0
40709,2,1,2000,0,0,0,0,0,0,0,0,0,0
40710,1,1,2000,0,0,0,0,0,0,0,0,0,0
40710,2,1,2000,0,0,0,0,0,0,5,0,0,0
40711,1,1,2000,0,0,0,0,0,0,0,0,0,0
40711,2,1,2000,0,0,0,0,0,0,0,0,0,0
40712,1,1,2000,0,0,0,0,0,0,0,0,0,0
40712,2,1,2000,0,0,0,0,0,0,0,0,0,0
40712,3,1,2000,0,0,0,0,0,0,0,0,0,0
40712,4,1,2000,0,0,0,0,0,0,0,0,0,0
40713,0,1,2000,0,0,0,0,0,0,0,0,0,0
40713,1,1,2000,0,0,0,0,0,0,0,0,0,0
40714,1,1,2000,0,0,0,0,0,0,0,0,0,0
40714,2,1,2000,0,0,0,0,0,0,0,0,0,0
40715,1,1,2000,12,22,15,14,0,24,0,8,22,3
40716,1,1,2000,0,0,0,0,17,8,0,0,6,0
40717,1,1,2000,0,0,0,0,0,0,0,0,0,0
40717,2,1,2000,0,10,0,0,0,0,9,0,0,0
40718,0,1,2000,0,0,0,0,0,9,0,0,0,0
40718,1,1,2000,0,0,0,4,0,0,0,0,0,0
40719,1,1,2000,0,0,0,0,0,0,0,0,0,0
40720,1,1,2000,0,0,0,0,0,0,0,0,0,0
40721,1,1,2000,0,0,0,0,0,0,0,0,0,0
40721,2,1,2000,0,0,0,0,0,0,0,0,0,0
40722,0,1,2000,1,1,1,1,1,1,1,1,1,1
40722,1,1,2000,0,0,23,0,0,0,0,0,0,0
40723,1,1,2000,25,25,25,25,25,25,25,25,25,25
40724,1,1,2000,0,0,0,0,0,0,0,0,0,0
40725,1,1,2000,0,0,0,0,0,0,0,0,0,0
40725,2,1,2000,0,0,0,0,0,0,0,0,0,0
40726,1,1,2000,4,14,0,8,6,20,10,16,23,22
40726,2,1,2000,0,0,0,0,0,0,0,0,0,0
40727,1,1,2000,0,0,0,0,0,5,0,0,0,16
40728,1,1,2000,0,0,0,0,0,0,0,0,0,22
40729,1,1,2000,8,0,0,0,0,7,0,0,0,0
40729,2,1,2000,0,0,15,0,0,0,0,0,0,0
40730,1,1,2000,0,0,0,0,0,0,0,0,0,0
40731,1,1,2000,0,0,0,0,0,0,0,0,0,0
40731,2,1,2000,0,0,0,0,0,0,0,0,0,0