ST_CASE,VEH_NO,PER_NO,YEAR,P1,P2,P3,P4,P5,P6,P7,P8,P9,P10
50119,1,1,2000,11,0,0,0,0,0,0,0,0,0
50120,1,1,2000,0,0,0,0,0,0,0,0,0,0
50121,1,1,2000,1,1,1,1,1,1,1,1,1,1
50122,1,1,2000,0,0,0,0,0,0,0,0,0,0
50122,2,1,2000,0,0,0,0,0,0,0,0,0,0
50122,3,1,2000,0,0,0,0,0,0,0,0,0,0
50123,1,1,2000,0,0,0,0,0,0,0,0,0,0
50124,1,1,2000,0,0,0,0,0,0,0,0,0,0
50124,2,1,2000,0,0,0,0,0,0,0,0,0,0
50124,3,1,2000,0,0,0,0,0,0,0,0,0,0
50125,1,1,2000,5,5,5,5,5,5,5,5,5,5
50126,1,1,2000,0,0,0,0,0,0,0,0,0,0
50126,2,1,2000,0,0,0,0,0,0,0,0,0,0
50127,1,1,2000,0,0,0,0,0,0,0,0,0,0
50127,2,1,2000,0,0,0,0,0,0,0,0,0,0
50128,1,1,2000,0,0,0,0,0,0,0,0,0,0
50128,2,1,2000,13,13,13,13,13,13,13,13,13,13
50129,1,1,2000,14,14,14,14,14,14,14,14,14,14
50130,1,1,2000,6,6,6,6,6,6,6,6,6,6
50130,2,1,2000,0,0,0,0,0,0,0,0,0,0
50131,1,1,2000,0,0,0,0,0,0,0,0,0,0
50132,1,1,2000,0,0,0,0,0,0,0,0,0,0
50132,2,1,2000,0,0,0,0,0,0,0,0,0,0
50133,1,1,2000,0,0,0,0,0,0,0,0,0,0
50133,2,1,2000,8,8,8,8,8,8,8,8,8,8
50134,1,1,2000,0,0,0,0,0,0,0,0,0,0
50135,0,1,2000,0,0,0,0,0,0,0,0,0,0
50135,1,1,2000,0,0,0,0,0,0,0,0,0,0
50136,1,1,2000,0,0,0,0,0,0,0,0,0,0
50136,2,1,2000,0,0,0,0,0,0,0,0,0,0
50137,1,1,2000,26,26,26,26,26,26,26,26,26,26
50138,1,1,2000,0,0,0,0,0,0,0,0,0,0
50138,2,1,2000,0,0,0,0,0,0,0,0,0,0
50138,3,1,2000,0,0,0,0,0,0,0,0,0,0
50139,1,1,2000,0,0,0,0,0,0,0,0,0,0
50140,1,1,2000,15,15,15,15,15,15,15,15,15,15
50141,1,1,2000,16,16,16,16,16,16,16,16,16,16
50142,1,1,2000,23,23,23,23,23,23,23,23,23,23
50143,1,1,2000,17,17,17,17,17,17,17,17,17,17
50143,2,1,2000,0,0,0,0,0,0,0,0,0,0
50144,1,1,2000,0,0,0,0,0,0,0,0,0,0
50145,1,1,2000,10,7,16,13,15,15,26,20,0,0
50145,2,1,2000,0,0,0,0,0,0,0,0,0,0
50146,1,1,2000,16,16,16,16,16,16,16,16,16,16
50147,1,1,2000,0,0,0,0,0,0,0,0,0,0
50147,2,1,2000,0,0,0,0,0,0,0,0,0,0
50148,1,1,2000,0,0,0,0,0,0,0,0,0,0
50148,2,1,2000,0,0,0,0,0,0,0,0,0,0
50149,1,1,2000,0,0,0,0,0,0,0,0,0,0
50150,1,1,2000,0,0,0,0,0,0,0,0,0,0
50151,1,1,2000,0,0,0,0,0,0,0,0,5,0
50151,2,1,2000,0,0,0,0,0,0,0,0,0,0
50151,3,1,2000,0,0,0,0,0,0,0,0,0,0
50152,1,1,2000,21,21,21,21,21,21,21,21,21,21
50153,1,1,2000,27,27,27,27,27,27,27,27,27,27
50153,2,1,2000,0,0,0,0,0,0,0,0,0,0
50154,1,1,2000,0,0,0,0,0,0,0,0,0,0
50155,1,1,2000,0,0,0,14,0,0,0,0,0,0
50155,2,1,2000,22,22,22,22,22,22,22,22,22,22
50156,1,1,2000,0,0,0,0,0,0,0,0,0,0
50157,1,1,2000,6,6,6,6,6,6,6,6,6,6
50158,1,1,2000,20,20,20,20,20,20,20,20,20,20
50158,2,1,2000,0,0,0,0,0,0,0,0,0,0
50159,1,1,2000,0,0,0,0,0,0,0,0,0,0
50160,1,1,2000,16,16,16,16,16,16,16,16,16,16
50161,1,1,2000,0,0,0,0,0,0,0,0,0,0
50162,0,1,2000,0,0,0,0,0,0,0,0,0,0
50162,1,1,2000,0,0,0,0,0,0,0,0,0,0
50163,1,1,2000,0,0,0,0,0,0,0,0,0,0
50164,1,1,2000,0,0,0,0,0,0,0,0,0,0
50165,1,1,2000,0,0,0,0,0,0,0,0,0,0
50165,2,1,2000,0,0,0,0,0,0,0,0,0,0
50166,1,1,2000,0,0,0,0,0,0,0,0,0,0
50167,1,1,2000,0,0,0,0,0,0,0,0,0,0
50167,2,1,2000,34,34,34,34,34,34,34,34,34,34
50168,1,1,2000,9,9,9,9,9,9,9,9,9,9
50169,1,1,2000,0,0,0,0,0,0,0,0,0,0
50169,2,1,2000,0,0,0,0,0,0,0,0,0,0
50170,1,1,2000,0,0,0,0,0,0,0,0,0,0
50171,1,1,2000,24,24,24,24,24,24,24,24,24,24
50172,1,1,2000,0,0,0,0,0,0,0,0,0,0
50172,2,1,2000,0,0,0,0,0,0,0,0,0,0
50173,1,1,2000,0,0,0,0,0,0,0,0,0,0
50173,2,1,2000,0,0,0,0,0,0,0,0,0,0
50174,1,1,2000,0,0,0,0,0,0,0,0,0,0
50174,2,1,2000,0,0,0,0,0,0,0,0,0,0
50174,3,1,2000,0,0,0,0,0,0,0,0,0,0
50175,1,1,2000,7,7,7,7,7,7,7,7,7,7
50175,2,1,2000,0,0,0,0,0,0,0,0,0,0
50176,1,1,2000,0,0,0,0,0,20,0,0,0,0
50177,1,1,2000,0,0,0,0,0,0,0,0,0,0
50177,2,1,2000,0,0,0,0,0,0,0,0,0,0
50178,1,1,2000,17,17,17,17,17,17,17,17,17,17
50179,1,1,2000,7,0,0,0,0,0,0,0,24,0
50180,1,1,2000,0,0,0,0,0,0,0,5,0,0
50180,2,1,2000,7,7,7,7,7,7,7,7,7,7
50181,1,1,2000,23,23,23,23,23,23,23,23,23,23
50182,1,1,2000,0,0,0,0,0,0,0,0,0,0
50182,2,1,2000,0,0,0,0,0,0,0,0,0,0
50182,3,1,2000,0,0,0,0,0,0,0,0,0,0
50183,1,1,2000,0,0,0,0,0,0,12,0,0,0
50183,2,1,2000,0,0,0,0,0,0,0,0,0,0
50183,3,1,2000,0,0,0,0,0,0,0,0,0,0
50184,1,1,2000,0,0,0,0,0,0,0,0,0,0
50185,1,1,2000,3,3,3,3,3,3,3,3,3,3
50186,1,1,2000,0,0,4,0,0,0,0,0,0,0
50186,2,1,2000,0,0,0,0,0,0,0,0,0,0
50187,1,1,2000,0,0,0,0,0,0,0,0,0,0
50187,2,1,2000,21,21,21,21,21,21,21,21,21,21
50188,1,1,2000,0,0,0,0,0,0,0,0,0,0
50188,2,1,2000,0,0,0,0,0,0,0,0,0,0
50189,1,1,2000,0,0,0,0,0,0,0,0,0,0
50190,1,1,2000,20,20,20,20,20,20,20,20,20,20
50190,2,1,2000,0,13,0,18,0,0,0,22,0,0
50191,1,1,2000,8,8,8,8,8,8,8,8,8,8
50191,2,1,2000,0,0,0,0,0,0,0,0,0,0
50192,1,1,2000,0,0,0,0,0,0,0,0,0,11
50193,0,1,2000,0,0,0,0,0,0,0,0,0,0
50193,1,1,2000,0,0,0,0,0,0,0,0,0,0
50194,1,1,2000,2,2,2,2,2,2,2,2,2,2
50194,2,1,2000,0,0,0,0,0,0,0,0,0,0
50195,1,1,2000,0,0,0,0,0,0,0,0,0,0
50195,2,1,2000,0,0,0,0,0,0,0,0,0,0
50196,1,1,2000,0,0,0,0,0,0,0,0,0,0
50197,1,1,2000,6,6,6,6,6,6,6,6,6,6
50197,2,1,2000,0,0,0,0,0,0,0,0,0,0
50198,1,1,2000,0,0,0,0,0,0,0,0,0,0
50199,1,1,2000,0,0,0,0,0,0,0,0,0,0
50199,2,1,2000,0,0,0,0,0,0,0,0,0,0
50200,1,1,2000,20,20,20,20,20,20,20,20,20,20
50201,1,1,2000,12,12,12,12,12,12,12,12,12,12
50202,1,1,2000,0,0,0,0,0,0,0,0,0,0
50203,1,1,2000,0,0,0,0,0,0,0,0,0,0
50203,2,1,2000,0,0,0,0,0,0,0,0,0,0
50204,1,1,2000,0,0,0,0,0,0,0,0,0,0
50205,0,1,2000,0,0,0,0,0,0,0,0,0,0
50205,1,1,2000,0,0,0,0,0,0,0,0,0,0
50206,1,1,2000,0,0,0,0,0,0,0,0,0,0
50206,2,1,2000,0,0,0,0,0,0,0,0,0,0
50207,1,1,2000,0,0,0,0,0,0,0,0,0,0
50208,1,1,2000,6,23,21,0,15,32,0,0,0,11
50209,1,1,2000,0,0,0,0,0,0,0,0,0,0
50209,2,1,2000,0,0,0,0,0,0,0,0,0,0
50210,1,1,2000,0,0,0,0,0,0,0,0,0,0
50210,2,1,2000,21,21,21,21,21,21,21,21,21,21
50211,1,1,2000,16,16,16,16,16,16,16,16,16,16
50212,1,1,2000,0,0,0,0,0,0,0,15,0,0
50213,0,1,2000,0,0,0,0,0,0,0,0,0,0
50213,1,1,2000,0,0,0,0,0,0,0,0,0,0
50214,1,1,2000,0,0,0,0,0,0,0,0,0,0
50215,1,1,2000,0,0,0,32,0,0,0,0,0,0
50216,1,1,2000,0,0,0,0,0,0,0,0,0,0
50216,2,1,2000,0,0,0,0,0,0,0,0,0,0
50217,1,1,2000,0,0,0,0,0,0,0,0,0,0
50217,2,1,2000,0,0,0,0,0,0,0,0,0,0
50218,1,1,2000,0,0,0,0,0,0,0,0,0,0
50219,1,1,2000,0,0,0,0,0,0,0,0,0,0
50219,2,1,2000,0,0,0,0,0,0,0,0,0,0
50220,1,1,2000,0,0,0,0,0,0,0,0,0,0
50221,1,1,2000,0,0,0,0,0,0,0,0,0,0
50221,2,1,2000,0,0,0,0,0,0,0,0,0,0
50221,3,1,2000,0,0,0,0,0,0,0,0,0,0
50222,1,1,2000,0,25,22,20,21,15,19,11,14,0
50223,1,1,2000,0,0,0,0,0,0,0,0,0,0
50224,1,1,2000,0,0,0,0,0,0,0,0,0,0
50224,2,1,2000,0,0,0,0,0,0,0,0,0,0
50225,1,1,2000,0,0,0,0,0,0,0,0,0,0
50225,2,1,2000,0,0,0,0,0,0,0,0,0,0
50226,1,1,2000,0,0,0,0,0,0,0,0,0,0
50226,2,1,2000,0,0,0,0,5,0,0,0,0,0
50227,1,1,2000,0,18,0,29,0,0,0,0,0,0
50227,2,1,2000,0,0,0,0,15,0,0,0,0,13
50228,1,1,2000,0,0,0,0,0,0,0,0,0,0
50228,2,1,2000,0,0,0,0,0,0,0,0,0,0
50228,3,1,2000,0,0,0,0,0,0,0,0,0,0
50229,1,1,2000,16,16,16,16,16,16,16,16,16,16
50230,1,1,2000,27,27,27,27,27,27,27,27,27,27
50231,1,1,2000,0,0,0,0,0,0,0,0,0,0
50232,1,1,2000,0,0,0,0,0,0,0,0,0,0
50233,0,1,2000,0,0,0,0,0,0,0,0,0,0
50233,1,1,2000,0,0,0,0,0,0,0,0,0,0
50234,0,1,2000,0,29,40,0,24,35,39,0,20,19
50234,1,1,2000,0,0,0,0,0,0,0,0,0,0
50235,1,1,2000,5,5,5,5,5,5,5,5,5,5
50236,1,1,2000,0,0,0,0,0,0,0,0,0,0
50236,2,1,2000,0,0,0,0,0,0,0,0,0,0
50237,1,1,2000,0,0,0,0,0,0,0,0,0,0
50237,2,1,2000,0,0,0,0,0,0,0,0,0,0
50238,1,1,2000,0,0,0,0,0,0,0,0,0,0
50239,1,1,2000,18,18,18,18,18,18,18,18,18,18
50240,1,1,2000,21,21,21,21,21,21,21,21,21,21
50241,1,1,2000,9,9,9,9,9,9,9,9,9,9
50242,1,1,2000,0,0,0,0,0,0,0,0,0,0
50242,2,1,2000,0,0,0,0,0,0,0,0,0,0
50243,1,1,2000,4,4,4,4,4,4,4,4,4,4
50243,2,1,2000,0,0,0,0,0,0,0,0,12,0
50243,3,1,2000,0,0,0,0,0,7,0,0,0,0
50244,1,1,2000,22,22,22,22,22,22,22,22,22,22
50244,2,1,2000,0,0,0,0,0,0,0,0,0,0
50245,1,1,2000,0,0,0,0,0,0,0,0,0,0
50245,2,1,2000,0,0,0,0,0,0,0,0,0,0
50245,3,1,2000,0,0,0,0,0,0,0,0,0,0
50245,4,1,2000,0,0,0,27,0,0,0,0,0,0
50245,5,1,2000,0,0,0,0,0,0,0,0,0,0
50246,1,1,2000,31,34,24,17,25,18,0,27,0,9
50247,1,1,2000,0,0,0,0,0,0,0,0,0,0
50247,2,1,2000,0,0,0,0,0,0,0,0,0,0
50248,1,1,2000,0,0,0,0,0,0,0,0,0,0
50248,2,1,2000,0,0,0,0,0,0,0,0,0,0
50249,1,1,2000,0,0,0,0,0,0,0,0,0,0
50250,1,1,2000,0,0,0,0,0,0,0,0,0,0
50250,2,1,2000,0,0,0,0,0,10,0,0,0,0
50251,1,1,2000,10,10,10,10,10,10,10,10,10,10
50252,1,1,2000,0,0,0,0,0,0,0,0,0,0
50252,2,1,2000,0,0,0,0,0,0,0,0,0,0
50253,1,1,2000,4,4,4,4,4,4,4,4,4,4
50253,2,1,2000,0,0,0,0,0,0,0,0,0,8
50254,1,1,2000,0,14,0,0,0,0,0,0,0,0
50255,1,1,2000,21,21,21,21,21,21,21,21,21,21
50256,0,1,2000,33,33,33,33,33,33,33,33,33,33
50256,1,1,2000,0,0,0,0,0,0,0,0,0,0
50257,1,1,2000,0,0,0,0,0,0,0,0,0,0
50258,1,1,2000,22,0,0,0,0,0,0,0,0,0
50259,1,1,2000,0,0,0,0,0,0,0,0,0,0
50259,2,1,2000,0,0,0,0,0,0,0,0,0,0
50260,1,1,2000,0,0,0,0,0,0,0,0,0,0
50260,2,1,2000,0,0,0,0,0,0,0,0,0,0
50261,1,1,2000,0,0,0,0,0,0,0,0,0,0
50262,1,1,2000,0,0,0,0,0,0,0,0,0,0
50262,2,1,2000,0,0,0,0,0,0,0,0,0,0
50263,1,1,2000,0,0,0,0,0,0,0,0,0,0
50264,1,1,2000,13,13,13,13,13,13,13,13,13,13
50265,1,1,2000,16,16,16,16,16,16,16,16,16,16
50265,2,1,2000,15,15,15,15,15,15,15,15,15,15
50266,1,1,2000,0,0,0,0,0,0,0,0,0,0
50266,2,1,2000,0,0,0,0,0,0,0,0,0,0
50267,1,1,2000,10,10,10,10,10,10,10,10,10,10
50268,1,1,2000,0,0,0,0,0,3,0,0,0,0
50269,1,1,2000,3,3,3,3,3,3,3,3,3,3
50270,1,1,2000,0,0,0,0,0,0,13,0,0,0
50271,1,1,2000,0,0,0,0,0,0,0,0,0,0
50272,1,1,2000,0,0,0,0,0,0,0,0,0,0
50272,2,1,2000,0,0,0,0,0,0,0,0,0,0
50273,1,1,2000,0,0,0,17,0,0,0,0,0,16
50274,1,1,2000,0,0,0,0,0,0,0,0,0,0
50275,1,1,2000,0,0,17,0,0,0,0,0,0,0
50275,2,1,2000,0,0,0,0,0,0,0,0,0,0
50276,1,1,2000,13,13,13,13,13,13,13,13,13,13
50276,2,1,2000,0,0,0,0,0,0,0,0,0,0
50277,1,1,2000,0,0,0,0,0,0,0,0,0,0
50278,1,1,2000,0,0,0,0,0,0,0,0,0,0
50279,1,1,2000,0,0,0,0,0,0,0,0,0,0
50280,1,1,2000,0,0,0,0,0,0,0,0,0,0
50280,2,1,2000,0,0,0,0,0,0,0,0,0,7
50280,3,1,2000,0,0,0,0,0,0,0,0,0,0
50280,4,1,2000,0,0,0,0,0,0,0,0,0,0
50280,5,1,2000,0,0,0,0,0,0,13,0,0,0
50280,6,1,2000,0,0,0,0,0,6,0,0,0,0
50281,1,1,2000,0,0,0,0,0,0,0,0,0,0
50281,2,1,2000,0,0,0,0,0,0,0,0,0,0
50282,1,1,2000,0,0,0,0,0,0,0,0,0,0
50282,2,1,2000,0,0,0,0,0,0,0,0,0,0
50283,1,1,2000,0,0,0,0,0,0,0,0,0,0
50283,2,1,2000,0,0,0,0,0,0,0,0,0,0
50283,3,1,2000,0,0,0,0,0,0,0,0,0,16
50284,1,1,2000,0,0,0,0,0,0,0,0,0,0
50285,1,1,2000,0,0,0,0,0,0,0,0,0,0
50286,1,1,2000,3,3,3,3,3,3,3,3,3,3
50287,1,1,2000,0,0,0,0,0,0,0,0,0,0
50288,1,1,2000,0,0,0,0,0,0,14,0,16,12
50288,2,1,2000,0,0,0,0,0,0,0,0,0,0
50289,1,1,2000,0,0,0,0,0,0,0,0,0,0
50290,1,1,2000,0,0,0,0,0,0,0,0,0,0
50290,2,1,2000,0,0,0,0,0,0,0,0,0,0
50291,1,1,2000,0,0,0,0,0,0,0,0,0,0
50292,1,1,2000,0,0,0,0,0,0,0,0,0,0
50293,1,1,2000,0,0,0,0,0,0,0,0,0,0
50293,2,1,2000,0,0,0,0,0,0,0,0,0,0
50294,1,1,2000,0,0,0,0,0,0,0,0,0,0
50294,2,1,2000,0,0,0,0,0,0,0,0,0,0
50295,1,1,2000,0,0,0,0,0,0,0,0,0,0
50295,2,1,2000,0,0,0,0,8,0,0,0,0,0
50296,1,1,2000,0,0,0,0,0,0,0,0,0,0
50297,1,1,2000,0,0,0,0,0,0,0,0,0,0
50297,2,1,2000,0,0,0,0,0,0,0,0,0,0
50298,1,1,2000,0,0,0,0,0,0,0,0,0,0
50298,2,1,2000,0,0,0,0,0,0,0,0,0,0
50298,3,1,2000,0,0,0,0,0,0,0,0,0,0
50299,1,1,2000,0,0,0,0,0,0,0,0,0,0
50299,2,1,2000,0,0,0,0,0,0,0,0,0,0
50300,0,1,2000,7,7,7,7,7,7,7,7,7,7
50300,1,1,2000,0,0,0,0,0,0,0,0,0,0
50302,1,1,2000,0,0,0,0,0,0,0,0,0,0
50302,2,1,2000,0,0,0,0,0,0,0,0,0,0
50303,1,1,2000,17,17,17,17,17,17,17,17,17,17
50304,1,1,2000,0,0,0,0,0,0,0,0,0,0
50305,1,1,2000,0,0,0,0,0,0,0,0,0,0
50305,2,1,2000,0,0,0,0,0,0,0,0,0,0
50305,3,1,2000,0,0,0,0,0,0,0,0,0,0
50305,4,1,2000,0,0,0,0,0,0,0,0,0,0
50306,1,1,2000,15,15,15,15,15,15,15,15,15,15
50307,1,1,2000,4,4,4,4,4,4,4,4,4,4
50308,1,1,2000,0,0,0,0,0,0,0,0,0,0
50308,2,1,2000,0,0,0,0,0,0,0,0,0,0
50309,1,1,2000,0,0,0,0,0,0,0,0,0,0
50309,2,1,2000,0,0,0,0,0,0,0,0,0,0
50309,3,1,2000,0,0,0,0,0,0,0,0,0,0
50310,1,1,2000,15,15,15,15,15,15,15,15,15,15
50311,1,1,2000,7,7,7,7,7,7,7,7,7,7
50312,1,1,2000,0,0,0,0,0,0,0,0,0,0
50313,1,1,2000,0,0,0,0,0,0,0,0,0,0
50313,2,1,2000,0,0,0,0,0,0,0,0,0,0
50313,3,1,2000,0,0,0,0,0,0,0,0,0,0
50313,4,1,2000,0,0,0,0,0,0,0,0,0,0
50314,1,1,2000,0,0,0,0,0,0,0,0,0,0
50314,2,1,2000,0,0,0,0,0,0,0,0,0,0
50315,1,1,2000,15,15,15,15,15,15,15,15,15,15
50316,1,1,2000,0,0,0,17,0,0,0,0,0,0
50316,2,1,2000,2,2,2,2,2,2,2,2,2,2
50317,1,1,2000,0,0,0,0,0,0,0,0,0,0
50317,2,1,2000,27,27,27,27,27,27,27,27,27,27
50318,0,1,2000,18,0,0,30,23,0,20,24,19,8
50318,1,1,2000,0,0,19,0,0,0,6,0,0,0
50319,1,1,2000,0,0,0,0,0,0,0,0,0,0
50320,1,1,2000,18,18,18,18,18,18,18,18,18,18
50321,1,1,2000,1,1,1,1,1,1,1,1,1,1
50322,1,1,2000,16,16,16,16,16,16,16,16,16,16
50323,1,1,2000,0,0,0,0,0,0,0,0,0,0
50324,1,1,2000,2,2,2,2,2,2,2,2,2,2
50325,1,1,2000,26,26,26,26,26,26,26,26,26,26
50325,2,1,2000,0,0,6,0,0,0,0,0,0,0
50326,1,1,2000,0,0,0,0,0,0,0,0,0,0
50327,1,1,2000,23,23,23,23,23,23,23,23,23,23
50328,1,1,2000,0,0,0,0,0,0,0,0,0,0
50329,1,1,2000,0,0,0,0,0,0,0,0,0,0
50330,1,1,2000,0,0,0,0,0,0,0,0,0,0
50331,1,1,2000,0,0,0,0,0,0,0,0,0,0
50331,2,1,2000,0,0,0,0,0,0,0,0,0,0
50332,1,1,2000,0,0,0,0,0,0,0,0,0,0
50332,2,1,2000,0,0,0,0,0,0,0,0,0,0
50333,1,1,2000,0,0,0,0,0,0,0,0,0,0
50333,2,1,2000,0,0,0,0,0,0,0,0,0,0
50334,1,1,2000,0,0,0,0,0,0,0,0,0,0
50334,2,1,2000,0,0,0,0,0,0,0,0,0,0
50335,1,1,2000,0,0,0,0,0,0,0,0,0,0
50335,2,1,2000,9,0,0,0,0,0,0,0,0,0
50336,1,1,2000,0,0,0,0,0,0,0,0,0,0
50336,2,1,2000,0,0,0,0,0,0,0,0,0,0
50337,1,1,2000,0,0,0,0,19,0,0,0,0,0
50337,2,1,2000,0,12,0,16,0,0,0,0,0,0
50337,3,1,2000,0,0,0,0,0,0,0,0,0,0
50338,1,1,2000,1,1,1,1,1,1,1,1,1,1
50339,1,1,2000,16,16,16,16,16,16,16,16,16,16
50340,1,1,2000,0,0,0,0,0,0,0,0,0,0
50340,2,1,2000,0,0,0,0,0,0,0,0,0,0
50341,1,1,2000,9,9,9,9,9,9,9,9,9,9
50342,1,1,2000,20,20,20,20,20,20,20,20,20,20
50343,1,1,2000,0,0,0,0,0,0,0,0,0,0
50343,2,1,2000,0,0,0,0,0,0,0,0,0,0
50344,1,1,2000,0,0,0,0,0,0,0,0,0,0
50346,1,1,2000,13,0,0,0,0,0,0,0,0,0
50346,2,1,2000,0,0,0,11,0,0,0,0,0,0
50347,1,1,2000,0,0,0,0,0,0,0,0,0,11
50348,0,1,2000,0,0,0,0,0,0,0,0,0,0
50348,1,1,2000,0,0,0,0,0,0,0,0,0,0
50349,1,1,2000,6,6,6,6,6,6,6,6,6,6
50350,1,1,2000,0,0,0,0,0,0,0,0,0,0
50350,2,1,2000,0,0,0,0,0,0,0,0,0,0
50351,1,1,2000,0,0,0,0,0,0,0,0,0,0
50352,1,1,2000,0,0,0,0,0,0,0,0,0,0
50352,2,1,2000,0,0,0,0,0,0,0,0,0,0
50353,1,1,2000,10,10,10,10,10,10,10,10,10,10
50354,1,1,2000,0,0,0,0,0,0,0,0,0,0
50354,2,1,2000,0,0,0,0,0,0,0,0,0,0
50355,1,1,2000,0,0,0,0,0,0,0,0,0,0
50356,1,1,2000,0,0,0,0,0,0,0,0,0,0
50357,1,1,2000,0,0,0,0,0,0,0,0,0,0
50358,1,1,2000,12,12,12,12,12,12,12,12,12,12
50359,1,1,2000,0,0,0,0,0,0,0,0,9,0
50360,1,1,2000,0,0,0,0,0,0,0,0,0,0
50361,1,1,2000,0,0,0,0,0,0,0,0,0,0
50361,2,1,2000,0,0,0,0,0,0,0,0,0,0
50362,1,1,2000,0,0,0,0,0,0,0,0,0,0
50362,2,1,2000,10,10,10,10,10,10,10,10,10,10
50363,1,1,2000,13,13,13,13,13,13,13,13,13,13
50364,1,1,2000,0,0,0,0,0,0,0,0,0,0
50365,1,1,2000,9,9,9,9,9,9,9,9,9,9
50366,1,1,2000,11,11,11,11,11,11,11,11,11,11
50367,1,1,2000,0,0,0,0,0,0,0,0,0,0
50367,2,1,2000,0,0,0,0,0,0,0,0,0,0
50368,1,1,2000,0,0,0,0,0,0,0,0,0,0
50368,2,1,2000,0,0,0,34,0,0,0,0,0,0
50369,1,1,2000,22,22,22,22,22,22,22,22,22,22
50370,1,1,2000,0,0,0,0,0,0,0,0,0,0
50370,2,1,2000,0,0,0,0,0,0,0,0,0,0
50371,1,1,2000,0,0,0,0,0,0,0,0,0,0
50371,2,1,2000,0,0,0,0,0,0,0,0,0,0
50372,1,1,2000,0,0,0,0,0,0,0,0,0,0
50373,1,1,2000,0,0,0,0,0,0,0,0,0,0
50374,1,1,2000,0,0,0,0,0,14,0,0,0,0
50375,1,1,2000,0,0,0,0,0,0,0,0,0,0
50376,1,1,2000,0,0,0,0,24,0,0,0,0,37
50377,1,1,2000,0,0,0,0,0,0,0,0,0,0
50377,2,1,2000,20,20,20,20,20,20,20,20,20,20
50378,1,1,2000,0,0,0,0,0,0,0,0,0,0
50378,2,1,2000,0,0,0,0,0,0,0,0,0,0
50379,1,1,2000,11,11,11,11,11,11,11,11,11,11
50380,1,1,2000,0,0,0,21,0,0,0,5,0,0
50380,2,1,2000,18,29,21,0,9,7,6,0,14,15
50380,3,1,2000,0,0,0,0,0,0,0,0,0,0
50381,0,1,2000,17,17,17,17,17,17,17,17,17,17
50381,1,1,2000,0,0,0,0,0,0,0,0,0,0
50382,1,1,2000,0,0,0,0,0,0,0,0,0,0
50383,1,1,2000,26,26,26,26,26,26,26,26,26,26
50384,1,1,2000,16,16,16,16,16,16,16,16,16,16
50385,1,1,2000,0,0,0,0,0,0,0,0,0,0
50385,2,1,2000,0,0,3,11,0,0,0,0,0,0
50386,1,1,2000,6,6,6,6,6,6,6,6,6,6
50387,1,1,2000,18,18,18,18,18,18,18,18,18,18
50387,2,1,2000,0,0,0,0,0,0,0,0,0,0
50388,1,1,2000,1,1,1,1,1,1,1,1,1,1
50389,1,1,2000,2,2,2,2,2,2,2,2,2,2
50389,2,1,2000,0,0,0,0,0,0,0,0,0,0
50390,1,1,2000,0,0,0,26,21,0,0,15,0,0
50391,1,1,2000,0,0,0,0,0,0,0,0,0,0
50392,1,1,2000,2,0,7,8,11,24,0,0,0,4
50393,1,1,2000,0,0,0,0,0,0,0,0,0,0
50393,2,1,2000,0,0,0,0,0,0,0,0,0,0
50394,0,1,2000,0,0,0,0,0,0,11,0,0,0
50394,1,1,2000,0,0,0,0,0,0,0,0,0,0
50395,1,1,2000,0,0,0,0,0,0,0,0,0,0
50396,1,1,2000,0,0,0,0,0,0,0,0,0,0
50397,1,1,2000,14,14,14,14,14,14,14,14,14,14
50398,1,1,2000,0,0,0,0,0,0,0,0,0,0
50399,1,1,2000,0,0,0,0,0,0,0,0,0,0
50400,1,1,2000,0,0,8,33,16,9,9,7,12,25
50401,1,1,2000,0,0,0,0,0,0,0,0,0,0
50402,1,1,2000,30,8,17,0,0,0,27,21,8,0
50403,1,1,2000,0,0,0,0,0,0,0,0,0,0
50403,2,1,2000,0,0,0,0,0,0,0,0,0,0
50404,1,1,2000,0,0,0,0,0,0,0,0,0,0
50405,1,1,2000,13,13,13,13,13,13,13,13,13,13
50406,1,1,2000,0,0,0,0,0,0,0,0,0,0
50406,2,1,2000,0,0,0,0,0,0,0,0,0,0
50407,1,1,2000,0,0,0,0,0,0,0,0,0,0
50407,2,1,2000,19,19,19,19,19,19,19,19,19,19
50408,1,1,2000,38,38,38,38,38,38,38,38,38,38
50408,2,1,2000,0,0,0,0,0,0,0,0,0,0
50408,3,1,2000,0,0,0,0,0,0,0,0,0,0
50409,1,1,2000,18,0,0,0,0,0,0,0,0,0
50410,1,1,2000,36,36,36,36,36,36,36,36,36,36
50411,1,1,2000,0,0,0,0,0,0,0,0,0,0
50411,2,1,2000,0,0,0,0,0,0,0,0,0,0
50412,1,1,2000,1,1,1,1,1,1,1,1,1,1
50412,2,1,2000,0,0,0,0,0,0,0,0,0,0
50413,1,1,2000,7,7,7,7,7,7,7,7,7,7
50414,1,1,2000,0,0,0,0,0,0,0,0,0,0
50414,2,1,2000,0,0,0,0,15,0,0,0,0,0
50415,1,1,2000,7,7,7,7,7,7,7,7,7,7
50416,1,1,2000,24,24,24,24,24,24,24,24,24,24
50417,1,1,2000,0,0,0,21,17,0,0,0,0,3
50418,1,1,2000,11,11,11,11,11,11,11,11,11,11
50419,1,1,2000,0,0,0,0,0,0,0,0,0,0
50420,1,2,2000,33,33,33,33,33,33,33,33,33,33
50421,1,1,2000,0,0,0,0,0,0,0,0,0,0
50422,1,1,2000,22,0,0,0,0,0,0,0,0,0
50423,1,1,2000,0,0,0,0,0,0,0,0,0,0
50424,1,1,2000,14,14,14,14,14,14,14,14,14,14
50425,1,1,2000,0,0,0,0,0,0,0,0,0,0
50426,1,1,2000,0,0,0,0,0,0,0,0,0,0
50426,2,1,2000,0,0,0,0,0,0,0,0,0,0
50426,3,1,2000,0,0,0,0,0,0,0,0,0,0
50427,1,1,2000,0,0,0,0,0,0,11,0,0,0
50427,2,1,2000,0,0,0,0,0,0,0,0,0,0
50427,3,1,2000,0,0,0,0,0,0,0,0,0,0
50428,1,1,2000,0,0,0,0,0,0,0,0,0,0
50428,2,1,2000,0,0,0,0,0,0,0,0,0,0
50429,1,1,2000,0,0,0,0,0,0,0,0,0,0
50430,1,1,2000,0,0,0,0,0,0,0,0,0,0
50431,1,1,2000,25,25,25,25,25,25,25,25,25,25