ST_CASE,VEH_NO,PER_NO,YEAR,P1,P2,P3,P4,P5,P6,P7,P8,P9,P10
80148,2,1,2000,0,0,0,0,0,0,0,0,0,0
80149,0,1,2000,22,22,22,22,22,22,22,22,22,22
80149,1,1,2000,0,0,0,0,0,0,0,0,0,0
80150,1,1,2000,0,0,0,0,0,0,0,0,0,0
80151,1,1,2000,0,0,0,0,0,0,0,12,0,0
80152,1,1,2000,0,0,0,0,0,0,0,0,0,0
80153,1,1,2000,0,0,0,0,0,0,0,0,0,0
80153,2,1,2000,0,0,0,0,0,0,0,0,0,0
80154,1,1,2000,4,4,4,4,4,4,4,4,4,4
80155,1,1,2000,17,17,17,17,17,17,17,17,17,17
80155,2,1,2000,0,0,0,0,0,0,0,0,0,0
80155,3,1,2000,0,0,0,17,0,0,0,0,0,0
80156,1,1,2000,11,11,11,11,11,11,11,11,11,11
80156,2,1,2000,0,0,0,0,0,0,0,0,0,0
80157,1,1,2000,6,0,0,13,0,0,7,0,0,0
80158,1,1,2000,26,26,26,26,26,26,26,26,26,26
80158,2,1,2000,0,0,0,0,0,0,0,0,0,0
80159,1,1,2000,17,17,17,17,17,17,17,17,17,17
80159,2,1,2000,13,13,13,13,13,13,13,13,13,13
80160,0,1,2000,0,0,0,0,0,0,0,0,0,0
80160,1,1,2000,0,0,0,0,0,0,0,0,0,0
80161,1,1,2000,8,8,8,8,8,8,8,8,8,8
80162,1,1,2000,0,0,0,0,0,0,0,0,0,0
80162,2,1,2000,0,0,0,0,0,0,0,0,0,0
80163,1,1,2000,22,22,22,22,22,22,22,22,22,22
80164,0,1,2000,14,14,14,14,14,14,14,14,14,14
80164,1,1,2000,0,0,0,0,0,0,0,0,0,0
80165,0,1,2000,0,0,0,0,0,0,0,0,0,0
80165,1,1,2000,0,0,0,0,0,0,0,0,0,0
80166,1,1,2000,0,0,0,0,0,0,0,0,0,0
80167,1,1,2000,0,0,0,0,0,0,0,0,0,0
80168,1,1,2000,0,0,0,18,0,0,0,0,0,0
80169,1,1,2000,23,23,23,23,23,23,23,23,23,23
80170,1,1,2000,0,0,0,0,0,0,0,0,0,0
80171,1,1,2000,0,0,0,0,0,0,0,0,0,0
80172,1,1,2000,11,11,11,11,11,11,11,11,11,11
80173,1,1,2000,0,0,0,0,0,0,0,0,0,0
80174,1,1,2000,2,2,2,2,2,2,2,2,2,2
80174,2,1,2000,0,0,0,0,0,0,0,0,0,0
80175,1,1,2000,5,5,5,5,5,5,5,5,5,5
80176,1,1,2000,0,0,0,0,0,0,0,0,0,0
80176,2,1,2000,0,0,14,0,0,0,0,0,0,0
80177,1,1,2000,0,0,0,0,0,0,0,0,0,0
80177,2,1,2000,0,0,0,0,0,0,0,3,0,0
80177,3,1,2000,0,0,0,0,0,0,0,0,0,0
80178,1,1,2000,10,10,10,10,10,10,10,10,10,10
80179,1,1,2000,18,18,18,18,18,18,18,18,18,18
80179,2,1,2000,0,0,0,0,0,0,0,0,0,0
80180,0,1,2000,0,0,0,0,0,0,0,0,0,0
80180,1,1,2000,0,0,0,0,0,0,0,0,6,0
80181,0,1,2000,2,2,2,2,2,2,2,2,2,2
80181,1,1,2000,0,0,0,0,0,0,0,0,0,0
80181,2,1,2000,0,0,0,0,0,0,0,0,0,0
80181,3,1,2000,0,0,0,0,0,0,0,0,0,0
80182,1,1,2000,0,0,0,0,0,0,0,0,0,0
80183,1,1,2000,0,0,0,0,0,0,0,0,0,0
80183,2,1,2000,0,0,0,0,0,0,0,0,0,0
80184,1,1,2000,0,0,0,0,0,0,0,0,0,0
80184,2,1,2000,0,0,0,0,0,0,0,0,0,0
80184,3,1,2000,0,0,0,0,0,0,0,0,0,0
80185,1,1,2000,0,0,0,0,0,0,0,0,0,0
80186,1,1,2000,0,0,0,0,0,0,0,0,0,0
80187,0,1,2000,0,0,0,0,0,0,0,0,0,0
80187,0,2,2000,0,0,14,0,0,0,9,0,0,0
80187,0,3,2000,0,0,0,0,0,0,0,0,0,0
80187,0,4,2000,0,0,0,0,0,0,0,0,0,0
80187,1,1,2000,23,21,31,18,0,0,0,0,29,30
80188,1,1,2000,0,0,0,0,0,0,0,0,0,0
80188,2,1,2000,0,0,0,0,0,0,0,0,0,0
80189,1,1,2000,2,2,2,2,2,2,2,2,2,2
80190,1,1,2000,19,19,19,19,19,19,19,19,19,19
80191,1,1,2000,9,9,9,9,9,9,9,9,9,9
80192,1,1,2000,0,0,0,0,0,0,0,0,0,0
80193,1,1,2000,0,0,0,0,0,0,0,0,0,0
80194,1,1,2000,21,21,21,21,21,21,21,21,21,21
80195,1,1,2000,0,0,0,0,0,0,0,0,0,11
80195,2,1,2000,11,11,11,11,11,11,11,11,11,11
80196,1,1,2000,14,14,14,14,14,14,14,14,14,14
80196,2,1,2000,0,0,0,0,0,0,0,0,0,0
80197,1,1,2000,0,0,0,0,0,0,0,0,0,0
80198,1,1,2000,14,14,14,14,14,14,14,14,14,14
80199,1,1,2000,28,0,16,6,0,0,0,0,20,0
80200,1,1,2000,0,0,0,0,0,0,0,0,0,0
80201,1,1,2000,1,1,1,1,1,1,1,1,1,1
80201,2,1,2000,0,0,0,0,0,0,0,0,0,0
80202,0,1,2000,22,22,22,22,22,22,22,22,22,22
80202,1,1,2000,0,0,0,0,0,0,0,0,0,0
80203,1,1,2000,0,0,0,0,0,0,0,0,0,0
80203,2,1,2000,0,0,0,0,0,0,0,0,0,0
80204,1,1,2000,27,27,27,27,27,27,27,27,27,27
80204,2,1,2000,0,0,0,0,0,0,0,0,0,0
80204,3,1,2000,0,0,0,0,0,0,0,0,0,0
80204,4,1,2000,0,0,0,0,0,0,0,0,0,0
80205,1,1,2000,0,0,0,0,0,0,0,0,0,0
80206,1,1,2000,0,0,0,0,0,0,0,0,0,0
80207,1,1,2000,0,22,0,0,0,0,13,0,0,0
80208,1,1,2000,7,7,7,7,7,7,7,7,7,7
80209,1,1,2000,18,18,18,18,18,18,18,18,18,18
80209,2,1,2000,0,0,0,0,0,0,0,0,0,0
80210,1,1,2000,31,0,14,22,16,17,0,22,0,14
80211,1,1,2000,0,0,0,0,0,0,0,0,0,0
80211,2,1,2000,5,0,0,0,0,0,0,0,0,0
80212,0,1,2000,0,0,0,0,0,0,0,0,0,0
80212,1,1,2000,0,0,0,0,0,0,0,0,0,0
80213,1,1,2000,0,0,0,0,0,0,0,0,0,0
80213,2,1,2000,0,0,0,0,0,0,0,0,0,0
80214,1,1,2000,26,26,26,26,26,26,26,26,26,26
80215,1,1,2000,0,0,0,0,0,0,0,0,0,0
80216,0,1,2000,35,35,35,35,35,35,35,35,35,35
80216,1,1,2000,0,0,0,0,0,0,0,0,12,0
80217,1,1,2000,0,0,0,0,0,0,0,0,0,0
80218,1,1,2000,0,0,0,0,0,0,0,0,0,0
80218,2,1,2000,0,0,0,0,0,0,0,0,0,0
80219,1,1,2000,0,0,0,0,0,0,0,0,0,0
80219,2,1,2000,0,0,0,0,0,0,0,0,0,0
80220,1,1,2000,3,3,3,3,3,3,3,3,3,3
80220,2,1,2000,21,27,6,8,37,0,25,0,13,0
80221,1,1,2000,32,0,0,0,0,0,0,0,0,0
80222,1,1,2000,0,0,0,0,0,0,0,0,0,0
80222,2,1,2000,7,7,7,7,7,7,7,7,7,7
80223,1,1,2000,15,15,15,15,15,15,15,15,15,15
80224,0,1,2000,0,0,0,0,0,0,0,0,0,0
80224,1,1,2000,0,0,0,0,0,0,0,0,0,0
80225,1,1,2000,0,0,0,0,0,0,0,0,0,0
80225,2,1,2000,0,0,0,0,0,0,0,0,0,0
80225,3,1,2000,21,10,11,0,12,0,12,0,8,0
80225,4,1,2000,12,0,0,0,8,14,8,0,0,6
80225,5,1,2000,8,0,0,0,0,0,0,0,0,0
80226,1,1,2000,0,0,5,0,0,0,0,0,0,0
80226,2,1,2000,0,0,0,0,5,0,0,0,0,0
80227,1,1,2000,0,0,0,0,0,6,0,11,0,0
80227,2,1,2000,0,0,0,0,0,0,0,0,0,0
80228,1,1,2000,0,0,0,0,0,0,0,0,0,0
80228,2,1,2000,0,0,0,0,0,0,0,0,0,0
80229,1,1,2000,0,0,0,0,0,0,0,0,0,0
80230,1,1,2000,21,21,21,21,21,21,21,21,21,21
80230,2,1,2000,0,0,0,0,0,0,0,0,0,0
80231,1,1,2000,0,0,0,0,0,0,0,0,0,0
80232,1,1,2000,0,0,0,0,0,0,0,0,0,0
80232,2,1,2000,1,1,1,1,1,1,1,1,1,1
80233,1,1,2000,0,0,0,0,0,0,0,0,0,0
80233,2,1,2000,0,0,0,0,0,0,0,0,0,0
80234,1,1,2000,1,1,1,1,1,1,1,1,1,1
80235,1,1,2000,0,0,0,0,0,0,0,0,0,0
80236,1,1,2000,11,11,11,11,11,11,11,11,11,11
80237,1,1,2000,25,25,25,25,25,25,25,25,25,25
80238,1,1,2000,0,0,0,0,0,0,0,0,0,0
80238,2,1,2000,0,0,0,0,0,0,0,0,0,0
80239,1,1,2000,0,0,0,0,0,0,0,0,0,0
80240,1,1,2000,19,19,19,19,19,19,19,19,19,19
80240,2,1,2000,0,0,0,0,0,0,0,0,0,0
80241,1,1,2000,0,0,0,0,0,0,0,0,0,0
80241,2,1,2000,0,0,0,0,0,0,0,0,0,0
80242,0,1,2000,0,0,0,0,0,0,0,0,0,0
80242,1,1,2000,0,0,0,0,0,0,0,0,0,0
80242,2,1,2000,0,0,0,0,0,5,0,0,0,0
80243,1,1,2000,0,0,0,0,0,0,0,0,0,0
80243,2,1,2000,1,1,1,1,1,1,1,1,1,1
80244,1,1,2000,0,0,0,0,0,0,0,0,0,0
80244,2,1,2000,0,0,0,0,0,0,0,0,0,0
80245,1,1,2000,0,0,0,0,0,0,0,0,0,0
80246,1,1,2000,0,0,0,0,0,0,0,0,0,0
80246,2,1,2000,0,0,0,0,0,0,0,0,0,0
80247,1,1,2000,0,0,17,0,19,0,0,0,8,12
80248,1,1,2000,0,0,0,0,0,0,0,0,0,0
80249,1,1,2000,0,0,0,0,0,0,0,0,0,0
80249,2,1,2000,0,0,0,0,0,14,0,0,0,0
80250,1,1,2000,7,7,7,7,7,7,7,7,7,7
80251,1,1,2000,0,0,0,10,23,0,18,0,0,0
80252,1,1,2000,0,0,0,0,0,0,0,0,0,0
80252,2,1,2000,0,0,0,0,0,0,0,0,0,0
80253,1,1,2000,16,16,16,16,16,16,16,16,16,16
80254,1,1,2000,0,0,0,0,0,0,0,0,0,0
80254,2,1,2000,0,0,0,0,0,0,0,0,0,0
80255,1,1,2000,0,0,0,0,0,0,0,0,0,0
80255,2,1,2000,0,0,0,0,0,0,0,0,0,0
80256,1,1,2000,20,20,20,20,20,20,20,20,20,20
80257,1,1,2000,0,0,0,0,0,0,0,0,0,0
80257,2,1,2000,0,0,0,0,0,0,0,0,0,0
80258,1,1,2000,0,0,0,0,0,0,0,0,0,0
80259,1,1,2000,0,0,0,0,0,10,0,0,0,0
80259,2,1,2000,0,0,0,0,0,0,0,0,0,0
80260,1,1,2000,0,0,0,0,0,0,0,0,0,0
80260,2,1,2000,0,0,0,0,0,0,0,0,0,0
80261,1,1,2000,14,14,14,14,14,14,14,14,14,14
80262,1,1,2000,0,0,0,0,0,0,0,0,0,0
80262,2,1,2000,0,0,0,0,0,0,0,0,0,0
80263,1,1,2000,0,0,0,0,0,0,0,0,0,0
80264,1,1,2000,0,0,0,0,0,0,0,0,0,0
80265,1,1,2000,11,11,11,11,11,11,11,11,11,11
80265,2,1,2000,0,0,0,0,0,0,0,0,0,0
80266,1,1,2000,9,9,9,9,9,9,9,9,9,9
80267,1,1,2000,24,24,24,24,24,24,24,24,24,24
80267,2,1,2000,0,0,0,0,0,0,0,0,0,0
80268,1,1,2000,0,0,0,0,0,0,0,0,0,0
80268,2,1,2000,0,0,0,0,0,0,0,0,0,0
80269,1,1,2000,14,6,24,18,12,5,9,17,12,20
80269,2,1,2000,0,0,5,0,0,0,0,0,0,0
80270,0,1,2000,0,0,0,0,0,0,0,0,0,0
80270,1,1,2000,0,0,0,0,0,0,0,0,0,0
80271,0,1,2000,39,39,39,39,39,39,39,39,39,39
80271,1,1,2000,0,0,0,0,0,0,0,0,0,0
80272,0,1,2000,30,30,30,30,30,30,30,30,30,30
80272,1,1,2000,8,8,8,8,8,8,8,8,8,8
80273,1,1,2000,0,0,0,0,0,0,0,0,0,0
80273,2,1,2000,0,0,0,0,0,0,0,0,0,0
80274,1,1,2000,0,0,0,0,0,0,0,0,0,0
80275,1,1,2000,0,0,0,0,0,0,0,0,0,0
80276,1,1,2000,0,0,0,0,0,0,0,0,0,0
80276,2,1,2000,0,0,0,0,0,22,0,0,0,0
80276,3,1,2000,0,0,0,0,0,0,0,0,0,0
80277,1,1,2000,0,0,0,0,0,0,0,0,0,0
80278,1,1,2000,28,28,28,28,28,28,28,28,28,28
80279,1,1,2000,0,0,0,0,0,0,0,0,0,0
80280,1,1,2000,0,0,0,0,0,0,0,0,0,0
80280,2,1,2000,0,0,0,0,0,0,0,0,0,3
80281,1,1,2000,0,0,0,0,0,0,0,0,0,0
80282,0,1,2000,0,0,0,0,0,0,0,0,0,0
80282,1,1,2000,0,0,0,0,0,0,0,0,0,0
80283,1,1,2000,0,0,0,0,0,0,0,0,0,0
80284,1,1,2000,9,9,9,9,9,9,9,9,9,9
80285,1,1,2000,0,0,0,0,0,0,0,0,0,17
80285,2,1,2000,0,0,0,0,0,29,0,0,0,0
80286,1,1,2000,0,0,0,0,0,0,0,0,0,0
80286,2,1,2000,0,0,0,0,0,0,0,0,0,0
80287,1,1,2000,19,19,19,19,19,19,19,19,19,19
80288,1,1,2000,0,0,0,0,0,0,0,0,0,0
80289,1,1,2000,0,0,0,0,0,0,0,0,0,0
80289,2,1,2000,0,0,0,0,0,0,0,0,0,0
80289,3,1,2000,0,0,0,0,0,0,0,0,0,0
80290,1,1,2000,0,0,0,0,0,0,0,0,0,0
80291,1,1,2000,0,0,0,0,0,0,0,0,0,0
80291,2,1,2000,1,1,1,1,1,1,1,1,1,1
80292,1,1,2000,22,22,22,22,22,22,22,22,22,22
80293,1,1,2000,25,25,25,25,25,25,25,25,25,25
80294,0,1,2000,0,0,0,0,0,0,0,0,0,0
80294,1,1,2000,0,0,0,0,0,0,0,0,0,0
80295,1,1,2000,0,0,0,0,0,0,0,0,0,0
80295,2,1,2000,0,0,0,0,0,0,0,0,0,0
80296,1,1,2000,0,0,0,0,0,0,0,0,0,0
80297,1,1,2000,0,0,0,0,0,0,0,0,0,0
80297,2,1,2000,0,0,0,0,0,0,0,0,0,5
80298,1,1,2000,0,0,0,0,0,0,0,0,0,0
80299,1,1,2000,0,0,0,0,0,0,0,0,0,0
80299,2,1,2000,0,0,0,0,0,0,0,0,0,12
80300,1,1,2000,4,4,4,4,4,4,4,4,4,4
80300,2,1,2000,0,0,0,0,0,0,0,0,0,0
80300,3,1,2000,0,0,0,0,0,0,0,0,0,0
80301,1,1,2000,0,0,0,0,0,0,0,0,0,0
80301,2,1,2000,0,0,1,0,0,0,0,0,0,0
80302,1,1,2000,33,33,33,33,33,33,33,33,33,33
80303,1,1,2000,0,0,25,0,10,0,0,10,0,9
80304,1,1,2000,0,0,0,0,0,0,0,16,0,0
80305,1,1,2000,10,10,10,10,10,10,10,10,10,10
80306,1,1,2000,0,0,0,0,0,0,0,0,0,0
80306,2,1,2000,12,12,12,12,12,12,12,12,12,12
80306,3,1,2000,0,0,0,0,0,0,0,0,0,0
80307,1,1,2000,0,0,0,0,0,0,0,0,0,0
80307,2,1,2000,0,0,0,0,0,0,0,0,0,0
80308,1,1,2000,0,0,0,0,0,0,0,0,0,0
80309,1,1,2000,16,16,16,16,16,16,16,16,16,16
80310,1,1,2000,12,12,12,12,12,12,12,12,12,12
80310,2,1,2000,0,0,3,0,0,0,0,0,0,0
80311,1,1,2000,0,0,0,0,0,0,0,0,0,0
80312,1,1,2000,14,14,14,14,14,14,14,14,14,14
80313,1,1,2000,0,0,0,0,0,0,0,0,0,0
80313,2,1,2000,0,0,0,0,0,0,0,0,0,0
80314,1,1,2000,0,0,0,0,0,0,0,0,0,0
80314,2,1,2000,0,0,0,0,0,0,0,0,0,0
80314,3,1,2000,0,0,0,0,0,0,0,0,0,0
80314,4,1,2000,0,0,0,0,0,0,0,0,0,0
80315,1,1,2000,15,15,15,15,15,15,15,15,15,15
80316,1,1,2000,8,8,8,8,8,8,8,8,8,8
80317,0,1,2000,30,30,30,30,30,30,30,30,30,30
80317,1,1,2000,18,27,0,10,0,0,20,0,0,7
80318,1,1,2000,0,0,0,0,0,0,0,0,0,0
80319,1,1,2000,0,0,0,0,0,0,0,0,0,0
80319,2,1,2000,0,0,0,0,0,0,0,0,0,0
80320,1,1,2000,0,0,0,0,0,0,0,0,0,0
80321,1,1,2000,1,1,1,1,1,1,1,1,1,1
80321,2,1,2000,0,0,0,0,0,0,0,0,0,0
80322,1,1,2000,0,0,0,0,0,0,0,0,0,0
80322,2,1,2000,0,0,0,0,0,0,0,0,0,0
80322,3,1,2000,0,0,0,0,0,0,0,0,0,0
80322,4,1,2000,0,0,0,0,0,0,0,0,0,0
80323,1,1,2000,0,0,0,0,0,0,0,0,0,14
80323,2,1,2000,0,0,0,0,0,0,0,0,0,0
80324,1,1,2000,0,0,0,0,0,0,0,0,0,0
80324,2,1,2000,0,0,0,0,0,42,0,0,0,0
80325,1,1,2000,0,0,0,0,0,0,0,0,0,0
80325,2,1,2000,4,4,4,4,4,4,4,4,4,4
80326,0,1,2000,18,18,18,18,18,18,18,18,18,18
80326,1,1,2000,0,0,0,0,0,0,0,0,0,13
80327,1,1,2000,0,0,0,0,0,0,0,0,0,0
80328,1,1,2000,0,0,0,0,0,0,0,0,0,0
80328,2,1,2000,0,0,0,0,0,0,0,0,0,0
80329,1,1,2000,0,0,0,0,0,0,0,0,0,0
80329,2,1,2000,0,0,0,0,0,0,0,0,0,0
80330,1,1,2000,0,0,0,0,0,0,0,0,0,0
80331,1,1,2000,0,0,0,0,0,0,0,0,0,0
80331,2,1,2000,0,0,0,0,0,0,0,0,0,0
80332,1,1,2000,24,24,24,24,24,24,24,24,24,24
80333,1,1,2000,0,0,0,0,0,0,20,20,0,0
80333,2,1,2000,0,0,0,0,0,0,0,0,0,0
80334,1,1,2000,0,0,0,0,0,0,0,0,0,0
80334,2,1,2000,0,0,0,0,0,0,0,0,0,0
80335,1,1,2000,20,20,20,20,20,20,20,20,20,20
80336,1,1,2000,0,0,0,0,0,0,0,0,0,0
80337,1,1,2000,0,0,0,0,0,0,0,0,0,0
80338,1,1,2000,0,0,0,0,0,0,0,0,0,0
80338,2,1,2000,0,0,0,0,0,0,0,0,0,0
80338,3,1,2000,0,0,0,0,0,0,0,0,0,0
80339,1,1,2000,0,0,0,0,0,0,0,0,0,0
80339,2,1,2000,0,0,0,0,0,0,0,0,0,0
80340,1,1,2000,0,0,0,0,0,0,0,0,0,0
80340,2,1,2000,0,0,0,0,0,0,0,0,0,0
80341,1,1,2000,23,23,23,23,23,23,23,23,23,23
80342,1,1,2000,15,15,15,15,15,15,15,15,15,15
80342,2,1,2000,0,0,0,0,0,0,0,0,0,0
80343,1,1,2000,0,0,0,0,0,0,0,0,0,0
80343,2,1,2000,0,0,0,0,0,0,0,0,0,0
80343,3,1,2000,0,0,0,0,0,0,14,0,0,0
80344,1,1,2000,0,0,0,0,0,0,0,0,0,0
80344,2,1,2000,0,0,0,0,0,0,0,0,0,0
80345,1,1,2000,0,0,0,0,0,0,0,0,0,0
80346,1,1,2000,0,0,0,0,0,0,0,0,0,0
80347,1,1,2000,0,0,0,0,0,0,0,0,0,0
80348,1,1,2000,0,0,0,0,0,0,0,0,0,0
80349,1,1,2000,0,0,0,0,0,0,0,0,0,0
80350,1,1,2000,0,0,0,0,0,0,0,0,0,0
80350,2,1,2000,0,0,0,0,0,0,0,0,0,0
80351,1,1,2000,0,0,0,0,0,0,0,0,0,0
80352,1,1,2000,22,22,22,22,22,22,22,22,22,22
80352,2,1,2000,4,4,4,4,4,4,4,4,4,4
80352,3,1,2000,9,9,9,9,9,9,9,9,9,9
80353,1,1,2000,1,1,1,1,1,1,1,1,1,1
80354,1,1,2000,0,0,0,0,0,0,0,0,0,0
80355,1,1,2000,16,16,16,16,16,16,16,16,16,16
80355,2,1,2000,5,5,5,5,5,5,5,5,5,5
80356,1,1,2000,0,0,0,0,0,0,0,0,0,0
80357,1,1,2000,0,0,0,0,0,0,0,0,0,0
80358,1,1,2000,0,0,0,0,0,0,0,0,0,0
80358,2,1,2000,0,0,0,0,0,0,0,0,0,0
80359,1,1,2000,0,0,0,0,0,0,0,0,0,0
80360,1,1,2000,21,0,0,0,0,0,0,0,0,0
80360,2,1,2000,0,0,0,0,0,0,0,0,0,0
80361,1,1,2000,24,24,24,24,24,24,24,24,24,24
80362,1,1,2000,12,12,12,12,12,12,12,12,12,12
80363,1,1,2000,28,28,28,28,28,28,28,28,28,28
80363,2,1,2000,0,0,0,0,0,0,0,0,0,0
80363,3,1,2000,0,0,0,0,0,0,0,0,0,0
80364,1,1,2000,0,0,0,0,0,0,0,0,0,0
80365,1,1,2000,0,0,0,0,0,0,0,0,0,0
80366,0,1,2000,0,10,8,8,0,25,0,15,0,6
80366,1,1,2000,0,30,0,0,14,4,0,0,10,22
80367,0,1,2000,35,35,35,35,35,35,35,35,35,35
80367,1,1,2000,0,8,0,11,0,0,0,0,0,15
80368,1,1,2000,0,0,15,0,0,0,0,0,0,0
80368,2,1,2000,0,0,0,0,0,0,0,0,0,0
80368,3,1,2000,0,0,0,0,0,0,0,0,0,0
80369,1,1,2000,23,23,23,23,23,23,23,23,23,23
80369,2,1,2000,0,0,0,0,0,0,0,0,0,0
80370,1,1,2000,8,8,8,8,8,8,8,8,8,8
80371,1,1,2000,0,0,0,0,0,0,0,0,0,0
80372,1,1,2000,2,2,2,2,2,2,2,2,2,2
80373,1,1,2000,0,0,0,0,0,0,0,0,0,0
80373,2,1,2000,0,0,0,0,0,0,0,0,0,0
80374,1,1,2000,0,0,0,0,0,0,0,0,0,0
80375,1,1,2000,0,0,0,0,0,0,0,0,0,0
80375,2,1,2000,0,0,0,0,0,0,0,0,0,0
80376,1,1,2000,22,22,22,22,22,22,22,22,22,22
80377,1,1,2000,0,0,0,0,0,0,0,0,0,0
80378,1,1,2000,17,17,17,17,17,17,17,17,17,17
80379,1,1,2000,0,0,0,0,0,0,0,13,0,21
80380,1,1,2000,0,0,0,0,6,0,0,0,0,0
80380,2,1,2000,0,0,0,0,0,0,0,0,0,0
80381,1,1,2000,17,17,17,17,17,17,17,17,17,17
80382,1,1,2000,0,0,0,0,0,0,0,0,0,0
80382,2,1,2000,0,0,0,0,0,0,0,0,0,0
80383,1,1,2000,12,12,12,12,12,12,12,12,12,12
80384,1,1,2000,0,0,0,0,0,0,0,0,0,0
80385,0,1,2000,19,19,19,19,19,19,19,19,19,19
80385,1,1,2000,5,5,5,5,5,5,5,5,5,5
80386,0,1,2000,0,0,0,0,0,0,0,0,0,0
80386,1,1,2000,0,0,0,0,0,0,0,0,0,0
80387,1,1,2000,0,0,2,0,0,0,0,0,0,0
80388,1,1,2000,0,0,0,0,0,0,0,0,0,0
80388,2,1,2000,0,0,0,0,0,0,0,0,0,0
80389,1,1,2000,0,0,0,0,0,0,0,0,0,0
80390,1,1,2000,0,0,0,0,0,0,0,0,0,0
80390,2,1,2000,0,0,0,0,0,0,0,0,0,0
80390,3,1,2000,0,0,0,0,0,0,0,0,0,0
80391,1,1,2000,20,20,20,20,20,20,20,20,20,20
80392,1,1,2000,0,0,0,0,0,0,0,0,0,0
80393,1,1,2000,0,0,0,0,0,0,0,0,0,0
80394,1,1,2000,0,0,0,13,0,0,0,0,25,0
80394,2,1,2000,0,0,0,0,0,0,0,0,0,0
80395,1,1,2000,0,0,0,0,0,0,0,0,0,0
80395,2,1,2000,0,0,0,0,21,0,0,0,0,0
80396,1,1,2000,0,0,0,0,0,0,0,0,0,0
80396,2,1,2000,0,0,0,0,0,0,0,0,0,0
80397,0,1,2000,0,0,0,0,0,0,0,0,0,0
80397,1,1,2000,0,0,0,0,0,0,0,0,0,0
80398,1,1,2000,0,0,0,0,0,0,0,0,0,0
80398,2,1,2000,0,0,0,0,0,0,0,0,0,0
80399,1,1,2000,13,13,13,13,13,13,13,13,13,13
80400,1,1,2000,0,0,0,0,0,0,0,0,0,0
80401,0,1,2000,0,0,0,0,0,0,0,0,0,0
80401,1,1,2000,0,0,0,0,0,0,0,0,0,0
80402,0,1,2000,27,27,27,27,27,27,27,27,27,27
80402,1,1,2000,3,3,3,3,3,3,3,3,3,3
80403,1,1,2000,0,0,0,0,18,0,0,0,10,0
80404,1,1,2000,0,0,0,0,0,0,0,0,0,0
80405,1,1,2000,0,0,0,0,0,0,0,0,0,0
80406,1,1,2000,0,0,0,0,0,0,0,0,0,0
80406,2,1,2000,0,0,0,0,0,0,0,0,0,0
80407,1,1,2000,16,16,16,16,16,16,16,16,16,16
80408,1,1,2000,19,19,19,19,19,19,19,19,19,19
80409,1,1,2000,0,0,0,0,0,0,0,0,0,0
80409,2,1,2000,0,0,0,0,0,0,0,0,0,0
80410,1,1,2000,10,10,10,10,10,10,10,10,10,10
80411,1,1,2000,0,0,0,0,0,0,0,0,0,0
80412,1,1,2000,1,1,1,1,1,1,1,1,1,1
80413,1,1,2000,24,24,24,24,24,24,24,24,24,24
80413,2,1,2000,28,20,23,15,27,14,8,6,16,12
80414,1,1,2000,0,0,0,0,0,0,0,0,0,0
80414,2,1,2000,0,0,0,0,0,0,0,0,0,0
80415,1,1,2000,0,0,0,0,0,0,0,0,0,0
80415,2,1,2000,9,9,9,9,9,9,9,9,9,9
80416,1,1,2000,30,30,30,30,30,30,30,30,30,30
80416,2,1,2000,4,4,4,4,4,4,4,4,4,4
80417,0,1,2000,0,0,0,0,0,0,0,0,0,0
80417,1,1,2000,0,0,0,0,0,0,0,0,0,0
80418,1,1,2000,29,29,29,29,29,29,29,29,29,29
80419,0,1,2000,36,36,36,36,36,36,36,36,36,36
80419,1,1,2000,0,0,0,0,0,0,0,0,0,0
80419,2,1,2000,0,0,0,0,0,0,0,0,0,0
80420,1,1,2000,14,31,12,7,23,1,6,13,19,0
80421,1,1,2000,12,2,16,15,22,5,0,0,16,5
80422,1,1,2000,0,0,0,0,0,0,0,0,0,0
80422,2,1,2000,0,0,0,0,0,0,0,0,0,0
80423,1,1,2000,1,1,1,1,1,1,1,1,1,1
80423,2,1,2000,0,0,0,0,0,0,0,0,0,0
80424,1,1,2000,8,8,8,8,8,8,8,8,8,8
80425,1,1,2000,18,18,18,18,18,18,18,18,18,18
80426,0,1,2000,0,0,0,0,0,0,0,0,0,0
80426,1,1,2000,0,0,0,0,0,0,0,0,0,0
80427,0,1,2000,39,39,39,39,39,39,39,39,39,39
80427,1,1,2000,0,0,0,0,0,0,0,0,0,0
80428,0,1,2000,28,28,28,28,28,28,28,28,28,28
80428,1,1,2000,0,0,0,0,0,0,0,0,0,0
80429,1,1,2000,7,7,7,7,7,7,7,7,7,7
80429,2,1,2000,0,0,0,0,0,0,0,0,0,0
80430,0,1,2000,0,0,0,0,0,0,0,0,0,0
80430,1,1,2000,0,0,0,0,0,0,0,0,0,0
80431,1,1,2000,0,0,0,0,0,0,0,0,0,0
80432,1,1,2000,0,0,0,0,0,0,0,0,0,0
80432,2,1,2000,0,0,0,0,0,0,0,5,0,0
80433,1,1,2000,11,11,11,11,11,11,11,11,11,11
80434,1,1,2000,0,0,0,0,0,0,0,0,0,0
80435,1,1,2000,1,1,1,1,1,1,1,1,1,1
80436,0,1,2000,30,30,30,30,30,30,30,30,30,30
80436,1,1,2000,0,0,0,0,0,0,0,0,9,0
80437,1,1,2000,28,28,28,28,28,28,28,28,28,28
80438,1,1,2000,0,0,0,0,0,0,0,0,0,0
80438,2,1,2000,0,0,0,0,0,0,0,0,0,0
80439,1,1,2000,15,15,15,15,15,15,15,15,15,15
80440,1,1,2000,30,30,30,30,30,30,30,30,30,30
80440,2,1,2000,0,0,0,0,0,0,0,0,0,0
80441,1,1,2000,24,24,24,24,24,24,24,24,24,24
80442,1,1,2000,0,0,0,0,0,0,0,0,0,0
80443,0,1,2000,5,5,5,5,5,5,5,5,5,5
80443,1,1,2000,6,0,0,0,0,0,10,0,0,0
80444,1,1,2000,0,0,0,0,0,0,0,0,0,0
80445,1,1,2000,0,0,0,0,0,0,0,0,0,0
80445,2,1,2000,0,0,0,0,0,0,0,0,0,0