ST_CASE,VEH_NO,PER_NO,YEAR,P1,P2,P3,P4,P5,P6,P7,P8,P9,P10
80445,3,1,2000,0,0,0,0,0,0,0,0,0,0
80446,1,1,2000,10,10,10,10,10,10,10,10,10,10
80446,2,1,2000,0,0,0,0,0,0,0,0,0,0
80446,3,1,2000,0,0,0,0,0,0,0,0,0,0
80447,1,1,2000,0,0,0,0,0,0,0,0,0,0
80448,1,1,2000,0,0,0,0,0,0,0,0,0,0
80448,2,1,2000,0,0,0,0,0,0,0,0,0,0
80448,3,1,2000,0,0,0,0,0,0,0,0,0,0
80449,1,1,2000,0,0,0,0,0,0,0,0,0,0
80449,2,1,2000,0,0,0,0,0,0,0,0,0,0
80450,1,1,2000,0,0,0,0,0,0,0,0,0,0
80450,2,1,2000,0,0,0,0,0,0,0,0,0,11
80450,3,1,2000,0,0,0,0,0,0,0,0,0,0
80451,1,1,2000,0,0,0,0,0,0,0,0,0,0
80451,2,1,2000,0,0,0,0,0,0,0,0,0,0
80452,1,1,2000,0,0,0,0,0,0,0,0,0,0
80452,2,1,2000,0,0,0,0,0,0,0,0,0,0
80453,1,1,2000,0,0,0,0,0,0,0,0,0,0
80453,2,1,2000,0,0,0,0,0,0,0,0,0,0
80454,1,1,2000,16,16,16,16,16,16,16,16,16,16
80455,1,1,2000,18,18,18,18,18,18,18,18,18,18
80455,2,1,2000,0,0,0,0,0,0,0,0,0,0
80455,3,1,2000,0,0,0,0,0,0,0,0,0,0
80456,1,1,2000,0,0,0,0,0,0,0,0,0,0
80457,1,1,2000,21,21,21,21,21,21,21,21,21,21
80458,1,1,2000,0,0,0,0,0,0,0,0,0,0
80458,2,1,2000,0,0,0,0,0,0,0,0,0,0
80459,1,1,2000,14,14,14,14,14,14,14,14,14,14
80460,1,1,2000,0,0,0,0,0,0,0,0,0,0
80460,2,1,2000,0,0,6,0,0,0,0,0,0,0
80460,3,1,2000,0,0,0,0,0,0,0,0,0,0
80460,4,1,2000,0,0,0,0,0,0,0,0,0,0
80461,1,1,2000,31,22,10,22,20,28,18,24,21,14
80462,0,1,2000,0,0,0,0,0,0,0,0,0,0
80462,1,1,2000,6,0,0,0,6,0,0,0,0,0
80463,1,1,2000,2,2,2,2,2,2,2,2,2,2
80463,2,1,2000,0,0,0,0,0,0,0,0,0,0
80464,1,1,2000,0,0,0,0,0,0,0,0,0,0
80464,2,1,2000,0,0,0,0,0,0,0,0,0,0
80465,1,1,2000,0,0,0,0,0,0,0,0,0,0
80465,2,1,2000,0,0,0,0,0,0,0,0,0,0
80466,1,1,2000,18,18,18,18,18,18,18,18,18,18
80466,2,1,2000,17,17,17,17,17,17,17,17,17,17
80466,3,1,2000,0,0,8,0,0,0,0,0,0,0
80467,1,1,2000,20,20,20,20,20,20,20,20,20,20
80467,2,1,2000,0,0,0,0,0,0,0,16,0,0
80468,1,1,2000,12,12,12,12,12,12,12,12,12,12
80469,1,1,2000,0,0,0,0,0,0,0,0,0,0
80470,0,1,2000,28,28,28,28,28,28,28,28,28,28
80470,1,1,2000,0,0,0,0,0,0,0,0,0,0
80471,1,1,2000,0,0,0,0,0,0,0,0,0,0
80471,2,1,2000,0,0,0,0,0,0,0,0,0,12
80472,1,1,2000,29,29,29,29,29,29,29,29,29,29
80473,1,1,2000,0,0,0,0,0,0,0,0,17,0
80474,1,1,2000,0,0,0,0,0,0,0,0,0,0
80475,0,1,2000,0,0,0,0,0,0,0,0,0,0
80475,1,1,2000,0,0,0,0,0,0,0,0,0,0
80476,1,1,2000,0,30,3,0,12,3,17,12,0,9
80476,2,1,2000,0,0,0,0,0,4,0,0,0,0
80477,1,1,2000,9,9,9,9,9,9,9,9,9,9
80478,1,1,2000,0,0,0,0,0,0,0,0,0,0
80478,2,1,2000,0,0,0,0,0,0,0,0,0,0
80479,1,1,2000,0,0,0,0,0,0,0,0,0,0
80479,2,1,2000,0,0,0,0,0,0,0,0,0,0
80480,0,1,2000,0,0,0,0,0,0,0,0,0,0
80480,1,1,2000,0,0,0,0,0,0,0,0,0,0
80481,1,1,2000,0,0,0,0,0,0,0,0,0,0
80482,1,1,2000,21,21,21,21,21,21,21,21,21,21
80482,2,1,2000,0,0,0,0,0,0,0,0,0,0
80482,3,1,2000,0,0,0,0,0,0,0,0,0,5
80482,4,1,2000,0,0,0,0,0,0,0,0,0,0
80483,1,1,2000,0,0,0,0,0,0,0,0,0,0
80484,1,1,2000,0,0,0,0,0,0,0,0,0,0
80484,2,1,2000,0,0,0,0,0,0,0,0,0,0
80485,1,1,2000,0,0,0,0,0,0,0,0,0,0
80485,2,1,2000,0,0,0,0,0,0,0,0,0,0
80486,1,1,2000,27,27,27,27,27,27,27,27,27,27
80487,1,1,2000,0,0,0,0,0,0,0,0,0,18
80488,1,1,2000,0,0,0,0,0,0,0,0,0,0
80489,1,1,2000,0,0,0,0,0,0,0,0,0,0
80490,1,1,2000,1,1,1,1,1,1,1,1,1,1
80490,2,1,2000,0,0,0,0,0,0,0,0,0,0
80491,1,1,2000,17,17,17,17,17,17,17,17,17,17
80492,1,1,2000,0,0,0,0,0,0,0,0,0,0
80493,0,1,2000,13,13,13,13,13,13,13,13,13,13
80493,1,1,2000,0,0,0,0,0,0,0,0,0,0
80494,1,1,2000,0,0,0,0,0,0,0,0,0,0
80495,1,1,2000,16,16,16,16,16,16,16,16,16,16
80496,1,1,2000,0,0,0,0,0,0,0,0,0,0
80496,2,1,2000,0,0,0,0,0,0,0,0,0,0
80497,1,1,2000,0,0,0,0,0,0,0,0,0,0
80497,2,1,2000,0,0,0,0,0,0,0,0,0,0
80498,1,1,2000,0,0,0,0,0,0,0,0,0,0
80499,0,1,2000,20,20,20,20,20,20,20,20,20,20
80499,1,1,2000,0,8,20,0,15,9,28,0,0,0
80500,1,1,2000,0,0,0,0,0,0,0,0,0,0
80500,2,1,2000,0,0,0,0,0,0,0,0,0,0
80501,1,1,2000,0,0,0,0,0,0,0,0,0,0
80502,1,1,2000,0,0,0,0,12,0,0,0,0,0
80503,1,1,2000,17,17,17,17,17,17,17,17,17,17
80504,1,1,2000,13,13,13,13,13,13,13,13,13,13
80505,1,1,2000,0,0,0,0,0,0,0,0,0,0
80505,2,1,2000,0,0,0,0,0,0,0,0,0,0
80505,3,1,2000,0,0,0,26,0,0,0,0,0,0
80506,1,1,2000,12,12,12,12,12,12,12,12,12,12
80506,2,1,2000,0,0,0,0,0,0,0,0,0,0
80507,1,1,2000,26,26,26,26,26,26,26,26,26,26
80508,1,1,2000,0,0,0,0,0,0,0,0,0,0
80508,2,1,2000,0,0,0,0,0,0,0,13,0,0
80509,1,1,2000,0,0,0,0,0,0,0,0,0,0
80509,2,1,2000,0,0,0,0,0,0,0,0,0,0
80510,1,1,2000,0,0,0,0,0,0,12,0,0,0
80510,2,1,2000,0,0,0,0,0,0,0,0,0,0
80510,3,1,2000,0,0,0,0,0,0,0,0,0,0
80511,0,1,2000,0,0,0,0,0,0,0,0,0,0
80511,1,1,2000,0,0,0,0,0,0,0,0,0,0
80511,2,1,2000,0,0,0,0,0,0,0,0,0,0
80512,1,1,2000,0,0,0,0,0,0,0,0,0,0
80513,1,1,2000,0,0,0,0,0,0,0,0,0,0
80514,0,1,2000,0,0,0,0,0,0,0,0,0,0
80514,1,1,2000,0,0,0,0,0,0,0,0,0,0
80515,1,1,2000,0,0,0,0,0,0,0,0,0,0
80515,2,1,2000,0,0,0,0,0,0,0,0,0,0
80516,1,1,2000,11,0,0,0,0,20,12,8,0,0
80516,2,1,2000,2,2,2,2,2,2,2,2,2,2
80517,1,1,2000,21,21,21,21,21,21,21,21,21,21
80518,1,1,2000,0,0,0,0,0,0,0,0,0,0
80518,2,1,2000,0,0,0,0,0,0,0,0,0,0
80518,3,1,2000,0,0,0,0,0,0,0,0,0,0
80519,1,1,2000,0,0,0,0,0,0,0,0,0,0
80520,1,1,2000,0,0,0,0,0,0,0,0,0,0
80520,2,1,2000,0,0,0,0,0,16,0,0,0,0
80520,3,1,2000,0,0,0,0,0,0,0,0,0,0
80521,1,1,2000,0,0,0,0,0,0,0,0,0,0
80522,1,1,2000,0,0,0,0,0,0,0,0,0,0
80522,2,1,2000,0,0,0,0,0,0,0,0,0,0
80523,1,1,2000,25,25,25,25,25,25,25,25,25,25
80524,1,1,2000,0,0,0,0,0,0,0,0,0,5
80525,1,1,2000,0,0,0,0,0,0,0,0,0,0
80525,2,1,2000,0,0,0,7,0,0,0,0,0,0
80526,1,1,2000,9,0,0,0,0,0,0,0,0,0
80526,2,1,2000,1,1,1,1,1,1,1,1,1,1
80527,1,1,2000,0,0,0,0,0,0,0,0,0,0
80527,2,1,2000,0,0,0,0,0,0,0,0,0,0
80527,3,1,2000,0,0,0,21,0,0,0,0,0,0
80528,1,1,2000,12,12,12,12,12,12,12,12,12,12
80529,1,1,2000,0,0,0,0,0,0,0,0,0,0
80529,2,1,2000,0,0,0,0,0,0,0,0,0,0
80529,3,1,2000,18,0,0,0,0,0,0,0,0,0
80530,1,1,2000,0,0,0,0,0,0,0,0,0,0
80530,2,1,2000,18,18,18,18,18,18,18,18,18,18
80531,1,1,2000,0,0,0,0,0,0,0,0,0,0
80531,2,1,2000,0,0,0,0,0,0,0,0,0,0
80532,0,1,2000,3,3,3,3,3,3,3,3,3,3
80532,1,1,2000,0,0,0,0,0,0,0,0,0,0
80533,1,1,2000,20,20,20,20,20,20,20,20,20,20
80534,1,1,2000,18,18,18,18,18,18,18,18,18,18
80535,1,1,2000,0,0,0,0,0,0,0,0,0,0
80536,1,1,2000,0,0,0,0,0,0,0,0,0,0
80536,2,1,2000,0,0,0,0,0,0,0,0,0,0
80537,1,1,2000,9,9,9,9,9,9,9,9,9,9
80538,1,1,2000,0,0,0,0,0,0,0,0,0,0
80538,2,1,2000,0,0,0,0,0,0,0,0,0,0
80539,1,1,2000,0,0,0,0,0,0,0,0,0,0
80539,2,1,2000,0,0,0,0,0,0,0,0,0,0
80540,1,1,2000,0,0,0,0,0,0,0,0,0,0
80541,1,1,2000,14,14,14,14,14,14,14,14,14,14
80541,2,1,2000,7,7,7,7,7,7,7,7,7,7
80542,1,1,2000,0,0,0,0,0,0,0,0,0,0
80543,1,1,2000,0,0,0,0,0,0,0,0,0,0
80543,2,1,2000,0,0,0,0,0,0,0,0,0,0
80544,1,1,2000,23,23,23,23,23,23,23,23,23,23
80545,1,1,2000,20,20,20,20,20,20,20,20,20,20
80546,1,1,2000,0,0,0,0,0,0,0,0,0,0
80547,1,1,2000,0,0,0,0,0,0,0,0,0,0
80548,0,1,2000,16,16,16,16,16,16,16,16,16,16
80548,1,1,2000,0,0,25,6,0,0,3,0,0,0
80549,1,1,2000,24,24,24,24,24,24,24,24,24,24
80550,1,1,2000,19,19,19,19,19,19,19,19,19,19
80550,2,1,2000,0,0,0,0,0,13,29,13,0,0
80551,1,1,2000,0,0,0,0,0,0,0,0,0,0
80552,1,1,2000,0,0,0,0,0,0,0,0,0,0
80553,1,1,2000,0,0,0,0,0,0,0,0,0,0
80553,2,1,2000,0,0,0,0,0,0,0,0,0,0
80554,0,1,2000,24,24,24,24,24,24,24,24,24,24
80554,1,1,2000,0,0,0,0,4,0,0,0,0,0
80555,1,1,2000,19,19,19,19,19,19,19,19,19,19
80555,2,1,2000,0,0,0,0,0,0,0,0,0,0
80556,1,1,2000,0,0,0,0,0,0,0,0,0,0
80556,2,1,2000,0,0,0,0,0,0,0,0,0,0
80557,1,1,2000,0,0,0,0,0,0,0,0,0,0
80557,2,1,2000,0,0,0,0,0,0,0,0,0,0
80558,1,1,2000,0,0,0,0,0,0,0,0,0,0
80558,2,1,2000,0,0,0,0,0,0,0,0,0,0
80559,1,1,2000,0,0,0,0,0,0,0,0,0,0
80559,2,1,2000,0,0,0,0,0,0,0,0,0,0
80559,3,1,2000,0,0,0,0,0,0,0,0,0,0
80560,1,1,2000,0,0,0,0,0,0,0,0,0,0
80560,2,1,2000,0,0,0,0,0,0,0,0,0,0
80561,1,1,2000,20,20,20,20,20,20,20,20,20,20
80562,1,1,2000,0,0,0,0,0,0,0,0,0,0
80562,2,1,2000,0,0,0,0,0,0,0,0,0,0
80562,3,1,2000,0,0,0,0,0,0,0,0,0,0
80563,1,1,2000,0,0,0,0,0,0,0,0,0,0
80563,2,1,2000,0,0,0,0,0,0,0,0,0,0
80564,0,1,2000,20,20,20,20,20,20,20,20,20,20
80564,1,1,2000,4,4,4,4,4,4,4,4,4,4
80565,0,1,2000,29,29,29,29,29,29,29,29,29,29
80565,1,1,2000,0,0,0,0,0,0,0,0,0,0
80565,2,1,2000,0,11,0,0,14,0,0,0,15,0
80566,0,1,2000,0,0,0,0,0,0,0,0,0,0
80566,1,1,2000,0,0,0,0,0,0,0,0,0,0
80567,1,1,2000,0,0,0,0,0,0,0,0,0,0
80567,2,1,2000,0,0,0,0,0,0,0,0,0,0
80568,0,1,2000,0,0,0,0,0,0,0,0,0,0
80568,1,1,2000,0,0,0,0,0,6,0,0,0,0
80569,1,1,2000,23,23,23,23,23,23,23,23,23,23
80570,1,1,2000,0,0,0,0,0,0,0,0,0,0
80570,2,1,2000,0,0,0,0,0,0,0,0,0,0
80571,1,1,2000,0,0,0,0,0,0,0,0,0,0
80572,1,1,2000,0,0,0,0,0,0,0,0,0,0
80573,1,1,2000,27,27,27,27,27,27,27,27,27,27
80574,0,1,2000,18,18,18,18,18,18,18,18,18,18
80574,1,1,2000,0,0,0,0,0,0,0,0,0,0
80575,1,1,2000,0,0,0,0,0,0,0,0,0,0
80575,2,1,2000,0,0,0,0,0,0,0,0,0,0
80576,1,1,2000,0,0,0,0,0,0,0,0,0,0
80576,2,1,2000,0,0,0,0,0,0,0,0,0,0
80577,1,1,2000,0,0,0,0,0,0,0,0,0,0
80577,2,1,2000,0,0,0,0,0,0,0,0,0,0
80578,1,1,2000,12,12,12,12,12,12,12,12,12,12
80579,1,1,2000,0,0,0,0,0,0,0,0,0,0
80579,2,1,2000,0,0,0,0,0,0,0,0,0,0
80580,1,1,2000,0,23,0,0,0,0,0,0,0,0
80580,2,1,2000,0,0,0,0,0,0,0,0,0,0
80581,1,1,2000,11,11,11,11,11,11,11,11,11,11
80581,2,1,2000,0,0,0,0,0,0,0,0,0,0
80581,3,1,2000,0,0,0,0,0,0,0,0,0,0
80582,1,1,2000,0,0,0,0,0,0,0,0,0,0
80583,0,1,2000,0,0,0,0,0,0,0,0,0,0
80583,1,1,2000,0,0,0,0,0,0,0,0,0,0
80583,2,1,2000,0,0,0,0,0,0,0,0,0,0
80584,1,1,2000,4,4,4,4,4,4,4,4,4,4
80584,2,1,2000,0,0,10,0,0,0,0,0,0,0
80585,0,1,2000,0,0,0,0,0,0,0,0,0,21
80585,1,1,2000,0,0,0,0,0,0,0,0,0,0
80586,1,1,2000,14,14,14,14,14,14,14,14,14,14
80586,2,1,2000,1,1,1,1,1,1,1,1,1,1
80587,1,1,2000,0,0,0,0,0,0,0,0,0,0
80587,2,1,2000,0,0,0,0,0,0,0,0,0,0
80588,1,1,2000,0,0,0,0,0,0,0,0,0,0
80588,2,1,2000,0,0,0,0,0,0,0,0,0,0
80589,1,1,2000,0,0,0,0,0,0,0,0,0,0
80589,2,1,2000,0,0,0,0,0,0,0,0,0,0
80590,1,1,2000,16,16,16,16,16,16,16,16,16,16
80591,0,1,2000,0,0,0,0,0,0,0,0,0,0
80591,1,1,2000,0,0,0,0,0,9,0,0,0,6
80592,1,1,2000,0,0,0,0,0,0,0,0,0,0
80592,2,1,2000,0,0,0,0,0,0,0,0,20,0
80592,3,1,2000,0,0,0,0,0,0,0,0,0,0
80592,4,1,2000,0,0,0,0,0,0,11,0,0,0
80593,1,1,2000,0,0,0,0,0,0,0,0,0,0
80593,2,1,2000,0,0,0,0,0,0,0,0,0,0
80594,0,1,2000,11,11,11,11,11,11,11,11,11,11
80594,1,1,2000,0,0,16,0,0,0,0,0,0,0
80595,0,1,2000,0,0,0,0,0,0,0,0,0,0
80595,1,1,2000,0,0,0,0,0,0,0,0,0,0
80596,0,1,2000,0,0,0,0,0,0,0,0,0,0
80596,1,1,2000,0,0,0,0,0,0,0,0,0,0
80597,1,1,2000,26,26,26,26,26,26,26,26,26,26
80598,1,1,2000,15,15,15,15,15,15,15,15,15,15
80599,1,1,2000,0,0,0,0,0,0,0,0,0,0
80599,2,1,2000,0,0,0,0,0,0,0,0,0,0
80600,1,1,2000,0,0,0,0,0,0,0,0,0,0
80601,1,1,2000,0,0,0,0,0,0,0,0,0,0
80602,1,1,2000,0,0,0,0,0,0,0,0,0,0
80602,2,1,2000,0,0,0,0,0,0,0,0,0,0
80603,0,1,2000,0,0,0,0,0,0,0,0,0,0
80603,0,2,2000,0,10,0,0,0,0,0,0,0,0
80603,1,1,2000,0,0,0,0,0,0,0,0,0,0
80604,1,1,2000,0,0,0,0,0,0,0,0,0,0
80604,2,1,2000,0,0,0,0,0,0,0,0,0,0
80605,1,1,2000,0,23,20,25,15,18,14,28,13,34
80606,0,1,2000,3,22,29,30,24,32,15,17,23,14
80606,1,1,2000,0,0,0,0,0,0,0,0,0,0
80607,1,1,2000,0,0,0,0,0,0,0,0,0,0
80607,2,1,2000,0,0,0,0,0,0,0,0,0,0
80608,1,2,2000,20,20,20,20,20,20,20,20,20,20
80609,1,1,2000,18,18,18,18,18,18,18,18,18,18
80609,2,1,2000,0,0,0,0,0,0,0,0,0,0
80609,3,1,2000,0,0,0,0,0,0,0,0,0,0
80610,1,1,2000,0,0,0,0,0,0,0,0,0,0
80610,2,1,2000,0,0,0,0,0,0,0,0,0,0
80611,1,1,2000,8,8,8,8,8,8,8,8,8,8
80612,0,1,2000,0,0,0,0,0,0,0,0,0,0
80612,1,1,2000,0,0,0,0,0,0,0,0,0,0
80613,1,1,2000,26,26,26,26,26,26,26,26,26,26
90001,1,1,2000,9,9,9,9,9,9,9,9,9,9
90001,2,1,2000,0,0,0,0,0,0,0,0,0,0
90002,0,1,2000,0,0,0,0,0,0,0,0,0,0
90002,1,1,2000,14,14,14,14,14,14,14,14,14,14
90003,1,1,2000,36,36,36,36,36,36,36,36,36,36
90004,1,1,2000,0,13,33,21,16,11,20,0,21,0
90005,1,1,2000,0,0,0,0,0,0,0,0,0,0
90006,1,1,2000,10,10,10,10,10,10,10,10,10,10
90007,1,1,2000,0,0,0,0,0,0,0,0,0,0
90008,1,1,2000,0,0,0,0,0,0,0,0,0,0
90008,2,1,2000,0,0,19,21,18,0,18,10,0,23
90009,1,1,2000,0,0,5,27,9,20,13,0,0,0
90009,2,1,2000,21,21,21,21,21,21,21,21,21,21
90010,1,1,2000,36,36,36,36,36,36,36,36,36,36
90011,0,1,2000,10,10,10,10,10,10,10,10,10,10
90011,1,1,2000,13,13,13,13,13,13,13,13,13,13
90012,0,1,2000,0,0,0,0,0,0,0,0,0,0
90012,1,1,2000,0,0,0,0,0,0,0,0,0,0
90013,1,1,2000,0,0,0,0,0,0,0,0,0,0
90014,0,1,2000,2,2,2,2,2,2,2,2,2,2
90015,1,1,2000,21,21,21,21,21,21,21,21,21,21
90015,2,1,2000,0,0,0,0,0,0,0,0,0,0
90016,1,1,2000,18,18,18,18,18,18,18,18,18,18
90017,1,1,2000,0,0,0,0,0,0,0,0,0,0
90018,0,1,2000,0,0,0,0,0,0,0,0,0,0
90018,1,1,2000,2,2,2,2,2,2,2,2,2,2
90019,1,1,2000,23,23,23,23,23,23,23,23,23,23
90020,1,1,2000,10,16,6,19,33,8,17,20,20,26
90020,2,1,2000,18,18,18,18,18,18,18,18,18,18
90021,1,1,2000,0,0,0,0,0,0,0,0,0,0
90022,1,1,2000,0,0,0,0,0,0,0,0,0,0
90022,2,1,2000,0,0,0,0,0,0,0,0,0,0
90023,0,1,2000,18,18,18,18,18,18,18,18,18,18
90023,1,1,2000,0,0,0,0,0,0,0,0,0,2
90024,1,1,2000,0,0,9,9,0,10,0,12,24,0
90024,2,1,2000,0,20,9,18,0,0,0,0,0,0
90025,1,1,2000,0,0,0,0,0,0,0,0,0,0
90025,2,1,2000,0,6,0,0,0,0,0,0,0,0
90025,3,1,2000,0,17,0,0,0,0,6,0,0,12
90026,0,1,2000,0,0,0,0,0,0,0,0,0,0
90026,1,1,2000,0,0,0,0,0,0,0,0,0,0
90027,0,1,2000,31,31,31,31,31,31,31,31,31,31
90027,1,1,2000,0,0,0,0,0,0,0,0,0,0
90028,1,1,2000,0,0,0,0,0,0,0,0,0,0
90029,1,1,2000,0,0,0,0,0,0,0,0,0,0
90029,2,1,2000,12,12,12,12,12,12,12,12,12,12
90030,1,1,2000,0,0,0,0,0,0,0,0,11,0
90030,2,1,2000,0,0,0,0,0,0,0,0,0,0
90031,1,1,2000,0,0,0,0,0,0,0,0,0,0
90031,2,1,2000,0,0,0,0,0,0,0,0,0,0
90032,0,1,2000,0,0,0,0,0,0,0,0,0,0
90032,1,1,2000,0,0,0,0,0,0,0,0,0,0
90033,1,1,2000,0,0,0,0,0,0,0,0,16,0
90033,2,1,2000,0,0,0,0,0,0,0,0,0,0
90033,3,1,2000,0,0,0,0,0,0,0,0,0,0
90034,1,1,2000,0,26,17,13,9,3,29,24,17,13
90034,2,1,2000,12,20,0,11,0,24,0,0,20,10
90035,1,1,2000,0,0,0,5,0,0,0,0,0,0
90035,2,1,2000,0,0,0,0,0,0,0,0,0,0
90035,3,1,2000,0,0,0,0,0,0,0,0,0,0
90036,1,1,2000,0,0,0,0,0,0,0,0,0,0
90036,2,1,2000,0,0,24,0,0,9,0,0,0,0
90037,1,1,2000,0,0,0,0,0,0,0,0,0,0
90038,1,1,2000,0,0,0,0,0,0,0,0,0,0
90039,1,1,2000,0,0,0,0,0,0,0,0,0,0
90039,2,1,2000,33,33,33,33,33,33,33,33,33,33
90040,1,1,2000,0,0,0,0,0,0,0,0,0,0
90040,2,1,2000,0,0,0,0,0,0,0,0,0,0
90040,3,1,2000,0,0,0,0,0,0,0,0,0,0
90040,4,1,2000,0,0,0,0,0,0,0,0,0,0
90041,1,1,2000,0,0,0,0,0,0,0,0,0,0
90042,1,1,2000,0,0,0,0,0,0,0,0,0,0
90043,1,1,2000,16,0,0,0,31,27,4,0,0,16
90043,2,1,2000,0,0,0,0,0,0,0,0,0,0
90044,0,1,2000,9,24,0,20,5,0,18,0,0,0
90044,1,1,2000,0,0,0,0,0,0,0,0,0,0
90045,1,1,2000,19,19,19,19,19,19,19,19,19,19
90046,1,1,2000,26,26,26,26,26,26,26,26,26,26
90046,2,1,2000,0,0,0,0,0,0,0,0,0,0
90047,1,1,2000,0,0,0,0,0,0,0,0,0,0
90048,1,1,2000,0,0,9,0,0,0,0,0,0,0
90048,2,1,2000,0,0,0,0,0,0,0,0,0,0
90049,1,1,2000,0,0,0,0,0,0,0,0,0,0
90049,2,1,2000,0,0,0,0,0,0,0,0,0,0
90049,3,1,2000,0,0,0,7,0,0,0,0,4,4
90050,1,1,2000,17,17,17,17,17,17,17,17,17,17
90051,1,1,2000,0,0,0,0,0,0,0,0,0,0
90051,2,1,2000,0,6,0,0,0,0,0,0,0,0
90051,3,1,2000,0,0,0,31,0,0,0,0,0,0
90051,4,1,2000,0,0,0,0,0,0,0,0,0,0
90051,5,1,2000,0,0,0,0,0,0,0,0,0,0
90052,1,1,2000,21,21,21,21,21,21,21,21,21,21
90053,1,1,2000,18,13,0,28,12,26,20,30,0,16
90054,1,1,2000,0,0,0,0,0,0,0,0,0,0
90054,2,1,2000,26,26,26,26,26,26,26,26,26,26
90055,1,1,2000,0,0,0,0,0,0,0,0,0,0
90055,2,1,2000,0,0,0,12,0,0,0,0,0,0
90055,3,1,2000,0,0,0,0,0,0,0,0,0,0
90056,1,1,2000,0,0,0,0,0,0,0,0,0,0
90057,1,1,2000,24,24,24,24,24,24,24,24,24,24
90058,1,1,2000,0,25,0,18,3,0,0,12,16,0
90058,2,1,2000,0,8,0,18,0,25,26,17,23,16
90059,1,1,2000,0,0,0,10,13,0,12,8,8,0
90059,2,1,2000,0,0,0,0,0,0,0,0,0,0
90060,1,1,2000,22,22,22,22,22,22,22,22,22,22
90061,1,1,2000,17,17,17,17,17,17,17,17,17,17
90062,1,1,2000,14,14,14,14,14,14,14,14,14,14
90063,1,1,2000,0,0,0,0,0,0,0,0,0,0
90064,1,1,2000,21,21,21,21,21,21,21,21,21,21
90065,1,1,2000,0,0,0,0,0,0,0,0,0,0
90065,2,1,2000,0,0,0,0,0,0,0,0,0,0
90066,1,1,2000,25,16,0,0,0,0,0,0,0,0
90066,2,1,2000,0,0,0,0,0,0,0,0,0,0
90067,1,1,2000,0,0,0,0,0,0,0,0,0,0
90067,2,1,2000,0,0,0,0,0,0,0,0,0,0
90068,1,1,2000,0,0,0,0,0,0,0,0,0,0
90069,0,1,2000,24,0,43,32,16,19,27,17,0,13
90069,0,2,2000,2,0,0,29,22,3,25,0,36,0
90069,1,1,2000,0,21,0,0,0,0,0,0,0,0
90070,1,1,2000,27,27,27,27,27,27,27,27,27,27
90070,2,1,2000,0,0,17,0,17,0,0,0,0,22
90071,1,1,2000,34,34,34,34,34,34,34,34,34,34
90071,2,1,2000,0,0,0,0,0,0,0,0,0,0
90072,1,1,2000,0,0,0,0,0,0,0,0,0,0
90073,1,1,2000,0,0,0,0,0,0,0,0,0,0
90073,2,1,2000,0,0,0,0,0,0,0,0,0,0
90073,3,1,2000,0,0,0,0,0,20,0,0,0,0
90073,4,1,2000,0,0,0,0,0,0,0,0,0,0
90073,5,1,2000,0,0,0,0,0,0,0,0,0,0
90073,6,1,2000,0,0,0,0,0,0,0,0,0,0
90073,7,1,2000,0,0,0,0,0,0,0,0,0,0
90074,1,1,2000,0,0,0,0,0,0,0,0,0,0
90074,2,1,2000,0,0,0,0,0,0,0,0,0,0
90075,1,1,2000,0,0,0,0,0,0,0,0,0,0
90075,2,1,2000,7,7,7,7,7,7,7,7,7,7
90076,1,1,2000,0,0,0,0,0,0,0,0,0,0
90076,2,1,2000,0,0,0,0,0,0,0,0,0,0
90077,1,1,2000,20,20,20,20,20,20,20,20,20,20
90078,1,1,2000,28,25,15,19,0,0,10,0,25,0
90078,2,1,2000,0,0,0,0,0,0,0,0,0,0
90078,3,1,2000,0,19,19,0,0,9,0,10,13,0
90079,1,1,2000,13,22,0,0,20,16,0,15,0,0
90079,2,1,2000,0,0,0,0,0,0,0,0,0,0
90079,3,1,2000,0,0,0,0,14,0,0,0,14,0
90080,1,1,2000,8,8,8,8,8,8,8,8,8,8
90080,2,1,2000,1,1,1,1,1,1,1,1,1,1
90081,1,1,2000,18,0,0,13,0,0,0,17,0,0
90082,1,1,2000,0,0,0,0,0,0,0,0,0,0
90082,2,1,2000,8,8,8,8,8,8,8,8,8,8
90083,1,1,2000,0,0,0,0,0,0,0,0,0,0
90083,2,1,2000,0,0,0,0,0,0,0,0,0,0
90084,1,1,2000,0,0,0,0,0,0,0,0,0,0
90085,1,1,2000,1,1,1,1,1,1,1,1,1,1
90085,2,1,2000,17,17,17,17,17,17,17,17,17,17
90086,1,1,2000,10,10,10,10,10,10,10,10,10,10
90087,0,1,2000,0,0,0,0,0,0,0,0,0,0
90087,1,1,2000,0,21,23,0,14,0,0,0,0,0
90088,1,1,2000,0,0,0,0,0,0,0,0,0,0
90089,1,1,2000,14,13,3,16,0,16,19,0,10,8
90089,2,1,2000,11,0,21,0,0,0,0,0,0,0
90090,1,1,2000,0,0,0,0,0,0,0,0,13,0
90090,2,1,2000,0,0,0,0,0,0,0,0,0,0
90091,1,1,2000,13,12,16,15,20,23,16,4,15,12
90092,0,1,2000,0,0,0,0,0,0,0,0,0,0
90092,1,1,2000,0,0,0,0,0,0,0,0,0,0
90093,1,1,2000,0,0,0,0,0,0,0,0,0,0
90093,2,1,2000,0,0,0,0,0,0,0,0,0,0
90094,1,1,2000,0,0,0,0,7,0,0,0,0,0
90095,1,1,2000,0,18,18,31,21,10,0,0,19,29
90095,2,1,2000,0,0,0,0,0,0,0,0,0,0
90096,1,1,2000,26,26,26,26,26,26,26,26,26,26
90097,1,1,2000,0,0,0,0,0,0,0,0,0,0
90098,1,1,2000,2,2,2,2,2,2,2,2,2,2
90098,2,1,2000,0,0,0,0,0,0,4,0,0,0
90099,1,1,2000,0,0,0,0,0,0,0,0,0,0
90099,2,1,2000,0,0,0,0,0,0,0,0,0,0