ST_CASE,VEH_NO,PER_NO,YEAR,P1,P2,P3,P4,P5,P6,P7,P8,P9,P10
122496,1,1,2000,0,6,22,24,14,11,32,0,25,0
122497,1,1,2000,0,0,0,0,0,0,4,0,0,0
122497,2,1,2000,0,0,0,0,0,0,14,0,0,0
122498,1,1,2000,0,0,0,0,0,0,0,0,0,0
122498,2,1,2000,0,0,0,0,0,0,0,0,0,0
122499,0,1,2000,0,0,0,0,0,0,0,0,0,0
122499,1,1,2000,0,0,0,0,0,0,0,0,0,0
122499,2,1,2000,0,0,0,0,0,0,0,0,0,0
122500,0,1,2000,0,0,0,0,0,0,0,0,0,0
122500,1,1,2000,0,0,0,18,8,0,12,0,3,0
122501,0,1,2000,0,24,23,0,0,0,14,21,12,16
122501,1,1,2000,0,0,0,0,0,0,0,0,0,0
122502,1,1,2000,17,17,17,17,17,17,17,17,17,17
122503,1,1,2000,0,0,0,0,0,0,0,0,0,0
122503,2,1,2000,0,0,0,0,0,0,0,0,0,0
122504,0,1,2000,0,0,0,0,0,0,0,0,0,0
122504,1,1,2000,0,0,0,0,0,0,0,0,0,0
122505,1,1,2000,23,23,23,23,23,23,23,23,23,23
122506,1,1,2000,0,0,0,0,0,0,0,0,0,0
122506,2,1,2000,0,0,0,0,0,0,0,0,0,0
122507,1,1,2000,0,0,0,0,0,0,7,0,0,0
122507,2,1,2000,0,0,0,0,23,9,0,0,0,0
122507,3,1,2000,0,0,0,0,0,0,0,0,0,0
122507,4,1,2000,0,0,0,0,0,0,0,0,0,0
122508,1,1,2000,22,22,22,22,22,22,22,22,22,22
122509,1,1,2000,0,0,0,0,0,0,0,0,0,0
122509,2,1,2000,13,13,13,13,13,13,13,13,13,13
122510,0,1,2000,15,31,33,0,0,0,12,0,0,0
122510,1,1,2000,0,0,0,0,0,0,0,0,0,0
122511,1,1,2000,25,25,25,25,25,25,25,25,25,25
122512,0,1,2000,0,0,0,0,0,0,0,0,0,0
122512,0,2,2000,0,0,0,0,0,0,13,0,0,17
122512,0,3,2000,0,0,0,0,0,0,0,0,0,0
122512,1,1,2000,0,6,0,0,0,0,0,0,16,0
122512,2,1,2000,0,0,8,0,0,0,0,0,0,0
122513,1,1,2000,0,0,0,0,0,0,0,0,0,0
122513,2,1,2000,0,0,0,21,10,23,23,0,12,15
122514,0,1,2000,0,0,0,0,0,0,0,0,0,0
122514,1,1,2000,0,0,0,0,0,0,0,0,0,0
122515,1,1,2000,0,0,0,0,0,0,0,0,0,0
122515,2,1,2000,0,0,3,0,0,0,0,0,0,0
122516,1,1,2000,9,0,0,0,0,0,0,0,0,0
122517,0,1,2000,0,0,0,0,0,0,0,0,0,0
122517,1,1,2000,0,0,0,0,0,0,0,0,0,0
122518,1,1,2000,0,0,0,0,0,10,0,0,0,0
122518,2,1,2000,0,0,0,0,0,0,0,0,0,0
122519,1,1,2000,20,26,0,7,34,23,0,14,0,0
122520,1,1,2000,0,0,0,0,0,0,0,0,0,0
122520,2,1,2000,0,16,7,0,32,0,0,0,4,0
122521,1,1,2000,3,3,3,3,3,3,3,3,3,3
122522,1,1,2000,22,30,29,20,24,0,7,30,5,0
122523,1,1,2000,0,0,0,0,0,0,0,0,0,0
122523,2,1,2000,0,0,0,0,0,0,0,0,0,0
122524,1,1,2000,0,0,0,0,0,0,0,0,0,0
122524,2,1,2000,0,0,0,0,0,0,0,0,0,0
122525,0,1,2000,0,0,0,0,0,23,22,0,0,0
122525,1,1,2000,0,0,0,0,0,0,18,0,0,0
122526,1,1,2000,18,18,18,18,18,18,18,18,18,18
122527,0,1,2000,30,34,17,29,22,9,28,25,16,18
122527,1,1,2000,11,30,29,18,8,18,22,17,10,6
122528,1,1,2000,0,0,0,0,0,6,13,8,0,0
122528,2,1,2000,0,0,0,0,0,0,0,0,0,0
122529,1,1,2000,5,5,5,5,5,5,5,5,5,5
122530,1,1,2000,0,0,0,0,0,0,0,0,0,0
122530,2,1,2000,0,0,0,0,0,0,14,0,0,0
122531,1,1,2000,0,0,0,0,0,0,0,0,0,0
122531,2,1,2000,0,0,0,0,0,0,0,0,0,0
122532,1,1,2000,0,0,0,0,0,0,0,0,23,19
122532,2,1,2000,19,23,0,21,13,9,0,0,0,0
122533,1,1,2000,16,16,16,16,16,16,16,16,16,16
122533,2,1,2000,0,0,0,0,0,0,0,0,0,0
122533,3,1,2000,0,0,0,0,0,0,0,0,0,0
122534,1,1,2000,0,0,0,0,0,0,0,0,0,0
122535,0,1,2000,0,17,0,0,0,0,14,19,0,25
122535,1,1,2000,0,0,0,0,0,0,0,0,0,0
122536,1,1,2000,22,22,22,22,22,22,22,22,22,22
122536,2,1,2000,0,0,0,0,0,0,0,0,0,0
122537,0,1,2000,0,0,0,0,0,0,0,0,0,0
122537,1,1,2000,0,0,0,0,0,0,0,0,0,0
122538,1,1,2000,0,0,6,0,0,0,0,0,0,0
122539,1,1,2000,0,0,0,0,0,0,0,0,0,0
122540,1,1,2000,8,8,8,8,8,8,8,8,8,8
122541,1,1,2000,0,0,0,0,0,0,0,0,0,0
122541,2,1,2000,0,0,0,0,0,0,0,0,0,0
122542,1,1,2000,0,0,0,0,0,0,0,0,0,0
122542,2,1,2000,0,0,0,19,5,0,0,0,0,0
122543,0,1,2000,0,0,0,0,0,0,0,0,0,0
122543,1,1,2000,0,0,0,0,0,0,0,0,0,0
122544,1,1,2000,9,9,9,9,9,9,9,9,9,9
122545,1,1,2000,0,0,0,0,0,0,0,0,0,0
122546,1,1,2000,25,11,23,6,23,0,0,0,0,0
122547,0,1,2000,0,0,0,0,0,0,0,0,0,0
122547,0,2,2000,22,0,0,0,0,0,21,0,0,0
122547,1,1,2000,0,0,0,0,0,0,0,0,0,0
122548,1,1,2000,0,0,0,0,0,12,0,0,0,0
122549,0,1,2000,18,18,18,18,18,18,18,18,18,18
122549,1,1,2000,0,18,0,18,0,0,0,10,7,0
122550,1,1,2000,18,18,18,18,18,18,18,18,18,18
122550,2,1,2000,0,0,0,0,7,0,4,0,0,0
122551,1,1,2000,0,0,10,8,0,0,0,0,0,0
122552,1,1,2000,0,0,0,0,0,0,0,0,0,0
122552,2,1,2000,0,0,0,14,0,0,0,0,0,0
122552,3,1,2000,0,0,0,0,0,0,0,0,0,0
122552,4,1,2000,0,0,0,0,0,0,0,0,0,0
122553,1,1,2000,0,0,0,0,0,0,0,0,0,0
122553,2,1,2000,0,0,0,0,0,0,0,0,0,0
122554,1,1,2000,0,0,0,6,0,0,0,0,0,0
122554,2,1,2000,0,0,0,0,0,0,5,0,0,0
122555,1,1,2000,39,39,39,39,39,39,39,39,39,39
122555,2,1,2000,0,0,0,0,0,0,0,0,0,0
122556,1,1,2000,0,0,0,0,0,0,0,0,0,0
122556,2,1,2000,0,0,0,0,0,0,17,0,0,0
122556,3,1,2000,0,0,0,0,0,0,0,0,0,0
122557,1,1,2000,15,23,17,2,18,12,0,38,0,33
122558,0,1,2000,0,0,15,14,0,0,0,0,0,0
122558,1,1,2000,0,15,24,0,0,0,4,0,0,0
122558,2,1,2000,0,0,0,6,0,0,0,0,0,0
122559,1,1,2000,0,0,0,0,0,0,0,0,0,0
122559,2,1,2000,0,0,0,0,0,0,0,0,0,0
122560,1,1,2000,0,0,0,0,27,0,0,0,0,0
122560,2,1,2000,0,0,0,0,0,0,0,0,0,0
122560,3,1,2000,0,0,0,0,0,0,0,0,0,0
122561,1,1,2000,0,0,0,0,0,0,0,0,0,0
122561,2,1,2000,0,0,0,0,0,0,0,0,0,0
122562,1,1,2000,0,0,0,0,0,0,0,0,0,0
122562,2,1,2000,0,0,0,0,0,0,0,0,0,0
122563,0,1,2000,0,0,0,0,0,0,0,0,0,0
122563,1,1,2000,0,0,0,0,0,0,0,0,0,0
122564,0,1,2000,0,7,0,0,0,14,0,24,7,0
122564,1,1,2000,0,0,0,0,0,0,0,0,0,0
122565,1,1,2000,0,0,0,0,0,0,12,0,0,0
122566,1,1,2000,0,0,0,0,0,0,0,0,0,0
122566,2,1,2000,13,13,13,13,13,13,13,13,13,13
122567,1,1,2000,21,21,21,21,21,21,21,21,21,21
122568,1,1,2000,24,24,24,24,24,24,24,24,24,24
122569,1,1,2000,12,12,12,12,12,12,12,12,12,12
122570,1,1,2000,0,19,0,0,0,0,0,0,0,0
122571,1,1,2000,0,0,0,0,0,0,0,0,0,0
122571,2,1,2000,0,0,0,0,0,0,0,0,0,0
122572,0,1,2000,10,0,0,0,0,0,0,0,0,0
122572,1,1,2000,0,0,0,0,0,0,0,0,0,0
122573,0,1,2000,34,34,34,34,34,34,34,34,34,34
122573,1,1,2000,7,7,7,7,7,7,7,7,7,7
122574,1,1,2000,0,0,0,0,0,0,0,0,0,0
122574,2,1,2000,0,0,0,0,0,0,0,0,0,0
122575,2,1,2000,0,0,0,0,0,0,0,0,0,0
122575,3,1,2000,0,23,0,0,0,0,0,0,0,0
122576,0,1,2000,20,20,21,15,32,14,18,27,15,11
122576,1,1,2000,4,11,15,11,14,0,12,39,15,8
122577,1,1,2000,0,0,0,0,0,0,0,0,0,0
122577,2,1,2000,0,0,0,0,0,0,0,0,0,0
122578,1,1,2000,0,0,0,0,0,0,0,0,0,0
122579,1,1,2000,21,0,0,0,0,0,0,0,0,0
122580,1,1,2000,10,10,10,10,10,10,10,10,10,10
122581,1,1,2000,0,0,0,0,0,0,0,0,0,0
122581,2,1,2000,12,12,12,12,12,12,12,12,12,12
122582,1,1,2000,21,21,21,21,21,21,21,21,21,21
122583,0,1,2000,0,19,0,0,0,0,0,0,0,0
122583,1,1,2000,0,0,0,0,0,0,0,0,0,0
122584,1,1,2000,0,0,0,0,0,0,0,0,0,0
122584,2,1,2000,8,0,0,0,0,0,0,0,0,0
122585,0,1,2000,7,7,7,7,7,7,7,7,7,7
122585,1,1,2000,0,0,0,0,0,0,0,0,0,0
122586,1,1,2000,0,0,0,0,0,0,0,0,0,0
122586,2,1,2000,0,4,0,0,0,0,0,0,0,0
122587,1,1,2000,8,8,8,8,8,8,8,8,8,8
122587,2,1,2000,3,0,0,0,0,0,0,0,0,0
122587,3,1,2000,0,0,0,0,0,0,0,0,0,0
122588,1,1,2000,26,26,26,26,26,26,26,26,26,26
122588,2,1,2000,0,0,0,0,0,0,0,0,0,0
122589,0,1,2000,22,22,22,22,22,22,22,22,22,22
122589,1,1,2000,0,0,0,0,0,0,0,0,0,0
122590,1,1,2000,0,0,0,0,0,0,0,0,0,14
122590,2,1,2000,0,0,0,0,0,0,0,0,0,0
122591,1,1,2000,0,0,0,0,0,0,0,0,0,0
122592,1,1,2000,0,0,0,0,0,0,0,0,11,0
122592,2,1,2000,2,0,5,0,0,0,0,0,0,0
122593,1,1,2000,0,0,0,0,0,0,0,0,0,0
122593,2,1,2000,0,0,0,0,0,0,0,0,11,0
122594,1,1,2000,0,0,0,0,0,0,0,0,0,0
122594,2,1,2000,0,0,0,0,0,0,0,0,0,0
122595,0,1,2000,0,0,0,0,0,0,0,0,0,0
122595,1,1,2000,0,0,0,0,0,0,0,0,0,12
122596,0,1,2000,0,0,0,0,0,0,0,0,0,0
122596,1,1,2000,0,0,0,0,0,0,0,0,0,0
122597,0,1,2000,0,0,0,0,0,0,0,0,0,0
122597,1,1,2000,0,0,0,0,0,0,0,0,0,0
122598,0,1,2000,0,0,0,0,0,0,0,0,0,0
122598,1,1,2000,0,0,0,0,0,0,0,0,0,0
122599,1,1,2000,14,14,14,14,14,14,14,14,14,14
122600,1,1,2000,0,0,0,0,0,16,0,0,0,0
122602,0,1,2000,0,0,0,0,0,0,0,0,0,0
122602,1,1,2000,0,0,0,17,0,3,0,17,0,0
122603,1,1,2000,0,0,0,0,0,0,0,0,0,0
122603,2,1,2000,0,0,0,0,0,0,0,0,0,0
122604,1,1,2000,22,22,22,22,22,22,22,22,22,22
122604,2,1,2000,0,19,0,0,0,0,0,0,0,0
122605,1,1,2000,0,0,0,0,0,0,0,0,0,0
122605,2,1,2000,0,0,0,0,0,0,0,0,0,0
122606,1,1,2000,17,0,12,20,18,41,9,4,18,14
122607,1,1,2000,18,18,18,18,18,18,18,18,18,18
122608,1,1,2000,0,15,0,0,0,0,11,0,20,0
122608,2,1,2000,0,0,12,15,23,0,0,0,21,0
122609,1,1,2000,19,19,19,19,19,19,19,19,19,19
122610,1,1,2000,0,0,0,0,0,0,0,0,0,0
122610,2,1,2000,0,0,0,0,0,0,0,0,0,0
122611,1,1,2000,0,0,0,0,0,0,0,0,0,0
122611,2,1,2000,0,0,0,0,0,0,0,0,0,0
122612,0,1,2000,0,0,0,0,0,0,0,0,0,0
122612,1,1,2000,0,0,0,0,0,0,0,0,0,0
122613,1,1,2000,0,0,0,0,0,0,0,0,0,0
122614,1,1,2000,0,0,0,0,0,0,0,0,0,0
122614,2,1,2000,0,0,0,0,0,0,0,0,0,0
122615,1,1,2000,24,24,24,24,24,24,24,24,24,24
122616,0,1,2000,9,9,9,9,9,9,9,9,9,9
122616,1,1,2000,0,0,0,0,0,0,0,0,0,0
122617,1,1,2000,0,0,0,0,0,0,0,0,0,0
122618,1,1,2000,0,0,0,0,0,0,0,0,0,0
122618,2,1,2000,0,32,0,0,21,24,0,14,0,23
122619,0,1,2000,0,22,27,37,0,26,0,22,25,0
122619,1,1,2000,0,13,0,0,0,13,0,0,0,13
122620,1,1,2000,0,0,0,0,0,0,0,0,0,0
122620,2,1,2000,0,0,0,0,0,0,0,0,0,0
122621,1,1,2000,6,18,10,18,14,0,9,7,13,12
122622,1,1,2000,0,0,0,0,0,0,0,0,0,0
122622,2,1,2000,0,0,0,0,0,0,13,0,0,0
122623,1,1,2000,0,0,0,0,0,0,0,0,0,0
122623,2,1,2000,0,0,0,0,0,0,0,0,0,0
122624,0,1,2000,0,0,0,0,42,0,18,24,16,4
122624,1,1,2000,0,0,0,0,5,0,0,0,0,0
122625,1,1,2000,20,20,20,20,20,20,20,20,20,20
122626,1,1,2000,0,0,0,0,0,0,0,0,0,0
122626,2,1,2000,0,0,0,0,0,0,0,0,0,0
122627,1,1,2000,0,0,0,0,0,0,0,18,0,0
122628,0,1,2000,0,0,0,0,0,0,0,0,0,0
122628,1,1,2000,11,17,0,0,0,0,0,0,0,0
122629,1,1,2000,0,0,0,0,0,0,0,0,0,0
122629,2,1,2000,0,0,0,0,0,0,0,0,0,0
122630,1,1,2000,10,0,0,0,0,6,0,0,0,0
122631,1,1,2000,0,0,0,0,0,0,0,0,0,0
122631,2,1,2000,0,0,0,0,0,0,0,0,0,0
122632,1,1,2000,0,0,0,0,0,0,0,0,0,0
122632,2,1,2000,0,18,0,0,0,0,0,0,0,0
122632,3,1,2000,0,0,0,0,0,0,0,0,0,9
122633,1,1,2000,11,0,0,0,0,20,0,0,0,0
122633,2,1,2000,0,0,0,0,15,10,0,0,0,0
122634,0,1,2000,0,0,0,0,0,0,0,0,0,0
122634,1,1,2000,0,0,0,0,0,0,0,0,0,0
122635,1,1,2000,0,0,0,0,0,0,0,0,0,0
122635,2,1,2000,0,0,0,0,0,0,0,0,0,0
122636,0,1,2000,10,10,10,10,10,10,10,10,10,10
122636,1,1,2000,0,0,0,0,0,0,0,0,0,0
122637,1,1,2000,11,0,0,0,0,0,0,0,8,0
122638,1,1,2000,0,16,6,0,0,0,0,0,0,0
122638,2,1,2000,0,0,0,0,0,0,0,0,0,0
122639,1,1,2000,19,19,19,19,19,19,19,19,19,19
122640,1,1,2000,0,0,0,0,0,0,0,0,0,0
122640,2,1,2000,0,0,0,0,0,0,0,0,0,0
122641,1,1,2000,0,0,0,0,0,0,0,0,0,0
122642,1,1,2000,0,0,0,0,19,0,0,4,0,0
122643,0,1,2000,10,10,10,10,10,10,10,10,10,10
122643,1,1,2000,0,0,0,0,19,0,0,0,0,0
122644,1,1,2000,0,0,0,0,0,0,0,0,0,0
122644,2,1,2000,0,0,0,0,0,0,0,0,0,0
122644,3,1,2000,0,0,0,0,0,0,0,0,0,0
122645,1,1,2000,0,4,0,0,0,0,0,0,0,0
122646,1,1,2000,7,7,7,7,7,7,7,7,7,7
122646,2,1,2000,0,0,0,0,0,0,0,0,0,0
122647,0,1,2000,0,0,0,0,0,0,0,0,0,0
122647,1,1,2000,0,0,0,0,0,0,0,0,0,0
122648,1,1,2000,0,0,0,0,0,0,0,0,0,0
122649,1,1,2000,0,0,0,0,0,0,0,8,0,0
122649,2,1,2000,0,0,0,0,0,0,0,0,0,0
122650,1,1,2000,0,0,0,0,0,0,0,0,0,0
122650,2,1,2000,0,0,0,0,16,0,0,0,0,0
122650,3,1,2000,0,0,0,0,0,0,0,0,0,0
122651,1,1,2000,28,28,28,28,28,28,28,28,28,28
122651,2,1,2000,0,0,0,0,0,0,0,0,0,0
122652,1,1,2000,0,0,0,0,0,0,0,0,0,0
122652,2,1,2000,0,0,0,0,0,0,0,0,0,0
122653,1,1,2000,0,0,0,0,14,0,13,0,0,0
122653,2,1,2000,0,0,0,0,0,0,0,0,0,0
122654,1,1,2000,0,12,0,0,0,0,0,0,0,0
122655,1,1,2000,0,0,0,0,0,6,13,0,24,0
122655,2,1,2000,0,0,0,0,0,0,0,0,0,0
122656,1,1,2000,3,3,3,3,3,3,3,3,3,3
122656,2,1,2000,0,0,0,0,0,0,0,0,0,0
122657,1,1,2000,0,0,0,0,0,0,0,0,0,0
122657,2,1,2000,0,0,0,0,0,0,0,0,0,0
122658,1,1,2000,0,0,0,0,0,0,0,0,0,0
122658,2,1,2000,17,17,17,17,17,17,17,17,17,17
122659,0,1,2000,0,0,0,0,0,0,0,14,0,0
122659,1,1,2000,0,0,0,15,0,0,0,0,0,0
122660,1,1,2000,0,0,0,0,0,0,0,0,0,0
122660,2,1,2000,0,0,0,0,0,0,20,0,0,0
122661,1,1,2000,0,0,0,0,0,0,0,0,0,0
122661,2,1,2000,0,0,0,0,0,0,0,0,0,0
122661,3,1,2000,0,0,0,0,0,0,0,0,0,0
122662,1,1,2000,18,18,18,18,18,18,18,18,18,18
122663,1,1,2000,10,10,10,10,10,10,10,10,10,10
122664,1,1,2000,0,0,0,0,0,0,0,0,0,0
122665,1,1,2000,0,0,0,0,7,0,0,0,0,0
122665,2,1,2000,0,0,0,0,0,0,0,13,16,0
122666,0,1,2000,36,36,36,36,36,36,36,36,36,36
122666,1,1,2000,0,0,0,0,0,0,0,0,0,0
122667,1,1,2000,12,12,12,12,12,12,12,12,12,12
122668,1,1,2000,7,7,0,0,0,0,0,0,0,0
122668,2,1,2000,0,0,0,0,8,0,0,0,0,0
122669,1,1,2000,22,22,22,22,22,22,22,22,22,22
122670,1,1,2000,0,0,0,0,0,0,0,0,0,0
122670,2,1,2000,0,0,0,0,0,0,0,0,0,0
122671,0,1,2000,22,26,21,28,0,9,22,12,24,11
122671,1,1,2000,0,15,0,33,24,0,8,0,0,0
122672,1,1,2000,0,0,0,0,0,0,0,0,0,0
122672,2,1,2000,0,26,0,0,0,0,0,0,0,0
122673,1,1,2000,0,0,0,0,0,0,0,0,0,0
122673,2,1,2000,0,0,0,0,0,0,0,0,0,0
122674,1,1,2000,0,0,0,0,0,0,0,0,0,0
122674,2,1,2000,0,0,12,18,0,0,0,43,0,0
122675,1,1,2000,0,0,0,0,16,0,0,0,0,0
122675,2,1,2000,0,0,0,0,0,0,0,0,0,0
122676,1,1,2000,20,20,20,20,20,20,20,20,20,20
122676,2,1,2000,12,12,12,12,12,12,12,12,12,12
122677,1,1,2000,0,0,0,0,0,0,0,0,0,0
122677,2,1,2000,0,0,0,0,0,0,0,0,0,0
122678,1,1,2000,0,0,3,0,0,18,0,0,0,0
122678,2,1,2000,0,0,0,0,0,21,0,0,0,0
122679,1,1,2000,0,16,0,25,0,0,34,0,0,0
122679,2,1,2000,0,0,0,0,0,0,0,0,0,0
122680,0,1,2000,0,0,0,23,29,26,21,0,0,0
122680,1,1,2000,0,0,0,0,0,0,0,0,0,0
122681,0,1,2000,13,13,13,13,13,13,13,13,13,13
122681,1,1,2000,11,11,10,11,0,0,0,0,0,0
122682,1,1,2000,14,14,14,14,14,14,14,14,14,14
122682,2,1,2000,0,0,0,0,0,0,0,0,0,0
122683,1,1,2000,0,0,0,0,0,0,0,0,0,0
122684,1,1,2000,0,0,0,0,0,0,0,0,0,0
122685,1,1,2000,0,0,0,0,0,0,0,0,0,0
122685,2,1,2000,0,0,0,0,0,0,0,0,0,0
122686,0,1,2000,2,2,2,2,2,2,2,2,2,2
122686,1,1,2000,0,0,0,0,0,0,0,0,0,0
122687,1,1,2000,0,0,0,0,0,0,0,0,0,0
122688,1,1,2000,0,0,0,0,0,0,0,0,0,0
122688,2,1,2000,0,0,0,0,0,0,0,0,0,0
122689,1,1,2000,0,0,0,0,0,0,0,0,0,0
122689,2,1,2000,0,0,0,0,0,0,15,0,0,0
122690,0,1,2000,0,0,0,0,0,0,0,0,0,0
122690,1,1,2000,0,26,19,0,0,0,0,38,0,21
122691,0,1,2000,0,0,0,0,14,0,0,0,0,0
122691,1,1,2000,0,0,0,0,0,0,0,0,0,0
122692,1,1,2000,0,0,0,0,0,0,0,0,0,0
122692,2,1,2000,0,0,0,0,0,0,0,0,0,0
122692,3,1,2000,0,0,0,0,0,0,0,0,0,0
122693,1,1,2000,0,0,0,0,0,0,0,6,0,0
122694,1,1,2000,0,0,0,0,0,0,17,0,18,0
122694,2,1,2000,0,0,0,0,0,0,0,0,0,0
122695,1,1,2000,0,0,0,0,0,0,0,0,0,0
122695,2,1,2000,0,0,0,0,0,0,0,0,0,0
122696,1,1,2000,0,0,0,0,0,7,0,0,0,0
122697,1,1,2000,0,0,0,0,0,0,0,0,0,0
122698,1,1,2000,0,0,0,0,0,0,0,0,0,0
122698,2,1,2000,0,0,0,0,0,0,0,0,0,0
122699,1,1,2000,0,0,0,0,0,0,0,0,0,0
122700,1,1,2000,28,28,28,28,28,28,28,28,28,28
122700,2,1,2000,0,0,0,0,0,0,0,0,0,0
122700,3,1,2000,0,0,0,0,0,0,0,0,0,0
122700,4,1,2000,0,0,0,0,0,0,0,0,0,0
122701,0,1,2000,30,30,30,30,30,30,30,30,30,30
122701,1,1,2000,0,0,0,0,0,0,0,0,0,0
122702,1,1,2000,0,0,0,0,0,0,11,0,0,10
122702,2,1,2000,0,0,0,0,0,0,0,0,0,0
122703,1,1,2000,0,0,0,0,0,0,0,0,0,0
122703,2,1,2000,9,0,28,6,9,0,0,0,0,0
122704,1,1,2000,0,0,0,0,0,0,0,0,0,0
122705,1,1,2000,5,5,5,5,5,5,5,5,5,5
122706,1,1,2000,0,0,0,0,0,0,0,0,0,0
122707,1,1,2000,20,20,20,20,20,20,20,20,20,20
122708,1,1,2000,0,0,0,0,0,0,0,0,0,0
122708,2,1,2000,4,4,4,4,4,4,4,4,4,4
122708,3,1,2000,0,0,0,0,0,0,0,0,0,0
122709,1,1,2000,0,0,0,0,0,0,0,0,0,0
122709,2,1,2000,0,0,0,0,0,0,0,0,0,0
122710,1,1,2000,0,0,0,0,0,12,0,0,0,0
122711,1,1,2000,0,0,0,0,0,0,0,0,0,0
122711,2,1,2000,0,0,0,0,0,0,0,0,0,0
122711,3,1,2000,0,0,0,0,0,0,0,0,0,0
122712,1,1,2000,21,21,21,21,21,21,21,21,21,21
122712,2,1,2000,0,0,0,0,0,0,0,0,0,0
122713,1,1,2000,29,29,29,29,29,29,29,29,29,29
122713,2,1,2000,0,0,0,0,0,0,0,0,0,0
122714,1,1,2000,23,23,23,23,23,23,23,23,23,23
122714,2,1,2000,0,0,0,0,0,0,0,0,0,0
122715,0,1,2000,16,16,16,16,16,16,16,16,16,16
122715,1,1,2000,9,0,0,0,0,0,0,0,0,0
122716,1,1,2000,0,0,0,0,0,0,0,0,0,0
122716,2,1,2000,0,0,0,0,0,0,0,0,0,0
122717,0,1,2000,0,0,0,0,0,0,0,0,0,0
122717,1,1,2000,0,0,0,0,0,0,0,0,0,0
122718,1,1,2000,34,0,0,19,14,21,28,14,2,35
122719,1,1,2000,27,27,27,27,27,27,27,27,27,27
122720,1,1,2000,0,0,0,0,0,0,0,0,0,0
122720,2,1,2000,0,0,0,0,0,0,0,7,0,0
122721,1,1,2000,29,29,29,29,29,29,29,29,29,29
122722,1,1,2000,0,0,0,10,16,0,18,17,0,14
122722,2,1,2000,27,27,0,12,20,21,0,0,22,0
122723,1,1,2000,0,0,0,0,0,0,0,0,0,0
122724,1,1,2000,27,27,27,27,27,27,27,27,27,27
122725,0,1,2000,0,0,0,0,0,0,0,0,0,0
122725,1,1,2000,0,0,0,0,0,0,0,11,0,0
122726,1,1,2000,0,0,0,0,0,0,0,0,16,0
122727,0,1,2000,0,0,0,0,0,0,0,0,0,0
122727,1,1,2000,0,0,0,0,0,0,0,0,0,0
122728,1,1,2000,0,0,0,0,0,0,0,0,0,0
122728,2,1,2000,7,0,0,0,0,0,0,0,0,0
122729,0,1,2000,22,22,22,22,22,22,22,22,22,22
122729,1,1,2000,21,30,0,29,14,0,0,0,0,0
122730,1,1,2000,0,0,0,0,0,0,0,0,0,0
122730,2,1,2000,0,0,0,0,0,0,0,0,0,0
122730,3,1,2000,0,0,0,0,0,0,0,0,0,0
122731,0,1,2000,0,0,0,0,0,0,0,0,0,0
122731,1,1,2000,0,0,0,0,0,0,0,0,0,0
122732,1,1,2000,5,5,5,5,5,5,5,5,5,5
122733,1,1,2000,0,0,0,0,0,0,0,0,0,0
122733,2,1,2000,0,0,0,0,0,0,0,0,0,0
122734,1,1,2000,0,0,0,0,0,0,0,0,0,0
122734,2,1,2000,0,0,17,0,0,0,0,0,0,0
122735,1,1,2000,0,0,0,0,0,0,0,0,0,0
122736,1,1,2000,0,0,0,0,0,16,0,0,0,0
122736,2,1,2000,0,0,0,0,0,0,0,0,0,0
122737,1,1,2000,0,0,0,0,0,0,0,0,0,0
122737,2,1,2000,0,0,0,0,0,0,0,0,0,0
122737,3,1,2000,0,0,0,0,0,0,0,0,0,0
122737,4,1,2000,0,0,0,0,0,0,0,0,0,0
122738,1,1,2000,0,0,0,0,0,0,0,0,0,0
122738,2,1,2000,0,0,0,0,0,0,0,0,0,0
122739,1,1,2000,0,8,15,0,17,0,6,0,20,0
122739,2,1,2000,15,15,15,15,15,15,15,15,15,15
130001,1,1,2000,9,12,18,10,0,0,5,38,16,14
130002,0,1,2000,0,7,29,10,21,9,0,20,0,17
130002,1,1,2000,0,0,0,0,0,0,0,0,0,0
130003,1,1,2000,33,33,33,33,33,33,33,33,33,33
130003,2,1,2000,0,10,14,0,13,23,0,4,10,0
130004,1,1,2000,29,29,29,29,29,29,29,29,29,29
130004,2,1,2000,0,0,0,0,0,0,0,0,0,0
130005,0,1,2000,17,17,17,17,17,17,17,17,17,17
130005,1,1,2000,2,2,2,2,2,2,2,2,2,2
130005,2,1,2000,0,0,0,0,0,0,0,0,0,0
130006,1,1,2000,23,23,23,23,23,23,23,23,23,23
130007,1,1,2000,0,25,20,13,10,31,9,15,19,0
130008,1,1,2000,20,0,17,0,0,0,13,13,11,16
130008,2,1,2000,0,0,0,0,0,0,0,0,0,13
130008,3,1,2000,0,4,0,6,0,0,0,6,12,0
130009,1,1,2000,1,1,1,1,1,1,1,1,1,1
130010,0,1,2000,16,0,21,28,0,21,25,17,0,32
130010,1,1,2000,0,0,0,0,0,0,0,0,0,0
130011,1,1,2000,22,0,0,0,0,17,0,0,0,5
130012,1,1,2000,0,0,0,0,0,0,0,0,0,0
130012,2,1,2000,0,0,0,0,0,0,0,0,0,0
130013,1,1,2000,0,0,0,0,0,0,0,0,0,0
130014,1,1,2000,0,0,0,0,0,0,0,0,0,0
130014,2,1,2000,0,0,0,5,0,0,0,17,0,0
130015,1,1,2000,0,0,0,0,0,0,0,0,0,0
130015,2,1,2000,0,0,0,0,0,0,0,0,0,0
130016,0,1,2000,32,10,41,0,14,20,32,11,0,0
130016,1,1,2000,0,0,0,0,0,0,0,0,0,0