ST_CASE,VEH_NO,PER_NO,YEAR,P1,P2,P3,P4,P5,P6,P7,P8,P9,P10
150022,0,1,2000,0,0,0,0,0,0,0,0,0,0
150022,1,1,2000,0,4,4,4,0,0,0,0,0,0
150023,1,1,2000,0,0,0,0,0,0,0,0,0,0
150023,2,1,2000,0,0,0,0,0,0,0,0,0,0
150024,1,1,2000,9,0,10,8,0,0,3,0,0,0
150025,1,1,2000,29,29,29,29,29,29,29,29,29,29
150026,0,1,2000,0,0,0,0,0,0,0,0,0,0
150026,1,1,2000,0,0,0,0,0,0,0,0,0,0
150027,1,1,2000,14,14,14,14,14,14,14,14,14,14
150027,2,1,2000,21,21,21,21,21,21,21,21,21,21
150028,1,1,2000,0,12,21,12,26,0,12,13,14,0
150029,0,1,2000,0,0,0,0,0,0,0,0,0,0
150029,1,1,2000,0,10,0,0,0,0,0,0,0,0
150030,0,1,2000,0,0,0,0,0,0,0,0,0,0
150030,1,1,2000,0,0,0,0,0,0,0,0,0,0
150031,1,1,2000,0,0,0,0,0,0,0,0,0,0
150032,1,1,2000,15,0,0,23,0,0,0,0,0,0
150032,2,1,2000,0,0,0,0,0,0,0,0,0,0
150032,3,1,2000,0,0,0,0,0,0,0,0,0,0
150033,1,1,2000,19,19,19,19,19,19,19,19,19,19
150034,1,1,2000,0,0,0,0,0,0,0,0,0,0
150034,2,1,2000,0,0,0,0,0,0,0,0,0,0
150035,1,1,2000,3,3,3,3,3,3,3,3,3,3
150035,2,1,2000,0,26,17,8,4,5,12,0,16,12
150036,1,1,2000,13,13,13,13,13,13,13,13,13,13
150037,1,1,2000,0,0,0,0,0,0,0,0,0,0
150037,2,1,2000,0,0,0,0,0,0,0,0,0,0
150038,1,1,2000,10,10,10,10,10,10,10,10,10,10
150038,2,1,2000,11,0,0,0,0,0,0,0,0,0
150038,3,1,2000,0,0,0,0,0,0,0,0,0,0
150039,1,1,2000,21,21,21,21,21,21,21,21,21,21
150040,1,1,2000,12,12,12,12,12,12,12,12,12,12
150041,1,1,2000,0,0,0,0,0,0,0,0,0,0
150041,2,1,2000,0,0,0,0,32,0,0,0,0,0
150042,1,1,2000,0,0,0,9,0,0,0,0,0,0
150043,1,1,2000,15,15,15,15,15,15,15,15,15,15
150044,1,1,2000,16,0,0,6,0,0,0,13,9,0
150045,1,1,2000,13,7,12,17,8,16,8,9,10,3
150045,2,1,2000,0,0,0,0,0,0,0,0,0,0
150045,3,1,2000,0,0,0,0,0,0,13,0,0,0
150046,1,1,2000,13,18,0,9,0,0,0,0,0,30
150047,1,1,2000,0,5,0,0,0,0,0,0,0,12
150047,2,1,2000,8,8,8,8,8,8,8,8,8,8
150048,1,1,2000,0,0,0,0,0,0,0,0,17,0
150049,1,1,2000,0,0,0,0,0,0,0,0,0,0
150049,2,1,2000,0,0,0,0,0,0,0,0,0,0
150050,1,1,2000,13,13,13,13,13,13,13,13,13,13
150051,1,1,2000,25,25,25,25,25,25,25,25,25,25
150051,2,1,2000,0,0,0,0,0,0,0,0,0,0
150052,1,1,2000,0,0,0,0,0,0,0,0,0,0
150052,2,1,2000,0,0,0,0,0,0,0,0,0,0
150053,1,1,2000,0,0,0,0,0,0,0,5,0,0
150053,2,1,2000,0,0,0,0,0,0,0,0,0,0
150054,1,1,2000,13,31,65,12,27,16,26,33,7,26
150055,1,1,2000,20,13,0,0,0,0,0,0,0,9
150055,2,1,2000,0,0,0,0,0,0,0,0,0,0
150056,1,1,2000,0,19,0,17,25,30,11,18,9,25
150057,1,1,2000,10,10,10,10,10,10,10,10,10,10
150058,1,1,2000,0,0,0,0,25,0,0,0,0,0
150058,2,1,2000,0,0,0,14,0,2,0,0,0,0
150058,3,1,2000,0,0,0,0,0,0,0,0,33,0
150058,4,1,2000,0,0,0,0,0,0,0,0,18,0
150059,0,1,2000,0,0,0,0,0,0,0,0,0,0
150059,1,1,2000,0,0,0,0,0,0,0,0,0,0
150060,1,1,2000,0,0,0,0,0,0,0,0,0,0
150060,2,1,2000,0,0,0,0,0,0,0,4,0,0
150061,1,1,2000,0,0,0,0,0,0,0,0,0,0
150061,2,1,2000,0,0,0,0,0,0,0,0,0,0
150062,1,1,2000,0,0,0,0,0,0,0,0,0,0
150062,2,1,2000,0,0,16,20,4,0,10,0,17,0
150063,1,1,2000,0,0,0,0,0,0,0,0,0,0
150064,1,1,2000,0,0,0,0,0,0,0,0,0,0
150064,2,1,2000,0,0,0,0,0,0,0,0,0,0
150065,1,1,2000,0,0,0,0,0,0,0,0,0,0
150066,1,1,2000,0,0,0,0,0,0,0,0,0,0
150067,1,1,2000,0,0,0,0,0,0,0,0,0,0
150068,1,1,2000,0,20,0,0,0,16,0,0,0,0
150068,2,1,2000,0,0,0,0,0,0,0,0,0,0
150068,3,1,2000,0,0,0,0,0,0,0,0,0,0
150069,0,1,2000,2,2,2,2,2,2,2,2,2,2
150069,1,1,2000,0,0,0,0,0,0,0,13,25,0
150070,1,1,2000,0,0,0,0,0,0,0,0,0,0
150071,0,1,2000,0,0,0,0,0,0,0,0,0,0
150071,0,2,2000,0,0,0,0,0,0,0,0,0,0
150071,0,3,2000,0,0,0,0,0,0,0,0,0,0
150071,1,1,2000,7,0,0,0,0,0,0,0,0,0
150072,0,1,2000,0,0,0,0,0,0,0,0,0,0
150072,0,2,2000,18,0,0,0,0,0,0,32,0,18
150072,0,3,2000,0,0,0,0,0,0,0,0,0,0
150072,0,4,2000,0,0,0,0,0,0,0,0,0,0
150072,0,5,2000,0,0,0,0,0,0,0,0,0,0
150072,0,6,2000,5,0,0,0,0,0,26,0,0,5
150072,0,7,2000,4,0,0,0,3,0,0,0,0,0
150072,1,1,2000,0,0,0,0,0,0,0,4,0,0
150073,1,1,2000,0,0,0,0,0,0,0,0,0,0
150073,2,1,2000,4,4,4,4,4,4,4,4,4,4
150074,1,1,2000,9,9,9,9,9,9,9,9,9,9
150075,0,1,2000,1,1,1,1,1,1,1,1,1,1
150075,1,1,2000,0,0,0,0,0,0,0,0,0,0
150076,0,1,2000,0,0,0,25,0,0,31,0,0,26
150076,1,1,2000,0,0,0,0,0,0,0,0,0,0
150077,0,1,2000,0,0,0,0,0,0,0,0,0,0
150077,1,1,2000,3,3,3,3,3,3,3,3,3,3
150078,1,1,2000,0,0,0,0,0,0,0,0,0,0
150078,2,1,2000,0,0,0,0,0,0,0,0,0,0
150079,1,1,2000,15,23,12,21,15,32,24,25,23,13
150079,2,1,2000,0,0,0,0,0,0,0,0,0,0
150080,1,1,2000,7,11,6,0,0,27,17,8,15,6
150081,0,1,2000,0,0,0,0,0,0,0,0,0,0
150081,1,1,2000,0,0,0,0,0,0,0,0,0,0
150082,0,1,2000,0,0,0,0,0,0,0,0,0,0
150082,1,1,2000,0,0,0,0,0,0,0,0,0,11
150083,1,1,2000,23,23,23,23,23,23,23,23,23,23
150083,2,1,2000,0,0,0,0,0,0,0,0,0,0
150084,0,1,2000,0,0,0,0,0,0,0,0,0,0
150084,1,1,2000,0,0,0,0,0,0,0,0,0,0
150085,1,1,2000,20,16,19,14,6,22,23,20,10,17
150085,2,1,2000,0,0,0,0,0,0,0,0,0,0
150086,1,1,2000,0,0,0,0,0,0,0,0,0,0
150086,2,1,2000,0,0,0,14,0,15,0,18,0,0
150087,0,1,2000,0,0,0,0,0,0,0,0,0,0
150087,1,1,2000,0,0,0,0,0,0,0,0,0,0
150088,0,1,2000,0,0,0,0,0,0,0,0,0,0
150088,1,1,2000,0,0,0,0,0,0,0,0,0,0
150089,0,1,2000,28,28,28,28,28,28,28,28,28,28
150089,1,1,2000,0,0,0,0,0,0,0,0,0,0
150089,2,1,2000,0,0,0,0,0,0,0,0,0,0
150090,1,1,2000,0,0,0,0,0,0,0,0,0,0
150090,2,1,2000,0,0,0,0,0,0,0,0,0,0
150091,1,1,2000,11,8,23,4,5,14,9,0,19,0
150091,2,1,2000,0,0,0,0,0,0,0,0,0,0
150091,3,1,2000,0,0,0,0,0,0,0,0,0,0
150092,1,1,2000,0,0,0,0,0,0,0,0,0,0
150092,2,1,2000,0,0,0,0,0,0,0,0,0,0
150093,1,1,2000,0,0,0,0,0,0,0,0,0,0
150093,2,1,2000,0,0,0,0,0,0,0,0,0,0
150094,1,1,2000,0,0,0,0,0,0,0,0,0,0
150095,1,1,2000,0,0,0,0,0,0,0,0,0,0
150096,1,1,2000,24,24,24,24,24,24,24,24,24,24
150097,1,1,2000,0,0,0,0,0,0,0,0,0,0
150098,1,1,2000,0,0,0,0,0,0,0,0,0,0
150099,1,1,2000,0,0,0,0,0,0,0,0,0,0
150099,2,1,2000,0,0,0,0,0,0,0,0,0,0
150100,1,1,2000,0,0,0,0,0,0,0,0,0,0
150100,2,1,2000,0,0,0,0,0,0,0,0,0,0
150101,1,1,2000,0,0,0,0,0,0,0,0,0,0
150101,2,1,2000,0,0,0,0,0,0,0,0,0,0
150102,1,1,2000,2,2,2,2,2,2,2,2,2,2
150102,2,1,2000,16,0,0,0,0,0,21,0,0,0
150104,0,1,2000,24,0,0,0,0,0,0,0,21,41
150104,1,1,2000,0,0,0,0,0,0,0,0,0,0
150105,0,1,2000,0,0,0,0,0,0,0,0,0,0
150105,1,1,2000,0,0,0,0,0,0,0,0,0,0
150106,0,1,2000,0,0,0,0,0,0,0,0,0,0
150106,1,1,2000,0,0,0,0,0,0,0,0,0,0
150107,0,1,2000,0,0,0,0,0,0,0,0,0,0
150107,1,1,2000,0,0,0,0,0,0,17,0,0,0
150108,0,1,2000,0,0,0,0,0,0,0,0,0,0
150108,1,1,2000,0,0,0,0,0,0,0,0,0,0
150109,1,1,2000,13,13,13,13,13,13,13,13,13,13
150109,2,1,2000,0,0,0,0,0,0,0,0,0,0
150109,3,1,2000,0,0,0,0,0,0,0,0,0,0
150109,4,1,2000,0,0,0,0,15,0,0,0,0,0
150110,1,1,2000,9,9,9,9,9,9,9,9,9,9
150111,1,1,2000,22,22,22,22,22,22,22,22,22,22
150111,2,1,2000,0,0,0,0,0,0,0,0,0,0
150112,1,1,2000,0,0,0,0,0,0,0,0,0,0
150114,1,1,2000,11,11,11,11,11,11,11,11,11,11
150114,2,1,2000,0,0,0,0,0,0,0,0,0,0
150115,0,1,2000,0,0,0,0,0,0,0,0,0,0
150115,1,1,2000,0,16,0,0,5,8,0,23,0,0
150116,1,1,2000,5,5,5,5,5,5,5,5,5,5
150117,0,1,2000,1,1,1,1,1,1,1,1,1,1
150118,1,1,2000,0,0,0,0,0,0,0,0,0,0
150118,2,1,2000,0,0,0,0,0,0,0,0,0,0
150118,3,1,2000,0,0,0,0,0,0,0,0,0,0
150118,4,1,2000,0,0,0,0,0,0,0,0,0,0
150118,5,1,2000,0,0,0,0,0,0,0,0,0,0
150118,6,1,2000,0,0,0,0,0,0,0,0,0,0
150118,7,1,2000,0,0,0,0,0,0,0,0,0,0
150118,8,1,2000,0,0,0,0,0,0,0,0,0,0
150118,9,1,2000,0,0,0,0,0,0,0,0,0,0
150118,10,1,2000,0,0,0,0,0,0,0,0,0,0
160001,1,1,2000,0,0,0,0,15,0,0,11,0,0
160002,1,1,2000,21,21,21,21,21,21,21,21,21,21
160003,1,1,2000,0,0,0,0,0,0,0,0,0,27
160003,2,1,2000,0,0,0,0,0,0,0,0,0,0
160004,1,1,2000,0,0,0,12,0,0,0,0,0,0
160004,2,1,2000,0,0,0,0,0,0,0,0,0,0
160005,1,1,2000,0,0,0,0,0,0,0,0,0,0
160006,1,1,2000,0,0,0,0,0,0,0,0,0,0
160006,2,1,2000,0,0,0,0,0,0,0,0,0,0
160007,1,1,2000,0,0,0,0,0,0,0,0,0,0
160008,1,1,2000,0,0,0,0,0,0,0,0,0,0
160009,1,1,2000,9,9,9,9,9,9,9,9,9,9
160010,1,1,2000,0,0,0,3,0,0,0,0,0,0
160011,1,1,2000,0,0,0,0,0,0,0,0,0,0
160011,2,1,2000,0,0,0,18,0,0,20,0,0,0
160012,1,1,2000,19,0,0,8,0,20,0,0,0,0
160013,1,1,2000,0,0,0,0,0,0,0,0,8,0
160013,2,1,2000,17,0,0,0,0,0,5,0,0,0
160014,1,1,2000,0,0,0,0,0,0,0,0,0,0
160015,1,1,2000,0,2,0,0,0,0,0,0,0,0
160016,1,1,2000,0,0,0,0,0,0,0,0,0,0
160017,1,1,2000,0,0,0,0,0,0,0,0,0,0
160018,1,1,2000,23,17,3,24,9,0,0,0,0,18
160019,1,1,2000,0,0,0,0,0,0,0,0,0,0
160019,2,1,2000,0,6,8,0,5,0,0,0,0,0
160020,1,1,2000,0,0,0,0,0,0,0,0,0,0
160020,2,1,2000,0,0,0,0,0,0,0,0,0,0
160021,1,1,2000,0,0,0,0,0,10,0,0,0,0
160021,2,1,2000,0,0,0,11,0,0,29,18,0,0
160022,1,1,2000,13,13,13,13,13,13,13,13,13,13
160023,1,1,2000,7,7,7,7,7,7,7,7,7,7
160024,0,1,2000,0,0,0,0,0,0,0,0,21,0
160024,1,1,2000,0,0,0,0,0,0,0,0,0,0
160025,1,1,2000,0,0,0,0,0,0,0,0,0,0
160026,1,1,2000,28,28,28,28,28,28,28,28,28,28
160027,1,1,2000,0,0,0,0,0,0,0,0,0,0
160028,1,1,2000,0,18,0,18,0,0,0,0,0,14
160029,1,1,2000,6,6,6,6,6,6,6,6,6,6
160029,2,1,2000,0,0,0,7,0,0,0,0,0,0
160030,1,1,2000,0,0,0,0,0,0,0,0,0,0
160031,1,1,2000,0,0,0,0,0,0,0,0,0,0
160031,2,1,2000,0,0,0,0,0,0,0,0,0,0
160032,1,1,2000,0,0,0,0,0,0,0,0,0,0
160033,1,1,2000,0,0,0,0,0,0,0,0,0,0
160033,2,1,2000,0,0,0,0,0,0,0,0,0,0
160034,1,1,2000,18,18,18,18,18,18,18,18,18,18
160035,1,1,2000,0,0,0,0,0,0,0,0,0,0
160035,2,1,2000,0,0,0,0,0,0,0,7,0,0
160036,1,1,2000,0,0,0,0,0,0,0,0,0,0
160036,2,1,2000,15,0,0,0,0,0,0,0,0,0
160037,1,1,2000,9,9,9,9,9,9,9,9,9,9
160037,2,1,2000,0,0,0,0,0,0,0,0,0,0
160038,1,1,2000,0,0,0,0,0,0,0,0,0,0
160038,2,1,2000,0,0,0,0,0,0,0,0,0,0
160039,1,1,2000,0,13,0,0,0,0,0,0,0,0
160040,1,1,2000,24,24,24,24,24,24,24,24,24,24
160041,1,1,2000,0,0,0,0,0,0,0,0,0,0
160042,1,1,2000,14,13,23,18,18,26,12,24,32,22
160043,1,1,2000,0,0,0,0,0,0,0,0,0,0
160044,1,1,2000,6,6,6,6,6,6,6,6,6,6
160045,0,1,2000,15,0,0,0,0,6,0,0,0,0
160045,1,1,2000,4,4,4,4,4,4,4,4,4,4
160046,1,1,2000,23,23,23,23,23,23,23,23,23,23
160047,1,1,2000,0,0,0,0,0,0,0,0,0,0
160047,2,1,2000,0,0,0,0,0,0,0,0,0,0
160048,1,1,2000,0,0,0,0,0,0,0,0,0,0
160048,2,1,2000,0,0,0,0,0,0,0,0,0,0
160049,1,1,2000,22,22,22,22,22,22,22,22,22,22
160050,0,1,2000,0,0,0,0,0,0,15,0,0,11
160050,1,1,2000,0,0,0,0,0,0,0,0,0,0
160051,1,1,2000,27,27,27,27,27,27,27,27,27,27
160052,1,1,2000,13,13,13,13,13,13,13,13,13,13
160053,1,1,2000,0,0,31,0,0,0,14,0,0,0
160054,1,1,2000,21,20,0,5,2,0,0,15,0,21
160054,2,1,2000,14,14,14,14,14,14,14,14,14,14
160055,1,1,2000,26,12,0,0,44,6,0,0,21,28
160056,1,1,2000,0,0,0,0,0,0,0,0,0,0
160057,1,1,2000,14,0,0,0,0,0,0,0,0,0
160058,1,1,2000,0,0,0,0,0,0,0,0,0,0
160059,1,1,2000,23,23,23,23,23,23,23,23,23,23
160060,1,1,2000,0,0,0,0,0,0,0,0,0,0
160060,2,1,2000,0,0,0,0,0,0,0,0,0,0
160061,1,1,2000,0,0,0,0,0,0,0,8,0,0
160062,1,1,2000,0,0,0,0,0,0,0,0,0,0
160063,1,1,2000,0,0,0,0,0,0,0,0,0,0
160063,2,1,2000,0,0,0,0,0,6,3,0,0,0
160064,1,1,2000,0,0,0,0,0,0,0,0,0,0
160065,1,1,2000,0,0,0,0,0,0,0,0,0,0
160065,2,1,2000,0,0,0,39,15,30,0,22,28,8
160066,1,1,2000,0,0,0,9,0,0,10,0,0,0
160066,2,1,2000,0,0,0,0,0,0,0,0,0,0
160067,1,1,2000,24,24,24,24,24,24,24,24,24,24
160068,1,1,2000,14,14,14,14,14,14,14,14,14,14
160069,1,1,2000,15,0,10,25,12,0,0,21,0,0
160069,2,1,2000,0,0,0,0,0,0,0,0,0,0
160070,1,1,2000,3,0,0,0,0,0,0,0,0,0
160070,2,1,2000,0,0,0,0,0,0,0,0,0,0
160071,1,1,2000,35,35,35,35,35,35,35,35,35,35
160072,1,1,2000,4,4,4,4,4,4,4,4,4,4
160072,2,1,2000,0,0,0,0,0,0,0,0,0,0
160073,1,1,2000,0,0,0,0,0,0,0,0,0,0
160074,0,1,2000,0,0,0,0,0,0,0,0,0,0
160074,1,1,2000,4,4,20,14,14,5,0,9,5,12
160075,1,1,2000,0,0,0,0,0,0,0,0,0,0
160075,2,1,2000,0,0,0,0,0,0,0,0,0,0
160076,1,1,2000,13,0,0,0,0,0,1,0,0,0
160077,1,1,2000,17,17,17,17,17,17,17,17,17,17
160078,1,1,2000,0,14,18,0,16,0,0,18,0,9
160079,1,1,2000,0,0,0,0,0,0,0,0,0,0
160080,1,1,2000,0,0,0,0,0,0,0,0,0,0
160081,1,1,2000,13,13,13,13,13,13,13,13,13,13
160081,2,1,2000,0,0,0,0,0,0,0,0,0,0
160082,1,1,2000,0,0,8,0,0,14,0,0,0,0
160083,1,1,2000,18,18,18,18,18,18,18,18,18,18
160083,2,1,2000,0,0,0,0,0,0,0,0,0,0
160084,1,1,2000,0,0,0,0,0,0,0,0,0,0
160084,2,1,2000,0,0,0,0,0,0,0,0,0,0
160085,1,1,2000,0,0,0,0,0,0,0,0,0,0
160085,2,1,2000,0,0,0,0,0,0,0,0,0,0
160086,1,1,2000,0,0,0,0,0,0,0,0,0,0
160086,2,1,2000,0,0,0,0,0,0,0,0,0,0
160087,0,1,2000,0,16,0,0,0,0,0,0,0,0
160087,1,1,2000,0,0,0,0,0,0,0,0,0,0
160088,1,1,2000,0,0,0,0,0,0,0,0,0,0
160088,2,1,2000,1,1,1,1,1,1,1,1,1,1
160089,1,1,2000,17,8,0,0,19,0,2,13,16,0
160090,1,1,2000,12,12,12,12,12,12,12,12,12,12
160091,1,1,2000,17,17,17,17,17,17,17,17,17,17
160092,1,1,2000,0,23,0,33,0,0,27,0,21,0
160093,1,1,2000,19,19,19,19,19,19,19,19,19,19
160094,1,1,2000,0,0,0,0,0,0,0,0,0,0
160094,2,1,2000,0,0,0,0,0,0,0,0,0,0
160095,1,1,2000,0,0,0,0,0,0,0,0,0,0
160095,2,1,2000,0,0,0,0,0,0,0,0,0,0
160095,3,1,2000,0,0,0,0,0,0,0,0,0,0
160095,4,1,2000,0,0,0,0,0,0,0,0,0,0
160096,1,1,2000,23,23,23,23,23,23,23,23,23,23
160097,1,1,2000,0,0,0,0,0,0,0,0,0,0
160097,2,1,2000,0,0,0,0,0,0,0,0,0,0
160098,1,1,2000,22,22,22,22,22,22,22,22,22,22
160099,1,1,2000,14,14,14,14,14,14,14,14,14,14
160100,1,1,2000,3,3,3,3,3,3,3,3,3,3
160100,2,1,2000,0,0,0,0,0,0,0,0,0,0
160101,1,1,2000,0,0,0,11,0,0,0,10,0,0
160102,1,1,2000,11,11,11,11,11,11,11,11,11,11
160103,1,1,2000,0,0,24,0,0,0,0,0,0,0
160104,1,1,2000,0,0,0,0,0,0,0,0,0,0
160104,2,1,2000,0,0,0,0,0,0,0,0,0,0
160105,1,1,2000,0,0,0,0,0,0,0,0,0,0
160105,2,1,2000,0,0,0,0,0,0,0,0,0,0
160106,1,1,2000,18,18,18,18,18,18,18,18,18,18
160107,1,1,2000,0,0,0,0,0,0,0,0,0,0
160108,1,1,2000,0,0,0,0,0,0,0,0,0,0
160109,1,1,2000,13,13,13,13,13,13,13,13,13,13
160110,1,1,2000,0,0,0,0,0,0,0,0,0,0
160111,1,1,2000,0,0,0,0,0,0,0,0,0,0
160111,2,1,2000,0,0,0,0,0,0,0,0,0,0
160112,1,1,2000,0,0,0,0,0,0,0,0,0,0
160112,2,1,2000,0,0,0,0,0,0,0,0,0,0
160113,1,1,2000,1,1,1,1,1,1,1,1,1,1
160114,1,1,2000,20,20,20,20,20,20,20,20,20,20
160115,1,1,2000,23,23,23,23,23,23,23,23,23,23
160116,1,1,2000,16,16,16,16,16,16,16,16,16,16
160117,1,1,2000,0,0,0,0,0,0,0,0,0,0
160117,2,1,2000,0,0,0,0,0,0,0,0,0,0
160118,1,1,2000,0,0,0,0,0,0,0,18,0,38
160119,1,1,2000,0,0,0,0,0,0,0,0,0,0
160120,1,1,2000,27,27,27,27,27,27,27,27,27,27
160121,1,1,2000,0,0,0,0,0,0,0,0,0,0
160122,1,1,2000,0,0,0,0,0,0,0,0,0,0
160122,2,1,2000,0,0,0,0,0,0,0,0,0,0
160123,1,1,2000,1,1,1,1,1,1,1,1,1,1
160124,1,1,2000,0,0,0,0,0,0,0,0,0,0
160125,1,1,2000,0,0,0,0,3,0,0,0,0,0
160125,2,1,2000,0,0,0,0,0,0,0,0,0,0
160125,3,1,2000,0,0,0,0,0,0,0,0,0,0
160126,1,1,2000,0,0,0,0,0,0,0,0,0,0
160127,1,1,2000,18,18,18,18,18,18,18,18,18,18
160128,1,1,2000,8,8,8,8,8,8,8,8,8,8
160129,1,1,2000,0,0,0,0,0,0,0,0,0,0
160130,1,1,2000,4,0,0,0,0,0,0,0,0,0
160131,1,1,2000,11,11,11,11,11,11,11,11,11,11
160132,1,1,2000,0,0,0,0,0,0,0,0,0,0
160132,2,1,2000,0,0,0,0,0,0,0,0,0,0
160133,1,1,2000,7,7,7,7,7,7,7,7,7,7
160134,1,1,2000,0,0,0,0,0,0,0,0,0,0
160134,2,1,2000,0,0,0,0,0,0,0,0,0,0
160135,1,1,2000,0,0,0,0,0,9,0,0,0,0
160135,2,1,2000,0,0,0,18,0,0,0,0,0,6
160136,1,1,2000,19,19,19,19,19,19,19,19,19,19
160136,2,1,2000,0,0,0,0,0,0,0,0,0,0
160137,1,1,2000,0,14,0,0,0,0,0,0,0,0
160137,2,1,2000,0,0,0,0,0,0,0,0,0,0
160138,1,1,2000,0,0,0,0,0,0,0,0,0,0
160139,1,1,2000,15,15,15,15,15,15,15,15,15,15
160140,1,1,2000,0,0,0,0,0,0,0,0,0,0
160140,2,1,2000,0,0,0,0,0,0,0,0,0,0
160141,1,1,2000,0,0,0,0,0,0,0,0,0,0
160142,1,1,2000,2,2,2,2,2,2,2,2,2,2
160143,0,1,2000,32,0,0,3,0,0,0,18,39,25
160143,1,1,2000,7,7,7,7,7,7,7,7,7,7
160144,1,1,2000,0,0,0,0,0,0,0,0,0,0
160145,1,1,2000,0,9,0,0,0,0,0,0,0,0
160146,1,1,2000,0,0,0,0,0,0,0,0,0,0
160147,1,1,2000,0,24,50,8,10,15,22,23,19,20
160148,1,1,2000,0,0,0,0,0,0,0,0,0,0
160149,1,1,2000,0,0,0,0,0,0,0,9,0,0
160150,1,1,2000,2,2,2,2,2,2,2,2,2,2
160151,1,1,2000,27,27,27,27,27,27,27,27,27,27
160152,1,1,2000,0,0,0,18,0,0,0,0,0,0
160153,1,1,2000,0,0,0,0,0,0,0,0,0,0
160153,2,1,2000,0,0,0,0,0,0,0,0,0,0
160154,1,1,2000,0,0,0,0,0,0,0,0,0,0
160154,2,1,2000,0,0,0,0,0,0,0,0,0,0
160155,1,1,2000,0,0,0,0,0,0,0,0,0,0
160156,1,1,2000,15,15,15,15,15,15,15,15,15,15
160157,1,1,2000,0,0,0,0,0,0,0,0,0,0
160157,2,1,2000,12,12,12,12,12,12,12,12,12,12
160158,1,1,2000,0,0,0,0,0,0,0,0,0,0
160159,1,1,2000,0,0,0,0,0,0,0,0,0,0
160160,1,1,2000,12,12,12,12,12,12,12,12,12,12
160161,1,1,2000,21,21,21,21,21,21,21,21,21,21
160162,1,1,2000,23,23,23,23,23,23,23,23,23,23
160163,1,1,2000,0,0,0,0,0,0,0,0,0,0
160163,2,1,2000,0,0,0,0,0,0,0,0,0,0
160164,1,1,2000,19,11,11,24,0,6,0,0,21,6
160165,1,1,2000,0,0,0,0,0,0,0,0,0,0
160166,1,1,2000,0,7,15,0,0,0,0,27,0,0
160166,2,1,2000,0,0,0,0,0,0,0,0,0,0
160167,1,1,2000,0,0,0,0,0,0,0,0,0,0
160168,1,1,2000,0,0,0,0,0,0,0,0,0,0
160168,2,1,2000,0,0,0,0,0,0,0,0,0,0
160169,1,1,2000,3,3,3,3,3,3,3,3,3,3
160170,1,1,2000,0,0,0,0,0,0,0,0,0,0
160170,2,1,2000,0,0,0,0,0,0,0,0,0,0
160171,0,1,2000,0,0,0,0,0,0,0,0,0,0
160171,1,1,2000,0,0,0,0,0,0,0,0,8,0
160172,1,1,2000,10,0,0,0,0,0,0,0,0,0
160172,2,1,2000,0,0,0,0,0,0,0,0,0,0
160173,1,1,2000,22,22,22,22,22,22,22,22,22,22
160173,2,1,2000,0,0,0,0,0,0,0,0,0,0
160173,3,1,2000,0,0,0,0,0,0,0,0,0,0
160174,1,1,2000,16,16,16,16,16,16,16,16,16,16
160175,1,1,2000,32,32,32,32,32,32,32,32,32,32
160175,2,1,2000,0,0,0,0,0,0,0,0,0,0
160176,1,1,2000,0,0,0,0,0,0,1,0,0,0
160176,2,1,2000,0,0,13,0,0,0,0,0,0,0
160177,1,1,2000,0,0,0,0,0,0,0,0,0,0
160178,1,1,2000,9,9,9,9,9,9,9,9,9,9
160179,1,1,2000,0,0,0,0,0,0,0,0,0,0
160180,1,1,2000,0,0,0,0,0,0,0,0,0,0
160180,2,1,2000,0,0,0,0,0,0,0,0,0,0
160181,1,1,2000,13,18,30,14,16,11,15,37,24,17
160182,1,1,2000,0,0,0,0,0,0,0,0,0,0
160183,1,1,2000,0,0,0,0,0,0,0,0,0,0
160183,2,1,2000,0,0,0,0,0,0,0,0,0,0
160183,3,1,2000,0,0,0,0,0,0,0,0,0,0
160183,4,1,2000,0,0,0,0,0,0,0,0,0,0
160184,1,1,2000,0,0,0,0,0,0,0,0,0,0
160184,2,1,2000,0,0,0,0,0,0,0,0,0,0
160185,1,1,2000,0,0,0,0,0,0,0,0,0,0
160186,1,1,2000,0,0,0,0,0,0,0,0,0,0
160187,1,1,2000,0,8,10,0,0,0,0,0,3,0
160187,2,1,2000,0,0,0,0,0,0,0,0,0,0
160188,1,1,2000,14,14,14,14,14,14,14,14,14,14
160189,1,1,2000,16,16,16,16,16,16,16,16,16,16
160190,1,1,2000,0,0,0,0,0,0,0,0,0,0
160190,2,1,2000,0,0,0,0,0,0,0,0,0,0
160191,1,1,2000,10,10,10,10,10,10,10,10,10,10
160192,1,1,2000,5,5,5,5,5,5,5,5,5,5
160192,2,1,2000,0,0,0,0,0,0,0,0,0,0
160193,1,1,2000,25,25,25,25,25,25,25,25,25,25
160194,1,1,2000,0,0,0,0,0,0,0,0,0,0
160194,2,1,2000,0,0,0,0,0,0,0,0,0,0
160195,1,1,2000,23,23,23,23,23,23,23,23,23,23
160196,0,1,2000,23,23,23,23,23,23,23,23,23,23
160196,1,1,2000,0,0,0,0,0,0,0,0,0,0
160197,1,1,2000,16,16,16,16,16,16,16,16,16,16
160198,1,1,2000,0,0,0,0,0,0,0,0,0,0
160198,2,1,2000,0,0,0,0,0,0,0,0,0,0