ST_CASE,VEH_NO,PER_NO,YEAR,P1,P2,P3,P4,P5,P6,P7,P8,P9,P10
170240,2,1,2000,18,18,18,18,18,18,18,18,18,18
170240,3,1,2000,0,0,26,0,0,14,24,0,0,0
170241,0,1,2000,2,2,2,2,2,2,2,2,2,2
170241,1,1,2000,0,0,0,0,0,0,0,0,0,0
170242,1,1,2000,0,0,0,0,0,0,0,0,0,0
170243,1,1,2000,0,0,0,0,0,0,0,0,0,0
170243,2,1,2000,0,0,0,0,0,0,0,0,0,0
170244,1,1,2000,11,11,11,11,11,11,11,11,11,11
170245,1,1,2000,0,0,0,0,0,0,0,0,0,0
170245,2,1,2000,0,0,0,0,0,0,0,0,0,0
170246,1,1,2000,8,8,8,8,8,8,8,8,8,8
170247,1,1,2000,0,0,0,0,0,0,0,0,0,0
170247,2,1,2000,0,0,0,0,0,0,0,0,0,0
170247,3,1,2000,0,0,0,0,0,0,0,0,0,0
170248,1,1,2000,0,0,0,0,0,0,0,0,0,0
170249,1,1,2000,30,30,30,30,30,30,30,30,30,30
170249,2,1,2000,0,0,0,0,0,0,0,0,0,0
170250,1,1,2000,11,11,11,11,11,11,11,11,11,11
170251,0,1,2000,0,0,0,0,0,0,0,0,0,0
170251,1,1,2000,0,0,0,0,0,0,0,0,0,0
170252,1,1,2000,0,0,0,0,0,0,0,0,0,0
170252,2,1,2000,0,0,0,0,0,0,0,0,0,0
170253,1,1,2000,25,25,25,25,25,25,25,25,25,25
170254,0,1,2000,0,0,0,0,0,0,0,0,0,0
170254,1,1,2000,0,0,0,0,0,0,0,0,0,0
170256,1,1,2000,13,13,13,13,13,13,13,13,13,13
170257,1,1,2000,5,5,5,5,5,5,5,5,5,5
170258,1,1,2000,9,9,9,9,9,9,9,9,9,9
170259,1,1,2000,9,9,9,9,9,9,9,9,9,9
170260,1,1,2000,20,0,0,0,0,0,0,0,0,0
170260,2,1,2000,0,0,0,0,0,0,0,20,0,0
170261,1,1,2000,0,0,0,0,0,0,0,0,0,0
170262,1,1,2000,0,5,0,0,0,0,19,0,0,0
170263,1,1,2000,23,23,23,23,23,23,23,23,23,23
170263,2,1,2000,0,0,0,0,0,0,0,0,0,0
170264,1,1,2000,27,27,27,27,27,27,27,27,27,27
170265,0,1,2000,0,0,0,0,0,0,0,0,0,0
170265,1,1,2000,19,19,19,19,19,19,19,19,19,19
170265,2,1,2000,0,0,0,0,0,0,0,0,0,0
170265,3,1,2000,11,0,0,13,0,0,6,0,9,0
170266,1,1,2000,11,0,0,0,0,0,17,0,0,0
170266,2,1,2000,0,0,0,0,0,0,0,0,0,0
170267,1,1,2000,17,17,17,17,17,17,17,17,17,17
170267,2,1,2000,0,0,0,0,0,0,0,0,0,0
170268,1,1,2000,22,22,22,22,22,22,22,22,22,22
170269,1,1,2000,0,0,0,0,0,0,0,0,0,0
170269,2,1,2000,0,0,0,0,0,0,0,0,10,0
170270,1,1,2000,18,18,18,18,18,18,18,18,18,18
170271,0,1,2000,7,7,7,7,7,7,7,7,7,7
170271,1,1,2000,0,0,0,0,0,0,0,0,0,0
170272,1,1,2000,0,0,0,0,0,0,0,0,0,16
170272,2,1,2000,0,0,0,0,0,0,0,0,0,0
170272,3,1,2000,0,0,0,0,0,0,0,0,0,0
170273,1,1,2000,12,12,12,12,12,12,12,12,12,12
170274,1,1,2000,0,0,0,0,0,0,0,0,0,0
170274,2,1,2000,0,0,0,0,0,0,0,0,0,0
170275,1,1,2000,10,0,19,0,0,0,6,0,0,19
170275,2,1,2000,0,0,0,0,0,0,0,0,0,0
170276,1,1,2000,19,19,19,19,19,19,19,19,19,19
170276,2,1,2000,9,9,9,9,9,9,9,9,9,9
170277,0,1,2000,0,0,0,0,0,0,0,0,0,0
170277,1,1,2000,13,13,13,13,13,13,13,13,13,13
170278,1,1,2000,2,2,2,2,2,2,2,2,2,2
170279,1,1,2000,0,0,0,0,0,0,0,0,0,0
170279,2,1,2000,0,0,0,0,0,0,0,0,0,0
170280,1,1,2000,0,0,0,0,0,0,0,0,0,0
170281,1,1,2000,0,0,0,0,0,0,0,0,0,0
170281,2,1,2000,0,0,0,0,0,0,0,0,0,0
170281,3,1,2000,0,0,0,0,0,0,0,0,0,0
170282,1,1,2000,20,20,20,20,20,20,20,20,20,20
170283,1,1,2000,0,0,0,0,0,0,0,0,0,0
170284,1,1,2000,29,11,8,0,10,6,10,15,0,26
170285,1,1,2000,8,8,8,8,8,8,8,8,8,8
170286,1,1,2000,26,26,26,26,26,26,26,26,26,26
170287,0,1,2000,36,36,36,36,36,36,36,36,36,36
170287,1,1,2000,0,0,0,0,0,0,0,0,0,0
170288,1,1,2000,0,0,0,0,0,0,0,0,0,0
170288,2,1,2000,0,0,0,0,0,0,0,0,0,0
170288,3,1,2000,0,17,0,6,0,0,0,0,0,0
170289,0,1,2000,0,0,0,0,0,0,0,0,0,0
170289,1,1,2000,0,0,0,0,0,0,0,0,0,0
170289,2,1,2000,0,0,0,0,0,0,0,0,0,0
170290,1,1,2000,36,36,36,36,36,36,36,36,36,36
170291,1,1,2000,8,8,8,8,8,8,8,8,8,8
170291,2,1,2000,0,0,0,0,0,0,0,0,17,0
170292,1,1,2000,0,0,24,0,0,17,16,0,0,15
170293,1,1,2000,0,0,0,0,0,0,0,0,0,0
170294,1,1,2000,10,10,10,10,10,10,10,10,10,10
170295,1,1,2000,0,0,0,0,0,0,0,0,0,0
170296,1,1,2000,0,0,0,0,0,5,8,0,26,6
170296,2,1,2000,0,0,0,0,0,0,0,0,0,0
170297,1,1,2000,0,0,0,0,0,0,0,0,0,0
170297,2,1,2000,0,0,0,0,0,0,0,0,0,0
170297,3,1,2000,0,0,0,0,0,0,0,0,0,0
170298,1,1,2000,0,0,0,0,0,0,0,0,0,0
170298,2,1,2000,0,0,0,0,0,0,0,0,0,0
170299,1,1,2000,0,0,0,0,0,0,0,0,0,0
170299,2,1,2000,0,0,0,0,0,0,0,0,0,0
170300,1,1,2000,26,26,26,26,26,26,26,26,26,26
170300,2,1,2000,0,0,0,0,0,0,0,0,0,0
170301,0,1,2000,0,0,0,0,0,0,0,0,0,0
170301,1,1,2000,0,0,0,0,0,0,0,0,0,0
170302,0,1,2000,0,0,0,0,0,0,0,0,0,0
170302,1,1,2000,9,0,0,0,20,0,0,0,0,0
170304,1,1,2000,0,0,0,0,0,0,0,0,0,0
170304,2,1,2000,0,0,0,0,0,0,0,0,0,0
170305,1,1,2000,0,0,0,0,0,0,0,0,0,0
170306,1,1,2000,2,2,2,2,2,2,2,2,2,2
170307,1,1,2000,15,15,15,15,15,15,15,15,15,15
170308,1,1,2000,0,0,0,0,0,0,13,0,12,0
170309,1,1,2000,0,0,0,0,0,0,0,0,0,0
170309,2,1,2000,0,0,0,0,0,0,0,0,0,0
170309,3,1,2000,0,0,0,15,18,0,0,0,0,0
170310,1,1,2000,12,12,12,12,12,12,12,12,12,12
170311,1,1,2000,15,15,15,15,15,15,15,15,15,15
170311,2,1,2000,0,13,0,0,0,0,0,0,0,0
170312,1,1,2000,5,26,13,15,15,7,16,25,20,11
170313,1,1,2000,19,19,19,19,19,19,19,19,19,19
170314,1,1,2000,13,13,13,13,13,13,13,13,13,13
170315,0,1,2000,0,0,0,0,0,0,0,54,0,0
170315,1,1,2000,0,0,0,0,0,0,0,0,0,0
170315,2,1,2000,0,0,0,0,0,0,0,0,0,0
170316,1,1,2000,0,0,0,0,0,0,0,0,0,0
170316,2,1,2000,0,0,0,0,0,0,0,0,0,0
170317,0,1,2000,0,0,0,0,0,0,0,0,0,0
170317,1,1,2000,0,0,0,0,0,0,0,0,0,0
170318,1,1,2000,0,0,0,0,0,0,0,0,0,0
170318,2,1,2000,0,0,0,0,0,0,0,0,0,0
170319,1,1,2000,0,30,0,0,0,0,0,0,0,15
170319,2,1,2000,0,0,0,0,0,0,0,0,0,0
170320,1,1,2000,0,0,0,0,0,0,0,0,7,0
170320,2,1,2000,0,0,0,0,0,0,0,0,0,0
170321,1,1,2000,3,0,0,0,10,0,0,2,0,0
170322,1,1,2000,29,29,29,29,29,29,29,29,29,29
170323,1,1,2000,0,0,0,0,0,0,0,0,0,0
170323,2,1,2000,0,0,0,0,0,0,0,0,0,0
170323,3,1,2000,0,0,0,0,0,0,0,0,0,0
170324,1,1,2000,0,0,0,0,0,0,0,0,0,0
170325,1,1,2000,0,0,0,0,0,0,0,0,0,0
170326,1,1,2000,0,0,0,0,0,0,0,0,0,0
170326,2,1,2000,0,0,0,0,0,0,0,0,0,0
170327,1,1,2000,0,0,0,0,0,0,0,0,0,0
170328,1,1,2000,1,1,1,1,1,1,1,1,1,1
170329,1,1,2000,7,7,7,7,7,7,7,7,7,7
170330,1,1,2000,17,17,17,17,17,17,17,17,17,17
170331,1,1,2000,0,0,0,0,0,0,0,0,0,0
170331,2,1,2000,0,0,0,0,0,0,0,0,0,0
170332,1,1,2000,0,0,8,0,0,0,0,0,12,0
170332,2,1,2000,0,0,15,8,0,0,0,0,0,0
170333,1,1,2000,0,0,0,0,0,0,0,0,0,0
170333,2,1,2000,0,0,0,0,0,0,0,0,0,0
170334,1,1,2000,0,0,0,0,0,0,0,0,0,0
170334,2,1,2000,0,0,0,0,0,0,0,0,0,0
170335,1,1,2000,0,0,0,0,0,0,0,0,0,0
170335,2,1,2000,0,0,0,0,0,0,0,0,0,0
170336,1,1,2000,0,0,0,0,0,0,0,0,0,0
170336,2,1,2000,0,0,0,0,0,0,0,0,0,0
170336,3,1,2000,0,0,0,0,0,0,0,0,0,0
170337,1,1,2000,15,15,15,15,15,15,15,15,15,15
170337,2,1,2000,0,0,0,0,0,0,0,0,0,0
170338,0,1,2000,13,13,13,13,13,13,13,13,13,13
170338,1,1,2000,9,14,15,18,10,13,22,11,15,0
170339,1,1,2000,16,16,16,16,16,16,16,16,16,16
170340,0,1,2000,0,0,0,0,0,0,0,0,0,0
170340,1,1,2000,0,30,5,14,0,0,0,13,18,6
170341,0,1,2000,0,0,0,0,0,0,0,0,0,0
170341,1,1,2000,0,0,0,0,0,0,0,0,0,0
170342,0,1,2000,0,0,0,0,0,0,0,0,0,0
170342,1,1,2000,5,0,0,6,0,0,0,0,24,0
170343,1,1,2000,23,23,23,23,23,23,23,23,23,23
170343,2,1,2000,0,0,0,0,0,0,0,0,0,0
170344,1,1,2000,0,0,0,0,0,0,0,0,0,0
170344,2,1,2000,0,0,0,0,0,0,0,0,0,0
170345,1,1,2000,0,0,0,0,0,0,0,0,0,0
170346,1,1,2000,0,0,0,0,0,0,0,0,0,0
170346,2,1,2000,0,0,0,0,0,0,0,0,0,0
170347,1,1,2000,0,0,0,0,0,0,0,0,0,0
170347,2,1,2000,0,0,0,0,0,0,0,0,0,0
170347,3,1,2000,0,0,0,0,0,0,0,0,0,0
170347,4,1,2000,0,0,0,0,0,0,0,0,0,0
170347,5,1,2000,0,0,0,0,0,0,0,0,0,5
170348,0,1,2000,9,9,9,9,9,9,9,9,9,9
170348,1,1,2000,0,0,0,0,0,0,0,0,0,0
170349,1,1,2000,22,22,22,22,22,22,22,22,22,22
170350,1,1,2000,25,25,25,25,25,25,25,25,25,25
170351,1,1,2000,0,0,0,0,0,0,0,0,0,0
170351,2,1,2000,0,0,0,0,0,0,0,0,0,0
170351,3,1,2000,0,0,0,0,0,0,0,0,0,0
170352,1,1,2000,0,0,0,0,0,0,0,0,0,0
170353,1,1,2000,26,26,26,26,26,26,26,26,26,26
170354,1,1,2000,0,0,0,0,0,0,0,0,0,0
170355,1,1,2000,0,0,0,0,0,0,0,0,0,0
170356,1,1,2000,0,0,0,0,0,0,0,0,0,0
170356,2,1,2000,0,0,0,0,0,0,0,0,0,0
170357,1,1,2000,0,0,0,0,0,0,0,0,0,0
170357,2,1,2000,0,0,0,0,0,0,0,0,0,0
170358,1,1,2000,0,0,0,0,0,0,16,0,0,0
170358,2,1,2000,0,0,0,0,0,0,0,0,0,0
170359,1,1,2000,0,0,0,0,0,0,0,0,0,0
170360,1,1,2000,14,7,3,0,14,19,7,16,10,10
170361,1,1,2000,0,0,0,0,0,0,0,0,0,0
170362,1,1,2000,0,0,0,0,0,0,0,0,0,0
170362,2,1,2000,0,0,0,0,0,0,0,0,0,0
170362,3,1,2000,0,0,0,0,0,0,0,0,0,0
170363,1,1,2000,0,0,0,0,0,0,0,0,0,0
170363,2,1,2000,0,0,0,0,0,0,0,0,0,0
170364,0,1,2000,0,0,0,0,0,0,0,0,0,0
170364,1,1,2000,8,14,7,9,7,8,18,0,0,3
170365,1,1,2000,0,0,2,0,9,0,13,21,0,0
170366,1,1,2000,27,27,27,27,27,27,27,27,27,27
170366,2,1,2000,0,0,0,0,0,0,0,0,0,0
170367,1,1,2000,0,0,31,0,0,0,0,0,0,0
170367,2,1,2000,0,0,0,0,0,0,0,0,0,0
170368,1,1,2000,19,21,13,21,22,23,0,0,20,19
170369,1,1,2000,26,26,26,26,26,26,26,26,26,26
170369,2,1,2000,3,0,0,0,0,0,0,0,0,0
170370,1,1,2000,21,21,21,21,21,21,21,21,21,21
170371,0,1,2000,31,31,31,31,31,31,31,31,31,31
170371,1,1,2000,9,13,13,5,12,18,28,5,9,22
170372,1,1,2000,0,0,0,0,20,0,0,0,0,0
170372,2,1,2000,0,0,0,0,0,0,0,0,0,0
170372,3,1,2000,0,0,0,0,0,0,0,0,0,0
170373,1,1,2000,9,9,9,9,9,9,9,9,9,9
170373,2,1,2000,0,0,0,0,0,0,0,0,0,0
170374,1,1,2000,0,0,0,0,0,0,0,0,0,0
170374,2,1,2000,0,0,0,4,0,0,0,0,0,0
170375,1,1,2000,0,0,0,0,0,0,17,25,13,6
170376,0,1,2000,0,0,0,0,13,0,21,0,0,0
170376,1,1,2000,20,12,0,21,0,38,9,19,21,13
170377,1,1,2000,0,10,0,0,0,0,0,0,23,0
170378,0,1,2000,0,0,0,0,0,0,0,0,0,0
170378,1,1,2000,0,0,0,0,0,0,0,0,0,0
170378,2,1,2000,0,0,0,0,0,0,0,0,0,0
170379,1,1,2000,0,0,0,0,0,0,0,0,0,0
170380,1,1,2000,16,16,16,16,16,16,16,16,16,16
170380,2,1,2000,0,0,0,0,0,0,0,0,0,0
170381,1,1,2000,0,0,0,0,0,0,0,0,0,0
170381,2,1,2000,0,0,0,0,0,0,0,0,0,0
170382,1,1,2000,0,0,0,0,0,0,0,0,0,0
170382,2,1,2000,0,0,0,0,0,0,0,0,0,0
170383,1,1,2000,0,0,0,0,0,0,0,0,0,0
170384,1,1,2000,0,0,0,0,0,0,0,0,0,0
170384,2,1,2000,0,0,0,0,0,0,0,0,0,0
170386,1,1,2000,0,0,0,0,0,0,0,0,0,0
170387,0,1,2000,0,0,0,0,0,0,0,0,0,0
170387,1,1,2000,0,0,0,0,0,0,0,0,0,0
170387,2,1,2000,0,0,0,0,0,0,0,0,0,0
170388,0,1,2000,11,10,23,0,0,0,15,0,18,0
170388,0,2,2000,0,0,0,0,0,0,0,0,0,0
170388,0,3,2000,7,5,0,13,0,30,0,0,0,9
170388,1,1,2000,32,32,32,32,32,32,32,32,32,32
170388,2,1,2000,9,0,0,0,0,0,0,0,6,0
170389,1,1,2000,0,0,0,0,0,0,0,0,0,0
170390,1,1,2000,5,5,5,5,5,5,5,5,5,5
170390,2,1,2000,0,0,0,0,0,0,0,0,0,0
170391,1,1,2000,22,22,22,22,22,22,22,22,22,22
170392,1,1,2000,0,0,0,0,0,0,0,0,0,0
170393,1,1,2000,0,0,0,0,0,0,0,0,0,0
170394,0,1,2000,0,0,0,0,0,0,0,0,13,0
170394,1,1,2000,18,0,9,12,8,27,12,15,19,8
170395,1,1,2000,16,16,16,16,16,16,16,16,16,16
170395,2,1,2000,0,0,0,0,0,0,0,0,0,0
170396,1,1,2000,0,0,0,0,0,0,0,0,0,0
170396,2,1,2000,0,0,0,0,0,0,0,0,0,0
170397,1,1,2000,0,0,0,0,0,0,0,0,0,0
170397,2,1,2000,0,0,0,0,0,0,0,0,0,0
170397,3,1,2000,0,0,0,0,0,0,0,0,0,0
170398,1,1,2000,0,0,0,0,0,0,0,0,0,0
170399,0,1,2000,0,0,0,0,0,0,0,0,0,0
170399,1,1,2000,0,0,0,0,0,0,0,0,0,0
170400,1,1,2000,0,0,0,0,0,0,0,0,0,0
170400,2,1,2000,0,0,0,0,0,0,0,0,0,0
170401,1,1,2000,0,0,0,0,0,0,0,0,0,0
170401,2,1,2000,0,0,0,0,0,0,0,0,0,0
170402,1,1,2000,0,0,0,0,0,0,0,0,0,0
170403,1,1,2000,13,13,13,13,13,13,13,13,13,13
170403,2,1,2000,0,0,0,0,0,0,0,0,0,0
170404,1,1,2000,18,18,18,18,18,18,18,18,18,18
170405,1,1,2000,0,0,0,0,0,0,0,0,0,0
170406,1,1,2000,0,0,0,0,0,0,0,0,0,0
170407,1,1,2000,0,0,0,0,0,0,0,0,0,0
170408,1,1,2000,0,0,0,0,0,0,0,0,0,0
170409,0,1,2000,23,23,23,23,23,23,23,23,23,23
170409,1,1,2000,8,8,8,8,8,8,8,8,8,8
170410,1,1,2000,0,0,0,0,0,0,0,0,0,0
170411,1,1,2000,0,0,0,0,0,0,0,0,0,0
170412,0,1,2000,0,0,0,0,0,0,0,0,0,0
170412,1,1,2000,0,0,0,0,0,0,0,0,0,0
170413,1,1,2000,23,23,23,23,23,23,23,23,23,23
170413,2,1,2000,19,0,0,0,17,0,0,0,0,0
170414,1,1,2000,13,13,13,13,13,13,13,13,13,13
170414,2,1,2000,11,0,0,0,0,0,0,0,0,0
170415,0,1,2000,0,0,13,0,0,0,0,0,19,0
170415,1,1,2000,0,0,0,0,0,0,0,0,0,0
170416,0,1,2000,0,0,0,0,0,0,0,0,0,0
170416,1,1,2000,0,0,0,0,0,0,0,0,0,0
170417,1,1,2000,16,16,16,16,16,16,16,16,16,16
170417,2,1,2000,0,0,0,0,0,0,0,0,0,0
170418,1,1,2000,0,0,0,0,0,0,0,0,0,0
170418,2,1,2000,0,0,0,0,0,0,0,0,0,0
170419,1,1,2000,0,0,0,0,0,0,0,0,0,0
170420,1,1,2000,0,0,0,0,0,0,0,0,0,0
170420,2,1,2000,0,0,0,0,0,0,0,0,11,0
170421,1,1,2000,0,0,0,0,0,0,0,0,0,0
170422,1,1,2000,20,20,20,20,20,20,20,20,20,20
170423,1,1,2000,31,31,31,31,31,31,31,31,31,31
170423,2,1,2000,0,0,0,0,0,0,0,0,0,0
170425,1,1,2000,14,14,14,14,14,14,14,14,14,14
170426,1,1,2000,0,0,0,0,0,0,0,0,0,0
170426,2,1,2000,0,3,0,0,0,0,0,0,12,0
170427,1,1,2000,5,5,5,5,5,5,5,5,5,5
170427,2,1,2000,11,11,11,11,11,11,11,11,11,11
170428,1,1,2000,26,26,26,26,26,26,26,26,26,26
170429,1,1,2000,11,11,11,11,11,11,11,11,11,11
170430,1,1,2000,19,19,19,19,19,19,19,19,19,19
170431,1,1,2000,22,22,22,22,22,22,22,22,22,22
170432,0,1,2000,0,0,0,0,0,0,0,0,0,0
170432,1,1,2000,0,0,0,0,0,0,0,0,0,0
170433,1,1,2000,12,12,12,12,12,12,12,12,12,12
170434,1,1,2000,3,3,3,3,3,3,3,3,3,3
170434,2,1,2000,22,0,34,0,0,0,0,0,8,0
170435,0,1,2000,0,0,0,0,0,0,0,0,0,0
170435,1,1,2000,0,0,0,0,0,0,0,0,0,0
170436,1,1,2000,0,0,0,0,0,0,0,0,0,0
170436,2,1,2000,0,0,0,0,0,0,0,0,0,0
170437,1,1,2000,0,0,0,0,0,0,0,0,0,0
170438,0,1,2000,0,0,0,0,0,0,0,0,0,0
170438,1,1,2000,9,37,11,13,2,22,11,9,11,7
170438,2,1,2000,0,0,0,0,0,0,0,0,0,0
170439,0,1,2000,0,0,0,0,0,0,0,0,0,0
170439,1,1,2000,0,0,0,0,0,0,0,0,16,0
170440,0,1,2000,23,0,0,14,0,25,23,0,0,0
170440,1,1,2000,18,18,18,18,18,18,18,18,18,18
170441,1,1,2000,8,8,8,8,8,8,8,8,8,8
170441,2,1,2000,0,0,0,0,0,0,0,0,17,0
170442,1,1,2000,0,0,0,0,0,0,0,0,0,0
170442,2,1,2000,0,0,0,0,0,0,0,0,0,0
170443,1,1,2000,0,0,0,0,0,0,0,0,0,0
170444,0,1,2000,14,14,14,14,14,14,14,14,14,14
170444,1,1,2000,0,0,8,0,0,0,0,0,0,0
170445,0,1,2000,8,0,0,0,0,0,0,0,0,0
170445,0,2,2000,0,0,0,0,0,0,0,0,0,0
170445,1,1,2000,0,0,0,0,0,0,0,0,0,0
170445,2,1,2000,0,0,0,0,0,0,0,0,0,0
170445,3,1,2000,0,0,0,0,0,0,0,0,0,0
170445,4,1,2000,0,0,0,0,0,0,0,0,0,0
170445,5,1,2000,0,0,0,0,0,0,0,0,0,0
170446,1,1,2000,16,16,16,16,16,16,16,16,16,16
170447,0,1,2000,28,0,21,0,0,0,0,28,0,0
170447,1,1,2000,0,0,13,0,0,0,0,0,0,0
170448,1,1,2000,7,7,7,7,7,7,7,7,7,7
170448,2,1,2000,0,0,0,0,0,0,0,0,0,0
170449,1,1,2000,0,0,0,0,0,0,0,0,0,0
170449,2,1,2000,0,0,0,0,0,0,0,0,0,0
170450,1,1,2000,0,0,0,0,0,0,0,0,0,0
170450,2,1,2000,0,0,0,0,0,0,0,0,0,0
170451,0,1,2000,15,15,15,15,15,15,15,15,15,15
170451,1,1,2000,4,0,0,0,0,0,0,0,0,0
170451,2,1,2000,16,12,0,9,5,0,0,23,13,11
170452,1,1,2000,0,0,0,0,0,0,0,0,0,0
170453,1,1,2000,0,0,0,0,0,0,0,0,0,0
170453,2,1,2000,0,0,0,0,0,0,0,0,0,0
170454,0,1,2000,0,0,0,0,0,0,0,0,0,0
170454,1,1,2000,0,0,0,0,0,0,0,0,0,0
170455,1,1,2000,0,0,0,0,0,0,0,0,0,0
170455,2,1,2000,0,0,0,0,0,0,0,0,0,0
170456,0,1,2000,0,0,0,0,0,0,0,0,0,0
170456,1,1,2000,0,0,0,0,0,0,0,0,0,0
170457,1,1,2000,14,0,0,0,0,0,0,0,0,0
170457,2,1,2000,0,0,0,0,0,0,0,0,0,0
170458,1,1,2000,0,0,0,0,0,0,0,0,0,0
170458,2,1,2000,0,0,0,0,0,0,0,0,0,0
170459,1,1,2000,0,0,0,0,0,0,0,0,0,0
170460,1,1,2000,20,20,20,20,20,20,20,20,20,20
170461,1,1,2000,0,0,19,0,0,14,8,23,10,0
170462,1,1,2000,0,0,0,0,0,0,0,0,0,0
170462,2,1,2000,0,0,0,0,0,0,0,0,0,0
170463,1,1,2000,14,14,14,14,14,14,14,14,14,14
170464,1,1,2000,0,0,0,0,0,0,0,0,0,0
170464,2,1,2000,0,0,0,0,0,0,0,0,0,0
170465,1,1,2000,0,0,0,0,0,0,0,0,0,0
170465,2,1,2000,0,0,0,0,0,0,0,0,0,0
170466,1,1,2000,14,14,14,14,14,14,14,14,14,14
170467,1,1,2000,0,0,0,0,0,0,0,0,0,0
170468,1,1,2000,7,7,7,7,7,7,7,7,7,7
170469,1,1,2000,21,21,21,21,21,21,21,21,21,21
170469,2,1,2000,13,10,14,18,3,11,17,21,3,28
170470,0,1,2000,0,0,0,0,0,0,0,0,0,0
170470,1,1,2000,0,0,0,0,0,0,0,0,0,0
170471,1,1,2000,0,0,0,0,0,0,0,0,0,0
170472,0,1,2000,26,26,26,26,26,26,26,26,26,26
170472,1,1,2000,13,19,16,0,5,6,11,10,18,15
170473,1,1,2000,0,0,0,0,0,0,0,0,0,0
170474,1,1,2000,0,0,0,0,0,0,0,0,0,0
170474,2,1,2000,5,8,4,15,12,14,13,17,8,0
170474,3,1,2000,0,0,0,0,0,0,0,0,0,0
170475,1,1,2000,0,0,0,0,0,0,0,0,0,0
170475,2,1,2000,0,0,0,0,0,0,0,0,0,0
170476,1,1,2000,4,4,4,4,4,4,4,4,4,4
170477,1,1,2000,0,0,0,0,0,0,0,0,0,0
170477,2,1,2000,0,0,0,0,0,0,0,0,11,0
170478,1,1,2000,0,0,0,0,0,0,0,0,0,0
170479,1,1,2000,0,0,0,0,0,0,0,0,0,0
170480,1,1,2000,0,0,0,0,0,0,0,0,0,0
170480,2,1,2000,0,0,0,0,0,0,0,0,0,0
170480,3,1,2000,0,0,0,0,0,0,0,0,0,0
170481,1,1,2000,0,0,0,0,0,0,0,0,0,0
170482,0,1,2000,9,0,0,0,0,0,0,0,0,0
170482,1,1,2000,0,0,0,0,0,0,0,0,0,0
170483,1,1,2000,0,0,0,0,0,0,0,0,0,0
170484,1,1,2000,18,18,18,18,18,18,18,18,18,18
170484,2,1,2000,0,0,0,0,0,0,0,0,0,0
170485,1,1,2000,0,0,0,0,0,0,0,0,0,0
170486,1,1,2000,0,0,0,0,0,0,0,0,0,0
170486,2,1,2000,0,0,0,0,0,0,0,0,0,0
170487,1,1,2000,0,0,0,0,0,0,0,0,0,0
170487,2,1,2000,0,0,0,0,0,0,0,0,0,0
170487,3,1,2000,0,0,0,0,0,0,0,0,0,0
170487,4,1,2000,0,0,0,0,0,0,0,0,0,0
170487,5,1,2000,0,0,0,0,0,0,0,0,0,0
170488,1,1,2000,14,14,14,14,14,14,14,14,14,14
170489,1,1,2000,0,0,0,0,0,0,0,0,0,0
170490,1,1,2000,14,14,14,14,14,14,14,14,14,14
170490,2,1,2000,0,0,0,0,0,0,0,0,0,0
170491,1,1,2000,0,0,0,0,0,0,0,0,0,0
170491,2,1,2000,4,22,13,17,0,27,18,5,10,0
170492,0,1,2000,0,0,0,0,0,0,0,0,0,0
170492,1,1,2000,0,0,0,0,0,29,0,0,0,21
170493,1,1,2000,0,0,0,0,0,0,0,0,0,0
170494,1,1,2000,0,0,0,0,0,0,0,0,0,0
170495,1,1,2000,33,33,33,33,33,33,33,33,33,33
170496,1,1,2000,12,12,12,12,12,12,12,12,12,12
170497,1,1,2000,18,18,18,18,18,18,18,18,18,18
170498,1,1,2000,24,24,24,24,24,24,24,24,24,24
170499,1,1,2000,16,16,16,16,16,16,16,16,16,16
170500,1,1,2000,17,17,17,17,17,17,17,17,17,17
170501,1,1,2000,0,0,0,0,0,0,0,0,0,0
170501,2,1,2000,0,0,0,0,0,0,0,0,0,0
170502,0,1,2000,0,0,0,0,0,0,0,0,0,0
170502,2,1,2000,0,0,0,0,0,0,0,0,0,0
170503,1,1,2000,0,0,0,0,0,0,0,0,0,0
170503,2,1,2000,0,0,0,0,0,0,0,0,0,0
170503,3,1,2000,0,0,0,0,0,0,0,0,0,0
170503,4,1,2000,0,0,0,0,0,0,0,0,0,0
170504,1,1,2000,0,0,0,0,0,0,0,0,0,0
170504,2,1,2000,0,0,0,0,0,0,0,0,0,0
170504,3,1,2000,0,0,0,0,0,0,0,0,0,0
170504,4,1,2000,0,0,0,0,0,0,0,0,0,0
170504,5,1,2000,0,0,0,0,0,0,0,0,0,0
170504,6,1,2000,0,0,0,0,0,0,0,0,0,0
170505,1,1,2000,0,0,0,0,0,0,0,0,25,0
170505,2,1,2000,0,0,0,0,0,0,0,0,0,0
170506,1,1,2000,17,17,17,17,17,17,17,17,17,17
170506,2,1,2000,0,0,0,0,0,0,0,0,0,0
170507,0,1,2000,0,0,0,0,0,0,0,0,0,0
170507,1,1,2000,0,0,11,0,0,0,0,0,0,0
170508,1,1,2000,0,0,0,0,0,0,0,0,0,0
170508,2,1,2000,0,0,0,0,0,0,0,0,0,0
170509,1,1,2000,0,0,0,0,12,0,15,0,0,0
170510,1,1,2000,21,21,21,21,21,21,21,21,21,21
170511,1,1,2000,0,0,0,0,0,0,0,0,0,0
170511,2,1,2000,0,0,0,0,0,0,0,0,0,0