ST_CASE,VEH_NO,PER_NO,YEAR,P1,P2,P3,P4,P5,P6,P7,P8,P9,P10
190332,2,1,2000,0,0,0,0,0,0,0,0,0,0
190332,3,1,2000,0,0,0,0,0,0,0,0,0,0
190333,1,1,2000,0,3,0,0,0,0,0,0,0,0
190334,1,1,2000,0,0,0,0,0,0,0,0,0,0
190335,1,1,2000,0,0,0,0,0,0,0,0,0,21
190335,2,1,2000,0,0,0,0,0,0,0,0,0,0
190336,1,1,2000,0,0,0,0,0,0,0,0,0,0
190336,2,1,2000,0,0,0,0,0,0,0,0,0,0
190337,1,1,2000,0,0,0,0,0,0,0,0,12,0
190337,2,1,2000,0,6,0,0,0,0,0,0,0,0
190338,1,1,2000,0,0,8,0,0,0,0,7,0,0
190339,1,1,2000,0,0,0,0,0,0,0,0,0,0
190340,1,1,2000,0,0,0,0,0,0,0,0,0,0
190340,2,1,2000,0,0,0,0,0,0,0,0,0,0
190341,1,1,2000,14,14,14,14,14,14,14,14,14,14
190342,0,1,2000,0,0,0,0,0,0,0,0,0,0
190342,1,1,2000,0,4,0,0,0,0,0,0,0,0
190343,1,2,2000,21,21,21,21,21,21,21,21,21,21
190344,1,1,2000,0,0,0,0,0,0,0,0,0,0
190345,1,1,2000,0,0,0,0,0,0,0,0,0,0
190345,2,1,2000,0,0,0,0,0,0,0,0,0,0
190346,1,1,2000,0,0,0,0,0,0,0,0,5,0
190346,2,1,2000,0,0,0,0,22,43,14,9,0,0
190347,1,1,2000,0,0,0,0,0,0,0,0,0,0
190348,1,1,2000,14,14,14,14,14,14,14,14,14,14
190348,2,1,2000,0,0,19,0,0,0,0,0,0,0
190349,1,1,2000,10,0,8,9,0,26,16,21,29,13
190350,1,1,2000,24,24,24,24,24,24,24,24,24,24
190351,1,1,2000,18,18,18,18,18,18,18,18,18,18
190352,0,1,2000,0,0,0,0,0,0,0,0,0,0
190352,1,1,2000,0,0,0,0,0,0,0,0,0,0
190353,0,1,2000,0,0,0,0,0,0,0,0,0,0
190353,1,1,2000,0,0,7,0,0,0,0,0,0,0
190354,1,1,2000,0,0,0,0,0,0,0,0,0,0
190354,2,1,2000,0,0,0,0,0,0,0,0,0,0
190355,1,1,2000,15,15,15,15,15,15,15,15,15,15
190356,1,1,2000,0,0,0,0,0,0,0,0,0,0
190356,2,1,2000,0,0,0,0,0,0,0,0,0,0
190357,1,1,2000,0,0,0,0,0,0,0,0,0,0
190358,1,1,2000,0,0,0,0,0,0,0,0,0,0
190358,2,1,2000,1,1,1,1,1,1,1,1,1,1
190358,3,1,2000,0,0,17,0,0,0,0,0,0,0
190359,1,1,2000,0,0,0,0,0,0,0,0,0,0
190359,2,1,2000,0,0,0,0,0,0,0,0,0,0
190360,1,1,2000,22,22,22,22,22,22,22,22,22,22
190361,1,1,2000,0,0,0,0,0,0,14,0,0,0
190362,1,1,2000,0,0,0,0,0,0,0,0,0,0
190363,1,1,2000,0,0,0,0,0,0,0,0,0,0
190363,2,1,2000,0,0,0,0,0,0,0,0,0,0
190364,1,1,2000,10,10,10,10,10,10,10,10,10,10
190365,1,1,2000,20,20,20,20,20,20,20,20,20,20
190365,2,1,2000,0,0,0,0,0,0,0,0,0,0
190366,1,1,2000,26,26,26,26,26,26,26,26,26,26
190366,2,1,2000,0,0,0,0,0,0,0,0,0,0
190367,1,1,2000,26,26,26,26,26,26,26,26,26,26
190368,1,1,2000,0,0,0,19,0,0,0,0,0,0
190369,1,1,2000,0,0,0,0,0,0,0,0,0,0
190369,2,1,2000,0,0,0,0,0,0,0,0,0,0
190370,1,1,2000,0,0,0,0,0,0,0,0,0,0
190370,2,1,2000,20,20,20,20,20,20,20,20,20,20
190372,1,1,2000,0,0,0,0,0,23,0,0,0,0
190372,2,1,2000,0,0,0,0,0,0,18,0,0,0
190372,3,1,2000,0,0,0,0,0,0,0,0,0,0
190373,1,1,2000,0,0,0,0,0,0,0,0,0,0
190373,2,1,2000,0,0,0,0,0,0,0,0,0,0
190373,3,1,2000,0,0,0,0,0,0,0,0,0,0
190374,1,1,2000,19,19,19,19,19,19,19,19,19,19
190374,2,1,2000,6,6,6,6,6,6,6,6,6,6
190375,1,1,2000,10,10,10,10,10,10,10,10,10,10
190375,2,1,2000,26,0,0,20,0,0,0,0,0,0
190376,1,1,2000,0,0,0,0,0,0,0,0,0,0
190377,1,1,2000,0,0,0,0,0,0,0,0,0,0
190377,2,1,2000,0,0,0,0,0,0,0,0,0,0
190378,0,1,2000,0,0,0,0,8,0,0,0,0,17
190378,1,1,2000,10,12,12,10,12,32,14,12,12,12
190379,1,1,2000,38,38,38,38,38,38,38,38,38,38
190379,2,1,2000,0,0,0,0,0,0,0,0,0,0
190380,1,1,2000,0,0,0,0,0,0,0,0,0,0
190380,2,1,2000,0,0,0,0,0,0,0,0,0,0
190381,1,1,2000,0,0,0,0,0,0,0,0,0,0
190381,2,1,2000,0,0,0,0,0,0,0,0,0,0
190382,1,1,2000,5,0,0,0,0,0,0,0,0,24
190382,2,1,2000,0,0,0,0,0,0,0,0,0,0
190383,1,1,2000,0,0,0,0,0,0,0,0,0,0
190384,0,1,2000,15,15,15,15,15,15,15,15,15,15
190384,1,1,2000,0,0,0,10,0,0,0,17,8,0
190384,2,1,2000,0,0,0,0,0,0,0,0,0,0
190385,1,1,2000,0,0,0,0,0,0,0,0,0,0
190386,1,1,2000,24,24,24,24,24,24,24,24,24,24
190387,1,1,2000,0,0,0,0,0,0,0,0,0,0
190387,2,1,2000,0,0,0,0,0,0,0,0,0,0
190388,1,1,2000,0,0,0,0,0,0,0,0,0,0
190388,2,1,2000,0,0,0,0,0,0,0,0,0,0
190388,3,1,2000,0,0,0,0,0,0,0,0,0,0
190389,1,1,2000,0,0,0,0,0,0,0,0,0,0
190389,2,1,2000,0,0,0,0,0,0,0,0,0,0
190390,1,1,2000,0,0,0,0,0,0,0,0,0,0
190390,2,1,2000,0,0,0,0,0,0,0,0,0,0
190391,1,1,2000,0,0,22,0,0,0,14,9,0,0
190392,1,1,2000,0,0,0,0,0,0,0,0,0,0
190392,2,1,2000,0,0,0,0,0,0,0,0,0,0
190392,3,1,2000,0,0,0,0,0,0,0,0,0,0
190393,1,1,2000,0,0,0,0,0,0,0,0,0,0
190394,1,1,2000,0,0,0,0,0,8,0,0,0,0
190394,2,1,2000,0,0,0,0,0,0,0,0,0,0
190395,1,1,2000,0,0,0,0,0,0,0,0,0,0
190395,2,1,2000,0,0,0,0,0,0,0,0,0,0
190397,1,1,2000,0,0,0,0,0,0,0,0,0,0
190397,2,1,2000,0,0,0,0,0,0,0,0,0,0
190398,1,1,2000,0,0,0,0,0,0,0,0,0,0
190400,1,1,2000,0,0,0,0,0,0,0,0,0,0
190400,2,1,2000,0,0,0,0,0,0,0,0,12,0
190401,1,1,2000,0,0,0,0,0,0,0,0,0,0
190401,2,1,2000,0,0,0,0,0,0,0,0,0,0
200001,1,1,2000,22,22,22,22,22,22,22,22,22,22
200002,1,1,2000,0,0,0,0,0,0,0,0,0,0
200003,1,1,2000,24,35,30,18,27,34,0,18,10,37
200004,1,1,2000,0,0,0,0,0,0,0,0,0,0
200004,2,1,2000,0,0,0,0,0,0,0,0,0,0
200004,3,1,2000,0,0,0,0,0,0,0,0,0,0
200005,1,1,2000,0,0,0,0,11,0,0,0,0,0
200005,2,1,2000,0,0,0,0,0,0,0,0,0,0
200006,1,1,2000,0,0,0,0,0,0,0,0,0,0
200007,1,1,2000,30,30,30,30,30,30,30,30,30,30
200007,2,1,2000,0,0,0,0,0,0,0,0,0,0
200008,1,1,2000,0,0,0,0,0,0,0,0,0,8
200008,2,1,2000,0,0,0,0,0,0,0,0,0,0
200009,1,1,2000,19,19,19,19,19,19,19,19,19,19
200010,1,1,2000,0,0,0,0,0,0,0,0,0,0
200011,1,1,2000,8,8,8,8,8,8,8,8,8,8
200011,2,1,2000,0,0,0,0,0,0,0,0,0,0
200012,1,1,2000,0,23,17,23,0,0,38,18,0,15
200013,1,1,2000,18,18,18,18,18,18,18,18,18,18
200013,2,1,2000,0,0,0,0,0,0,0,0,0,0
200014,1,1,2000,0,0,0,0,0,0,0,0,0,0
200014,2,1,2000,0,0,0,0,0,0,0,0,0,0
200015,1,1,2000,6,6,6,6,6,6,6,6,6,6
200016,1,1,2000,0,0,0,0,0,0,0,0,0,0
200016,2,1,2000,0,0,0,0,0,0,0,0,0,0
200017,1,1,2000,11,11,11,11,11,11,11,11,11,11
200018,1,1,2000,13,13,13,13,13,13,13,13,13,13
200019,1,1,2000,0,0,0,0,0,0,0,0,0,0
200021,1,1,2000,0,0,0,0,0,0,0,0,0,0
200021,2,1,2000,0,0,0,0,0,0,0,0,0,0
200022,1,1,2000,8,8,8,8,8,8,8,8,8,8
200023,1,1,2000,0,0,0,0,0,0,0,0,0,0
200023,2,1,2000,0,0,0,0,0,0,0,0,0,0
200024,1,1,2000,0,0,0,0,0,0,0,0,0,0
200024,2,1,2000,0,0,0,0,0,0,0,0,0,0
200025,1,1,2000,0,0,0,0,0,0,0,0,0,0
200025,2,1,2000,0,0,0,0,0,0,0,0,0,0
200026,1,1,2000,0,0,0,0,0,0,0,0,0,0
200026,2,1,2000,0,0,0,0,0,0,0,0,0,0
200026,3,1,2000,0,0,0,0,0,0,0,0,0,0
200027,1,1,2000,0,0,0,0,0,0,0,0,0,0
200028,1,1,2000,0,0,0,0,0,0,0,0,0,0
200028,2,1,2000,0,0,0,0,0,0,0,0,0,0
200030,1,1,2000,10,10,10,10,10,10,10,10,10,10
200031,1,1,2000,21,21,21,21,21,21,21,21,21,21
200032,1,1,2000,0,0,0,0,0,0,0,0,0,0
200032,2,1,2000,0,0,0,0,0,0,0,0,0,0
200033,1,1,2000,0,0,0,0,0,0,0,0,0,0
200034,1,1,2000,0,0,0,0,0,0,0,0,0,0
200035,1,1,2000,0,0,0,0,0,0,0,0,0,0
200035,2,1,2000,0,0,0,0,0,0,0,0,0,0
200036,1,1,2000,0,0,0,0,0,0,0,0,0,0
200036,2,1,2000,0,0,0,0,0,0,0,0,0,0
200037,1,1,2000,0,0,0,0,0,0,0,0,0,0
200038,1,1,2000,0,0,0,0,0,0,0,0,0,0
200039,1,1,2000,0,0,0,0,0,0,0,0,0,0
200040,1,1,2000,25,25,25,25,25,25,25,25,25,25
200041,1,1,2000,25,25,25,25,25,25,25,25,25,25
200041,2,1,2000,0,0,0,0,0,0,0,0,0,0
200042,1,1,2000,0,0,0,0,0,0,0,0,0,0
200042,2,1,2000,0,0,0,0,0,0,0,0,0,0
200043,1,1,2000,0,0,0,0,0,0,0,0,0,0
200043,2,1,2000,0,0,0,0,0,0,0,0,0,0
200044,1,1,2000,0,0,0,0,0,0,0,0,0,0
200044,2,1,2000,0,0,0,0,0,0,0,0,0,0
200045,1,1,2000,0,0,0,0,0,0,0,0,0,0
200045,2,1,2000,0,0,0,0,0,0,0,0,0,0
200046,1,1,2000,0,0,16,0,0,0,0,0,0,0
200046,2,1,2000,0,0,0,0,0,0,0,0,0,0
200047,1,1,2000,0,0,0,0,0,0,0,0,0,0
200047,2,1,2000,0,0,0,0,0,0,0,0,0,0
200048,1,1,2000,0,0,0,0,0,0,0,0,0,0
200049,0,1,2000,0,0,0,0,0,0,0,0,0,0
200049,1,1,2000,0,0,0,0,0,0,0,0,0,0
200050,1,1,2000,0,0,0,0,0,0,0,0,0,0
200050,2,1,2000,0,0,0,0,12,0,0,13,10,0
200051,0,1,2000,0,0,0,0,0,0,0,0,0,0
200051,1,1,2000,0,0,0,0,0,0,0,0,0,0
200052,1,1,2000,0,0,0,0,0,0,0,0,0,0
200052,2,1,2000,0,0,0,0,0,0,0,0,0,0
200053,0,1,2000,0,0,0,0,0,0,0,0,0,0
200053,1,1,2000,0,0,0,0,0,0,0,0,0,0
200054,1,1,2000,29,29,29,29,29,29,29,29,29,29
200055,1,1,2000,25,25,25,25,25,25,25,25,25,25
200056,1,1,2000,20,20,20,20,20,20,20,20,20,20
200057,1,1,2000,0,4,0,0,0,0,0,0,0,0
200057,2,1,2000,0,0,0,0,0,0,0,0,0,0
200058,1,1,2000,0,0,0,0,0,0,0,0,0,0
200059,1,1,2000,0,0,0,0,0,0,22,0,0,0
200059,2,1,2000,0,0,0,0,0,0,0,0,0,0
200060,1,1,2000,0,0,0,0,0,0,0,0,0,0
200060,2,1,2000,0,0,0,0,0,0,0,0,0,0
200061,1,1,2000,0,0,0,0,0,0,0,0,0,0
200061,2,1,2000,0,0,0,0,0,0,0,0,0,0
200062,1,1,2000,0,0,0,0,0,0,0,0,0,0
200062,2,1,2000,0,0,0,0,0,0,0,0,0,0
200063,1,1,2000,0,0,0,0,0,0,0,0,0,0
200063,2,1,2000,0,0,0,0,0,0,0,0,0,0
200064,1,1,2000,0,0,0,0,0,0,0,0,0,0
200064,2,1,2000,0,0,0,0,0,0,0,0,0,0
200064,3,1,2000,0,11,0,0,0,0,0,15,0,0
200065,1,1,2000,0,0,0,0,0,0,0,0,0,0
200065,2,1,2000,0,0,0,0,0,0,0,0,0,0
200066,0,1,2000,0,0,0,0,0,0,0,0,0,0
200066,1,1,2000,0,0,0,0,0,0,0,0,0,0
200067,1,1,2000,0,0,0,0,0,0,0,0,0,0
200068,1,1,2000,0,0,0,0,0,0,0,0,0,0
200068,2,1,2000,0,0,0,0,0,0,0,0,0,0
200069,1,1,2000,0,0,0,0,0,0,0,0,0,0
200071,1,1,2000,0,0,0,0,0,0,13,0,0,0
200071,2,1,2000,0,0,0,0,0,0,0,0,0,0
200072,1,1,2000,0,0,0,0,0,0,0,0,0,0
200072,2,1,2000,0,0,0,0,0,0,0,0,0,0
200073,1,1,2000,0,0,0,0,0,0,11,0,0,0
200073,2,1,2000,0,0,0,0,0,0,0,0,0,0
200074,1,1,2000,31,19,12,20,14,23,23,27,15,15
200075,1,1,2000,13,13,13,13,13,13,13,13,13,13
200075,2,1,2000,0,0,0,0,0,0,0,0,0,0
200076,1,1,2000,0,0,0,0,0,0,0,0,0,0
200077,1,1,2000,0,0,0,0,0,0,0,0,0,0
200078,1,1,2000,26,26,26,26,26,26,26,26,26,26
200079,1,1,2000,0,9,0,0,9,20,0,0,0,0
200080,1,1,2000,0,0,0,0,0,0,0,0,0,0
200080,2,1,2000,0,0,0,0,6,0,0,0,0,0
200081,1,1,2000,24,24,24,24,24,24,24,24,24,24
200082,1,1,2000,23,23,23,23,23,23,23,23,23,23
200082,2,1,2000,5,5,5,5,5,5,5,5,5,5
200083,1,1,2000,12,12,12,12,12,12,12,12,12,12
200083,2,1,2000,9,9,9,9,9,9,9,9,9,9
200084,1,1,2000,0,0,0,0,0,0,0,0,0,0
200084,2,1,2000,0,0,0,0,0,0,16,13,0,0
200085,1,1,2000,0,0,0,0,0,0,0,0,0,0
200085,2,1,2000,0,0,0,0,0,0,0,0,0,0
200086,1,1,2000,0,0,0,0,0,0,0,0,0,0
200086,2,1,2000,0,0,0,0,0,0,0,0,0,0
200087,0,1,2000,0,0,0,0,0,0,0,0,0,0
200087,1,1,2000,0,0,0,0,0,0,0,0,0,0
200089,1,1,2000,11,11,11,11,11,11,11,11,11,11
200090,1,1,2000,14,14,14,14,14,14,14,14,14,14
200091,1,1,2000,7,7,7,7,7,7,7,7,7,7
200092,1,1,2000,0,0,0,10,0,16,19,13,0,9
200093,1,1,2000,0,0,0,0,0,0,0,0,0,0
200094,0,1,2000,22,11,19,17,3,19,15,17,27,13
200094,1,1,2000,22,18,13,26,13,31,12,9,14,23
200095,1,1,2000,0,0,0,0,0,0,0,0,0,0
200095,2,1,2000,0,0,0,0,0,0,0,0,0,0
200095,3,1,2000,0,0,0,0,9,0,0,0,0,0
200096,1,1,2000,27,27,27,27,27,27,27,27,27,27
200097,1,1,2000,0,0,0,0,0,0,0,0,0,0
200097,2,1,2000,0,0,0,0,0,0,0,0,0,0
200098,1,1,2000,0,0,0,0,0,0,0,0,0,0
200098,2,1,2000,0,0,0,0,0,0,0,0,0,0
200099,1,1,2000,0,0,0,0,0,0,0,0,0,0
200099,2,1,2000,0,0,0,0,0,0,0,0,0,0
200100,1,1,2000,0,0,2,0,0,0,0,0,0,0
200100,2,1,2000,31,0,0,0,0,0,12,0,0,0
200101,1,1,2000,8,8,8,8,8,8,8,8,8,8
200102,1,1,2000,0,0,0,0,0,0,0,0,0,0
200102,2,1,2000,0,0,0,0,0,0,0,0,0,0
200103,1,1,2000,0,0,0,0,0,0,0,0,15,0
200103,2,1,2000,0,0,0,0,0,0,0,0,0,0
200104,1,1,2000,0,0,0,0,0,0,0,0,0,0
200105,1,1,2000,20,20,20,20,20,20,20,20,20,20
200107,1,1,2000,0,0,0,0,0,0,0,0,14,11
200108,1,1,2000,25,25,25,25,25,25,25,25,25,25
200108,2,1,2000,15,24,10,13,16,9,21,10,9,20
200109,1,1,2000,0,0,0,0,0,0,0,0,0,0
200110,1,1,2000,0,0,0,0,0,0,0,0,0,0
200110,2,1,2000,0,0,0,0,0,0,0,0,0,0
200111,1,1,2000,0,0,0,0,0,0,0,0,0,0
200111,2,1,2000,7,0,0,0,0,0,0,15,15,0
200112,1,1,2000,0,13,0,0,0,0,0,0,0,0
200113,1,1,2000,10,10,10,10,10,10,10,10,10,10
200113,2,1,2000,0,0,0,0,0,0,0,0,0,0
200113,3,1,2000,0,0,0,0,0,0,0,0,0,0
200114,0,1,2000,0,0,0,0,0,0,0,0,0,0
200114,1,1,2000,0,0,0,0,0,0,0,0,0,0
200115,1,1,2000,0,0,0,0,0,0,0,0,0,0
200117,1,1,2000,0,0,0,11,0,0,0,0,0,0
200119,1,1,2000,0,0,0,0,0,0,0,0,0,0
200119,2,1,2000,0,0,0,0,0,0,0,0,0,0
200120,1,1,2000,12,20,14,3,12,21,22,7,19,18
200121,1,1,2000,0,0,0,0,0,0,0,0,0,0
200122,1,1,2000,0,0,0,0,0,0,14,0,0,0
200123,1,1,2000,0,0,0,0,0,0,0,0,0,0
200124,1,1,2000,0,0,0,0,0,0,0,0,0,0
200125,1,1,2000,0,0,0,0,0,0,0,0,0,0
200126,1,1,2000,14,14,14,14,14,14,14,14,14,14
200127,1,1,2000,0,0,22,0,0,0,7,15,0,0
200128,0,1,2000,47,17,27,27,42,30,36,12,15,28
200128,0,2,2000,15,0,0,0,0,14,0,0,0,0
200128,1,1,2000,0,0,22,0,6,0,11,13,8,9
200129,1,1,2000,0,0,0,0,0,0,0,0,3,0
200130,1,1,2000,0,0,0,0,0,0,0,0,0,0
200130,2,1,2000,0,0,0,0,0,0,0,0,0,0
200131,1,1,2000,20,20,20,20,20,20,20,20,20,20
200132,1,1,2000,21,21,21,21,21,21,21,21,21,21
200132,2,1,2000,0,0,0,0,0,0,0,0,0,0
200134,1,1,2000,0,0,0,0,0,0,0,0,0,0
200134,2,1,2000,0,0,0,0,0,0,0,0,0,0
200135,1,1,2000,0,0,0,0,0,0,0,0,0,0
200135,2,1,2000,0,0,0,0,0,0,0,0,0,0
200136,1,1,2000,2,2,2,2,2,2,2,2,2,2
200136,2,1,2000,0,0,0,0,0,0,0,0,0,0
200137,0,1,2000,0,0,0,0,0,0,0,0,0,0
200137,1,1,2000,0,0,0,0,0,0,0,0,0,0
200138,1,1,2000,0,0,0,0,0,0,0,0,0,0
200138,2,1,2000,0,0,0,0,2,0,0,10,0,0
200139,1,1,2000,0,0,0,0,0,0,0,0,0,0
200140,1,1,2000,0,0,12,0,0,0,0,0,0,0
200141,1,1,2000,0,0,0,0,0,0,0,0,0,0
200141,2,1,2000,0,0,0,0,0,8,0,0,0,0
200142,1,1,2000,0,0,0,0,0,0,0,0,11,0
200142,2,1,2000,0,0,0,0,0,0,0,0,35,0
200143,1,1,2000,0,0,0,0,0,0,26,0,0,0
200144,1,1,2000,0,0,0,0,0,0,0,0,0,0
200144,2,1,2000,0,0,0,0,0,0,0,0,0,0
200145,1,1,2000,0,0,0,0,0,0,0,0,0,0
200145,2,1,2000,0,0,0,0,7,0,0,0,0,0
200146,1,1,2000,0,0,0,0,0,0,0,0,0,0
200146,2,1,2000,0,0,0,0,0,0,0,0,0,0
200147,1,1,2000,7,7,7,7,7,7,7,7,7,7
200147,2,1,2000,0,0,0,0,0,0,0,0,0,0
200147,3,1,2000,5,5,5,5,5,5,5,5,5,5
200147,4,1,2000,11,11,11,11,11,11,11,11,11,11
200148,1,1,2000,12,0,0,0,0,0,0,0,0,0
200149,1,1,2000,0,0,0,0,0,0,0,0,0,0
200149,2,1,2000,0,0,0,0,0,0,0,0,0,0
200150,1,1,2000,0,0,0,0,0,0,0,0,0,22
200150,2,1,2000,0,0,0,0,0,0,0,0,0,0
200150,3,1,2000,0,0,0,0,0,0,0,0,0,0
200151,1,1,2000,31,31,31,31,31,31,31,31,31,31
200151,2,1,2000,31,31,31,31,31,31,31,31,31,31
200152,1,1,2000,17,17,17,17,17,17,17,17,17,17
200153,1,1,2000,0,0,0,0,0,0,0,0,0,0
200154,1,1,2000,11,11,11,11,11,11,11,11,11,11
200155,1,1,2000,0,0,0,0,0,0,0,0,0,0
200155,2,1,2000,0,0,0,0,0,0,0,0,0,0
200156,1,1,2000,29,29,29,29,29,29,29,29,29,29
200156,2,1,2000,0,17,0,0,0,8,0,18,0,0
200157,1,1,2000,13,13,13,13,13,13,13,13,13,13
200157,2,1,2000,0,0,0,0,0,0,0,0,0,0
200158,1,1,2000,0,0,0,0,0,0,0,0,0,0
200158,2,1,2000,0,0,0,0,0,0,0,0,0,0
200159,1,1,2000,0,0,0,0,0,0,0,0,0,0
200160,1,1,2000,0,0,21,0,0,0,0,0,0,0
200160,2,1,2000,0,0,0,0,0,0,0,0,0,0
200161,1,1,2000,0,0,0,0,0,0,0,0,0,0
200161,2,1,2000,0,6,10,0,0,0,0,14,0,0
200162,1,1,2000,0,0,0,0,0,0,0,0,0,0
200163,1,1,2000,0,0,0,0,0,0,0,0,0,0
200163,2,1,2000,0,0,0,0,0,0,0,0,0,0
200164,1,1,2000,0,0,0,0,0,0,0,0,0,0
200164,2,1,2000,0,0,0,0,0,0,0,0,0,0
200164,3,1,2000,0,0,0,0,0,0,0,0,0,0
200165,1,1,2000,23,23,23,23,23,23,23,23,23,23
200166,0,1,2000,25,8,9,8,0,21,0,22,24,13
200166,1,1,2000,0,0,0,0,0,0,0,0,0,0
200167,1,1,2000,0,0,0,0,0,0,0,0,0,0
200167,2,1,2000,0,0,0,0,0,0,0,0,0,0
200168,1,1,2000,0,0,0,0,0,0,0,0,0,0
200169,1,1,2000,0,0,0,0,0,0,0,0,0,0
200169,2,1,2000,0,0,0,0,0,0,0,0,0,0
200170,1,1,2000,0,0,0,0,0,0,0,0,0,0
200170,2,1,2000,0,0,0,0,0,0,0,0,0,0
200171,1,1,2000,0,0,0,0,0,0,0,0,0,0
200171,2,1,2000,0,0,0,0,0,0,0,0,0,0
200172,1,1,2000,25,25,25,25,25,25,25,25,25,25
200173,1,1,2000,32,11,16,14,14,12,2,22,6,12
200174,1,1,2000,0,0,0,0,0,0,0,0,0,0
200175,1,1,2000,0,0,0,0,0,0,0,0,0,0
200175,2,1,2000,0,0,0,0,0,0,0,0,0,0
200176,1,1,2000,0,0,0,0,0,0,0,0,0,0
200177,1,1,2000,0,0,0,0,0,0,0,0,0,0
200177,2,1,2000,0,0,0,0,0,0,0,0,0,0
200178,1,1,2000,0,0,0,0,0,0,0,0,0,0
200178,2,1,2000,0,0,0,0,0,0,0,0,0,0
200179,1,1,2000,0,0,13,0,0,0,9,19,0,0
200179,2,1,2000,0,0,0,0,0,0,0,0,0,0
200180,1,1,2000,0,0,0,0,0,0,0,0,0,0
200181,1,1,2000,0,0,0,0,0,0,15,0,0,18
200182,1,1,2000,0,0,0,0,0,0,0,0,0,0
200182,2,1,2000,0,0,0,0,0,0,0,0,0,0
200183,1,1,2000,2,2,2,2,2,2,2,2,2,2
200184,1,1,2000,0,0,0,0,0,0,0,0,0,0
200184,2,1,2000,0,0,0,0,0,0,0,0,0,0
200185,1,1,2000,0,0,0,0,0,0,0,0,0,0
200185,2,1,2000,0,0,0,0,0,0,0,0,0,0
200186,1,1,2000,0,0,0,0,0,0,0,0,0,0
200186,2,1,2000,0,0,0,0,0,0,7,0,0,0
200187,1,1,2000,0,0,0,0,0,0,0,0,0,0
200187,2,1,2000,3,3,3,3,3,3,3,3,3,3
200188,1,1,2000,18,18,18,18,18,18,18,18,18,18
200189,1,1,2000,0,0,0,0,0,0,0,0,0,0
200189,2,1,2000,0,0,0,0,0,0,0,0,0,0
200190,1,1,2000,0,0,0,0,0,0,0,0,0,0
200191,1,1,2000,0,0,0,0,0,0,0,0,0,0
200192,1,1,2000,6,6,6,6,6,6,6,6,6,6
200193,1,1,2000,0,0,0,0,0,0,0,0,0,0
200193,2,1,2000,0,0,0,0,0,0,0,0,0,0
200194,1,1,2000,0,0,0,0,0,0,0,0,0,0
200194,2,1,2000,0,0,0,0,0,0,0,0,0,0
200195,1,1,2000,1,1,1,1,1,1,1,1,1,1
200196,1,1,2000,0,0,0,0,0,0,0,0,0,0
200196,2,1,2000,0,0,0,0,0,0,0,0,0,0
200196,3,1,2000,0,0,0,0,0,0,0,0,0,0
200197,1,1,2000,0,0,0,0,0,0,0,0,0,0
200197,2,1,2000,0,0,0,0,0,0,0,0,0,0
200198,1,1,2000,0,0,0,0,0,0,0,0,0,0
200198,2,1,2000,0,0,0,0,0,0,0,0,0,0
200199,1,1,2000,0,0,0,0,0,0,0,0,0,0
200200,1,1,2000,0,0,0,0,0,0,0,0,0,0
200200,2,1,2000,7,7,7,7,7,7,7,7,7,7
200201,1,1,2000,32,24,13,8,14,34,17,21,23,5
200202,1,1,2000,15,15,15,15,15,15,15,15,15,15
200203,1,1,2000,0,0,0,0,0,0,0,0,0,0
200204,1,1,2000,0,0,0,0,0,0,0,0,0,0
200205,1,1,2000,0,0,3,0,0,0,0,9,0,0
200205,2,1,2000,0,0,0,0,0,0,0,0,0,0
200206,0,1,2000,0,0,0,0,0,0,0,0,0,0
200206,1,1,2000,0,0,0,0,0,0,0,0,0,0
200208,1,1,2000,0,0,0,0,0,0,0,0,0,0
200208,2,1,2000,0,0,0,0,0,0,0,0,0,0
200209,1,1,2000,0,12,17,0,0,17,10,0,0,0
200210,1,1,2000,23,23,23,23,23,23,23,23,23,23
200211,1,1,2000,0,0,0,0,0,0,0,0,0,0
200212,1,1,2000,0,0,0,0,0,0,0,0,0,0
200213,1,1,2000,0,0,0,0,0,0,0,0,0,0
200214,1,1,2000,8,8,8,8,8,8,8,8,8,8
200214,2,1,2000,0,0,0,0,0,0,0,0,0,0
200215,1,1,2000,0,0,0,0,0,0,0,0,0,0
200215,2,1,2000,0,0,0,0,0,0,0,0,0,0
200216,1,1,2000,0,0,0,0,0,0,0,0,27,0
200217,1,1,2000,0,0,0,0,0,0,0,0,0,0
200218,1,5,2000,0,0,0,0,0,0,0,0,0,0
200218,2,1,2000,0,0,0,0,0,0,0,0,0,0
200219,1,1,2000,3,3,3,3,3,3,3,3,3,3
200220,1,1,2000,0,0,0,0,0,0,0,0,0,0
200220,2,1,2000,0,0,0,0,0,0,0,0,8,0
200221,1,1,2000,18,18,18,18,18,18,18,18,18,18
200222,1,1,2000,11,11,11,11,11,11,11,11,11,11
200223,1,1,2000,36,36,36,36,36,36,36,36,36,36
200224,1,1,2000,0,0,0,0,0,0,0,0,0,0
200225,1,1,2000,0,0,0,0,0,0,0,0,0,0
200226,1,1,2000,16,16,16,16,16,16,16,16,16,16
200227,1,1,2000,0,0,0,0,0,0,0,0,0,0
200228,1,1,2000,21,21,21,21,21,21,21,21,21,21
200229,1,1,2000,0,0,0,0,0,0,0,0,0,0
200229,2,1,2000,0,0,0,0,0,0,0,0,0,0
200230,1,1,2000,0,0,0,0,0,0,0,0,0,0
200230,2,1,2000,0,0,0,0,0,0,0,0,0,0
200231,1,1,2000,6,6,6,6,6,6,6,6,6,6