ST_CASE,VEH_NO,PER_NO,YEAR,P1,P2,P3,P4,P5,P6,P7,P8,P9,P10
210397,1,1,2000,0,0,0,0,0,0,0,0,0,0
210397,2,1,2000,0,0,0,0,0,0,0,0,0,0
210398,1,1,2000,0,0,0,0,0,0,0,0,0,0
210399,0,1,2000,17,17,17,17,17,17,17,17,17,17
210399,1,1,2000,0,0,0,0,0,0,0,0,0,0
210400,1,1,2000,0,0,0,0,0,0,0,0,0,0
210400,2,1,2000,0,0,0,0,0,0,0,0,0,0
210401,1,1,2000,0,0,0,0,0,0,0,0,0,0
210401,2,1,2000,0,0,0,0,0,0,0,0,0,0
210402,1,1,2000,0,0,0,0,0,0,0,0,0,0
210403,1,1,2000,0,0,0,0,0,0,0,0,0,0
210403,2,1,2000,0,0,0,0,0,0,6,0,0,4
210404,1,1,2000,0,0,0,0,0,0,0,0,0,0
210405,1,1,2000,18,18,18,18,18,18,18,18,18,18
210405,2,1,2000,0,0,0,0,0,0,0,0,0,0
210406,1,1,2000,0,0,0,0,0,0,0,0,0,0
210406,2,1,2000,0,0,0,0,0,0,0,0,0,0
210407,1,1,2000,24,24,24,24,24,24,24,24,24,24
210408,1,1,2000,0,0,0,0,0,0,0,0,0,0
210409,1,1,2000,0,0,0,0,0,0,0,0,0,0
210410,1,1,2000,0,0,0,0,0,0,0,0,0,0
210410,2,1,2000,0,0,0,0,0,0,0,0,0,0
210411,1,1,2000,19,19,19,19,19,19,19,19,19,19
210412,1,1,2000,0,0,0,0,0,0,0,0,0,0
210412,2,1,2000,0,0,0,0,0,0,0,0,0,0
210412,3,1,2000,0,0,0,0,0,0,0,0,0,0
210412,4,1,2000,0,9,0,0,0,0,0,0,0,0
210413,1,1,2000,0,0,0,6,0,0,0,0,0,0
210413,2,1,2000,0,0,0,0,0,0,0,0,0,0
210414,1,1,2000,0,0,0,0,0,0,0,0,0,0
210414,2,1,2000,0,0,0,0,0,0,0,0,0,0
210415,1,1,2000,18,18,18,18,18,18,18,18,18,18
210416,1,1,2000,6,6,6,6,6,6,6,6,6,6
210417,1,1,2000,0,0,0,0,0,0,0,0,0,0
210418,1,1,2000,0,0,0,0,0,0,0,0,0,0
210418,2,1,2000,0,0,0,0,0,0,19,0,0,4
210419,1,1,2000,0,0,0,0,0,20,7,0,0,28
210420,1,1,2000,0,10,19,0,8,24,10,9,0,0
210421,1,1,2000,15,15,15,15,15,15,15,15,15,15
210422,1,1,2000,0,0,0,0,0,0,0,0,0,0
210423,1,1,2000,11,11,11,11,11,11,11,11,11,11
210423,2,1,2000,0,0,0,0,0,0,0,0,0,0
210424,1,1,2000,17,17,17,17,17,17,17,17,17,17
210425,1,1,2000,14,21,18,0,21,9,22,25,13,13
210426,1,1,2000,0,0,0,0,0,0,0,0,0,0
210427,1,1,2000,3,3,3,3,3,3,3,3,3,3
210428,1,1,2000,0,0,0,0,0,0,0,0,0,0
210428,2,1,2000,0,0,0,0,0,0,0,0,0,0
210429,1,1,2000,25,0,0,34,9,0,0,0,26,0
210429,2,1,2000,0,0,0,0,0,0,17,0,0,0
210431,1,1,2000,0,0,0,0,0,0,0,0,0,0
210431,2,1,2000,0,0,0,0,0,0,0,0,0,0
210432,1,1,2000,0,0,0,0,0,0,0,0,0,22
210432,2,1,2000,0,0,0,0,21,0,0,0,0,0
210433,1,1,2000,0,0,0,0,0,0,0,0,0,0
210433,2,1,2000,0,0,0,0,0,0,0,0,0,0
210434,1,1,2000,17,17,17,17,17,17,17,17,17,17
210435,1,1,2000,0,0,0,0,0,0,0,0,0,0
210435,2,1,2000,0,0,0,0,0,0,0,0,0,0
210436,1,1,2000,0,0,0,0,0,0,0,0,0,0
210436,2,1,2000,0,0,0,0,0,0,0,0,0,0
210437,1,1,2000,0,0,0,0,0,0,0,0,0,0
210437,2,1,2000,0,0,0,0,0,0,0,0,0,0
210438,0,1,2000,0,0,0,0,0,0,0,0,0,0
210438,1,1,2000,0,0,0,0,0,0,0,0,0,14
210439,1,1,2000,0,0,0,0,0,0,0,0,0,0
210439,2,1,2000,0,0,0,0,0,0,0,0,0,0
210439,3,1,2000,0,0,0,0,0,0,0,0,0,0
210439,4,1,2000,0,0,0,0,0,0,0,0,0,0
210439,5,1,2000,0,0,0,0,0,0,0,0,0,0
210439,6,1,2000,0,0,0,0,0,0,0,0,0,0
210440,1,1,2000,0,0,0,0,0,0,0,0,0,0
210440,2,1,2000,0,0,0,0,0,0,0,0,0,0
210441,1,1,2000,0,0,0,0,0,0,11,8,0,0
210442,1,1,2000,24,24,24,24,24,24,24,24,24,24
210442,2,1,2000,0,0,0,0,0,0,0,0,0,0
210442,3,1,2000,0,0,0,0,0,0,0,0,0,0
210443,1,1,2000,0,0,0,0,0,0,0,0,0,0
210444,0,1,2000,0,0,0,0,0,0,0,0,0,0
210444,1,1,2000,0,0,0,0,0,0,0,0,0,0
210445,1,1,2000,11,11,11,11,11,11,11,11,11,11
210446,1,1,2000,0,0,0,0,0,0,0,0,0,0
210446,2,1,2000,0,0,12,0,12,9,0,0,0,27
210446,3,1,2000,0,0,0,0,0,0,0,0,0,0
210447,1,1,2000,0,0,0,0,0,0,0,0,0,0
210447,2,1,2000,0,0,0,0,0,0,0,0,0,0
210448,1,1,2000,0,19,12,18,5,0,11,0,0,18
210449,1,1,2000,0,0,0,0,0,0,0,0,15,9
210450,1,1,2000,32,19,24,28,17,20,33,9,8,27
210451,1,1,2000,26,26,26,26,26,26,26,26,26,26
210451,2,1,2000,0,3,0,0,0,0,0,0,0,0
210452,0,1,2000,15,0,40,16,41,10,0,35,26,40
210452,1,1,2000,0,0,0,9,4,0,0,0,14,0
210453,1,1,2000,0,0,0,0,0,0,0,12,0,0
210454,1,1,2000,5,5,5,5,5,5,5,5,5,5
210455,1,1,2000,13,13,13,13,13,13,13,13,13,13
210456,1,1,2000,0,0,0,0,0,0,0,0,0,0
210456,2,1,2000,0,0,0,0,0,0,0,0,0,0
210457,1,1,2000,0,0,0,0,0,0,0,0,0,0
210458,1,1,2000,0,0,0,0,0,0,0,0,0,0
210458,2,1,2000,0,0,0,0,0,0,0,0,0,0
210459,1,1,2000,12,12,12,12,12,12,12,12,12,12
210460,1,1,2000,0,0,0,0,0,0,0,0,0,0
210460,2,1,2000,0,0,0,0,0,0,0,0,0,0
210461,1,1,2000,0,0,0,0,0,0,0,0,0,0
210461,2,1,2000,0,0,0,0,0,0,0,0,0,0
210462,1,1,2000,0,0,0,0,0,0,0,0,0,11
210463,1,1,2000,20,20,20,20,20,20,20,20,20,20
210464,1,1,2000,0,0,18,0,0,0,0,0,0,0
210464,2,1,2000,0,0,0,0,0,0,0,0,0,0
210465,1,1,2000,0,0,0,0,0,0,0,0,0,0
210466,1,1,2000,0,0,0,0,3,0,0,0,0,0
210466,2,1,2000,6,6,6,6,6,6,6,6,6,6
210467,1,1,2000,0,0,0,0,0,0,0,0,0,0
210468,1,1,2000,0,0,0,0,0,0,0,0,0,0
210468,2,1,2000,0,0,0,0,0,0,0,0,0,0
210469,1,1,2000,0,0,0,0,0,0,20,0,0,0
210470,1,1,2000,18,18,18,18,18,18,18,18,18,18
210470,2,1,2000,0,0,0,0,0,0,0,0,0,0
210471,1,1,2000,0,0,0,0,0,0,0,0,0,0
210471,2,1,2000,0,0,0,0,0,0,0,0,0,0
210472,0,1,2000,22,0,19,16,19,15,0,26,46,15
210472,1,1,2000,0,0,0,0,0,0,0,0,0,0
210473,0,1,2000,0,0,0,0,0,0,0,0,0,0
210473,1,1,2000,6,0,0,0,13,0,0,0,0,0
210474,1,1,2000,0,0,0,0,0,0,0,0,0,0
210474,2,1,2000,0,0,0,0,0,0,0,0,0,0
210475,1,1,2000,0,0,0,0,0,0,0,0,0,0
210475,2,1,2000,0,0,0,0,0,0,0,0,0,0
210476,1,1,2000,0,0,0,0,0,0,0,0,0,0
210476,2,1,2000,0,0,0,0,0,0,0,0,0,0
210477,1,1,2000,0,0,0,0,0,0,0,0,0,0
210477,2,1,2000,0,0,0,0,0,0,0,0,0,0
210478,1,1,2000,0,0,0,0,0,0,0,0,0,0
210478,2,1,2000,0,0,0,0,0,0,0,0,0,0
210479,1,1,2000,0,0,0,8,0,0,0,0,0,0
210480,1,1,2000,26,13,14,25,24,7,15,7,11,18
210481,1,1,2000,0,0,0,0,0,0,0,0,0,0
210481,2,1,2000,0,0,0,0,0,0,0,0,0,0
210481,3,1,2000,0,0,0,0,0,0,0,0,0,0
210482,1,1,2000,0,0,11,0,11,0,0,0,0,0
210482,2,1,2000,0,0,0,0,0,0,0,0,0,0
210483,1,1,2000,0,0,0,0,0,0,9,11,0,0
210484,1,1,2000,0,0,0,0,0,0,0,0,0,0
210485,1,1,2000,0,0,0,0,0,10,0,14,0,0
210485,2,1,2000,0,0,0,0,0,0,0,0,0,0
210485,3,1,2000,0,0,0,3,0,0,0,0,0,0
210485,4,1,2000,0,0,0,0,0,0,0,0,0,0
210486,1,1,2000,1,1,1,1,1,1,1,1,1,1
210486,2,1,2000,0,0,0,0,0,0,0,0,0,0
210487,1,1,2000,0,0,0,0,0,0,0,0,0,0
210487,2,1,2000,0,7,0,0,0,0,0,0,0,0
210488,0,1,2000,27,27,27,27,27,27,27,27,27,27
210488,1,1,2000,0,0,12,0,0,0,0,0,0,0
210488,2,1,2000,0,0,0,0,0,0,0,0,0,0
210489,1,1,2000,3,3,3,3,3,3,3,3,3,3
210489,2,1,2000,0,0,0,0,8,0,0,0,0,0
210490,1,1,2000,0,0,0,0,0,0,0,0,0,0
210491,1,1,2000,0,0,0,0,0,0,0,0,0,0
210492,1,1,2000,17,0,0,0,0,0,13,0,0,0
210493,1,1,2000,0,0,0,0,0,0,0,0,0,0
210493,2,1,2000,0,0,0,0,0,0,0,0,0,0
210494,1,1,2000,0,0,0,0,0,0,0,0,0,5
210494,2,1,2000,0,0,0,0,0,0,0,0,0,0
210495,1,1,2000,0,0,0,0,0,0,0,0,0,0
210495,2,1,2000,0,0,0,0,0,0,0,0,0,0
210496,1,1,2000,0,0,0,0,0,0,0,0,0,0
210496,2,1,2000,0,0,0,0,0,0,0,0,0,0
210497,1,1,2000,29,29,29,29,29,29,29,29,29,29
210498,1,1,2000,0,0,0,0,0,0,0,0,0,0
210498,2,1,2000,0,0,0,0,0,0,0,0,0,0
210499,1,1,2000,0,0,0,0,0,0,0,0,0,0
210499,2,1,2000,0,0,0,0,0,0,0,0,0,0
210500,1,1,2000,22,22,22,22,22,22,22,22,22,22
210501,0,1,2000,0,0,0,0,0,0,0,0,0,0
210501,1,1,2000,0,0,9,0,0,0,0,0,0,0
210502,1,1,2000,0,0,0,0,0,0,0,0,0,0
210502,2,1,2000,0,0,0,0,0,0,0,0,0,0
210503,1,1,2000,0,0,0,0,0,32,0,15,0,0
210504,1,1,2000,23,23,23,23,23,23,23,23,23,23
210505,1,1,2000,0,0,27,0,0,0,0,0,0,0
210506,1,1,2000,0,0,0,0,0,0,0,0,0,0
210506,2,1,2000,0,0,0,0,0,0,0,0,0,0
210507,1,1,2000,0,0,0,0,0,0,0,0,0,0
210507,2,1,2000,0,0,0,0,0,0,0,0,0,0
210508,1,1,2000,0,0,15,0,0,0,0,0,0,0
210508,2,1,2000,0,0,0,0,0,0,0,8,0,0
210509,1,1,2000,0,0,0,0,0,0,0,0,0,0
210509,2,1,2000,0,0,0,0,0,0,0,0,0,0
210510,1,1,2000,0,0,0,0,0,0,0,0,0,0
210510,2,1,2000,0,0,0,0,0,0,0,0,0,0
210511,1,1,2000,0,0,0,0,0,0,0,0,0,0
210511,2,1,2000,0,0,0,0,0,0,0,0,0,0
210512,1,1,2000,15,15,15,15,15,15,15,15,15,15
210513,1,1,2000,0,0,0,0,0,0,0,0,0,0
210513,2,1,2000,0,0,0,0,0,0,0,0,0,0
210514,1,1,2000,0,0,0,0,0,0,0,0,0,0
210514,2,1,2000,0,0,0,0,0,0,0,0,0,0
210515,1,1,2000,0,0,0,0,0,0,0,0,0,0
210515,2,1,2000,0,0,0,0,0,0,0,0,0,0
210516,1,1,2000,0,0,0,0,0,0,0,0,0,0
210516,2,1,2000,0,0,0,0,0,0,0,0,0,0
210517,1,2,2000,0,16,32,13,0,13,31,0,18,0
210518,1,1,2000,8,8,8,8,8,8,8,8,8,8
210519,1,1,2000,0,0,0,0,0,0,0,0,12,0
210520,1,1,2000,0,0,0,0,0,7,0,0,0,0
210521,1,1,2000,0,0,0,16,0,0,0,0,0,0
210521,2,1,2000,0,0,0,0,0,0,0,10,0,0
210521,3,1,2000,0,0,0,0,0,0,5,0,0,0
210522,1,1,2000,0,0,0,0,0,0,0,0,0,0
210522,2,1,2000,0,0,0,0,0,0,0,0,0,0
210522,3,1,2000,0,0,0,0,0,0,0,0,0,0
210523,1,1,2000,0,0,0,0,0,0,0,0,0,0
210523,2,1,2000,0,0,0,0,0,0,0,0,0,0
210523,3,1,2000,1,1,1,1,1,1,1,1,1,1
210524,1,1,2000,0,0,0,0,0,25,0,0,0,0
210525,1,1,2000,0,0,0,0,15,0,0,0,0,0
210526,1,1,2000,20,0,9,0,21,0,0,0,0,0
210527,1,1,2000,11,11,11,11,11,11,11,11,11,11
210528,1,1,2000,19,19,19,19,19,19,19,19,19,19
210528,2,1,2000,0,0,0,0,0,0,0,0,0,0
210529,1,1,2000,16,16,16,16,16,16,16,16,16,16
210529,2,1,2000,0,0,0,0,0,0,0,0,0,0
210529,3,1,2000,15,11,0,12,14,19,10,0,22,17
210530,1,1,2000,0,0,0,0,0,0,0,0,0,0
210531,1,1,2000,0,12,0,11,14,8,0,0,0,0
210531,2,1,2000,0,0,0,0,0,0,0,0,0,0
210532,1,1,2000,0,0,0,0,0,0,0,0,0,10
210532,2,1,2000,0,0,0,0,0,0,0,0,0,0
210533,1,1,2000,10,10,10,10,10,10,10,10,10,10
210534,0,1,2000,0,0,0,0,0,0,0,0,0,0
210534,1,1,2000,0,0,0,0,0,0,0,0,0,0
210535,1,1,2000,0,0,11,27,0,20,0,0,16,0
210536,1,1,2000,0,0,0,0,0,0,0,0,0,0
210536,2,1,2000,0,0,0,0,0,0,0,0,0,0
210537,1,1,2000,0,0,0,0,0,0,0,0,0,0
210538,1,1,2000,18,18,18,18,18,18,18,18,18,18
210539,1,1,2000,5,5,5,5,5,5,5,5,5,5
210540,1,1,2000,0,0,0,0,0,0,0,0,0,0
210541,1,1,2000,0,0,0,0,0,0,0,0,0,0
210541,2,1,2000,0,0,0,0,0,6,0,0,0,0
210541,3,1,2000,0,0,0,0,0,0,0,0,0,0
210541,4,1,2000,0,0,0,0,0,0,0,0,0,0
210541,5,1,2000,0,0,0,0,0,0,0,0,0,0
210541,6,1,2000,0,0,0,0,0,0,0,0,0,0
210542,1,1,2000,0,0,0,0,0,0,0,0,0,0
210543,1,1,2000,0,0,0,0,0,0,0,0,0,0
210544,1,1,2000,23,23,23,23,23,23,23,23,23,23
210545,1,1,2000,0,0,0,0,0,0,0,0,0,0
210545,2,1,2000,0,0,0,0,0,0,0,0,0,0
210546,1,1,2000,0,0,0,0,0,0,0,0,0,0
210547,0,1,2000,0,23,0,0,0,0,0,48,0,0
210547,1,1,2000,0,0,0,0,0,0,0,0,0,0
210548,1,1,2000,0,0,0,0,0,0,0,0,0,0
210548,2,1,2000,0,0,0,0,0,0,0,0,0,0
210548,3,1,2000,0,0,0,0,0,0,0,0,0,0
210549,1,1,2000,11,11,11,11,11,11,11,11,11,11
210549,2,1,2000,0,0,0,0,0,0,0,0,0,0
210550,1,1,2000,0,0,0,0,0,0,0,0,0,0
210550,2,1,2000,0,0,0,0,0,0,0,0,0,0
210551,1,1,2000,18,18,18,18,18,18,18,18,18,18
210552,1,1,2000,16,16,16,16,16,16,16,16,16,16
210553,1,1,2000,17,17,17,17,17,17,17,17,17,17
210553,2,1,2000,18,0,0,0,0,0,0,0,0,0
210553,3,1,2000,0,0,0,0,0,0,0,0,0,19
210554,1,1,2000,5,5,5,5,5,5,5,5,5,5
210555,0,1,2000,0,0,0,0,18,0,0,0,0,0
210555,0,2,2000,25,25,25,25,25,25,25,25,25,25
210555,1,1,2000,0,0,0,0,0,0,0,0,0,0
210556,1,1,2000,0,0,0,0,0,0,0,0,0,0
210557,1,1,2000,2,2,2,2,2,2,2,2,2,2
210558,0,1,2000,0,0,0,0,0,0,0,0,0,0
210558,1,1,2000,0,0,0,0,0,0,0,0,0,0
210559,0,1,2000,32,0,36,14,0,18,31,0,29,0
210559,0,2,2000,4,0,0,0,13,7,5,0,12,12
210559,1,1,2000,17,17,17,17,17,17,17,17,17,17
210560,1,1,2000,0,0,9,0,14,0,0,18,0,0
210561,1,1,2000,60,60,60,60,60,60,60,60,60,60
210562,1,1,2000,0,0,0,0,0,0,0,0,0,0
210563,1,1,2000,0,16,0,0,0,0,18,0,0,0
210563,2,1,2000,0,0,0,0,0,0,0,0,0,0
210564,0,1,2000,15,15,15,15,15,15,15,15,15,15
210564,1,1,2000,0,0,0,0,0,0,0,0,0,0
210565,1,1,2000,17,17,17,17,17,17,17,17,17,17
210566,1,1,2000,0,0,0,0,0,0,0,0,0,0
210567,1,1,2000,32,9,17,4,9,12,0,18,11,12
210568,1,1,2000,18,18,18,18,18,18,18,18,18,18
210568,2,1,2000,0,0,0,0,0,0,0,0,0,0
210568,3,1,2000,0,0,0,0,0,0,0,0,0,0
210569,1,1,2000,0,0,0,0,0,0,0,0,0,0
210570,1,1,2000,0,0,0,0,0,0,0,0,0,0
210570,2,1,2000,0,0,0,0,0,0,0,0,0,0
210571,1,1,2000,0,0,0,0,0,0,0,0,0,0
210571,2,1,2000,0,0,0,0,0,0,0,0,0,0
210571,3,1,2000,0,0,0,0,0,0,0,0,0,0
210572,0,1,2000,0,0,0,0,0,0,0,0,0,0
210572,1,1,2000,0,0,0,0,0,0,0,0,0,0
210573,1,1,2000,15,5,11,9,23,0,11,20,0,5
210573,2,1,2000,0,0,0,0,0,0,0,27,0,0
210574,1,1,2000,0,0,0,2,0,0,0,0,0,0
210575,1,1,2000,22,31,45,16,15,53,41,22,29,0
210576,1,1,2000,0,0,0,0,0,0,0,0,0,0
210576,2,1,2000,0,0,0,0,0,0,0,0,0,0
210577,1,1,2000,23,23,23,23,23,23,23,23,23,23
210577,2,1,2000,0,0,0,0,0,0,0,0,0,0
210578,1,1,2000,0,0,0,0,0,0,0,0,0,0
210579,1,1,2000,0,0,0,0,0,0,0,0,0,0
210579,2,1,2000,0,0,0,0,0,0,0,0,0,0
210580,1,1,2000,0,0,0,0,0,0,0,0,0,0
210581,1,1,2000,0,0,0,0,0,0,0,0,0,0
210581,2,1,2000,0,0,0,0,0,0,0,0,0,0
210582,1,1,2000,0,0,0,0,0,0,0,0,0,0
210583,1,1,2000,15,0,0,0,0,0,0,0,0,0
210583,2,1,2000,0,0,0,0,0,0,0,0,0,0
210583,3,1,2000,0,0,0,0,0,0,0,0,0,0
210584,1,1,2000,0,0,0,0,0,0,0,0,0,0
210585,1,1,2000,2,2,2,2,2,2,2,2,2,2
210586,1,1,2000,0,0,0,0,0,0,0,0,0,0
210587,1,1,2000,0,0,0,0,0,0,0,0,0,0
210588,1,1,2000,14,14,14,14,14,14,14,14,14,14
210589,1,1,2000,0,0,0,0,0,0,0,0,0,0
210589,2,1,2000,0,0,0,0,0,0,0,0,0,0
210589,3,1,2000,0,0,0,0,0,0,0,0,0,0
210590,0,1,2000,0,29,0,27,0,0,0,1,0,0
210590,1,1,2000,0,0,0,0,0,0,0,0,0,0
210591,1,1,2000,0,0,0,0,0,0,0,0,0,0
210591,2,1,2000,0,0,0,0,0,0,0,0,0,0
210592,1,1,2000,0,0,0,0,0,0,0,0,0,0
210592,2,1,2000,0,0,0,0,0,0,0,0,0,0
210593,1,1,2000,0,0,0,0,0,0,0,0,0,0
210593,2,1,2000,0,0,0,0,0,0,0,0,0,0
210593,3,1,2000,0,0,0,0,0,0,0,0,0,0
210594,1,1,2000,6,6,6,6,6,6,6,6,6,6
210595,1,1,2000,28,28,28,28,28,28,28,28,28,28
210595,2,1,2000,0,0,0,0,0,0,0,0,0,0
210596,1,1,2000,0,0,0,0,0,0,0,0,0,0
210596,2,1,2000,0,0,0,0,0,0,0,0,0,0
210596,3,1,2000,0,0,0,0,0,0,0,0,0,0
210597,1,1,2000,0,0,0,0,0,0,0,0,0,0
210597,2,1,2000,0,0,0,0,0,0,0,0,0,0
210598,1,1,2000,0,0,0,0,0,0,0,0,0,0
210598,2,1,2000,0,0,0,0,0,0,0,0,0,0
210599,1,1,2000,13,13,13,13,13,13,13,13,13,13
210600,1,1,2000,0,0,0,0,0,0,0,0,0,0
210601,0,1,2000,47,47,47,47,47,47,47,47,47,47
210601,1,1,2000,0,0,18,0,0,0,0,0,0,0
210602,0,1,2000,32,32,32,32,32,32,32,32,32,32
210602,1,1,2000,0,0,0,0,0,0,0,0,0,0
210603,1,1,2000,0,0,0,0,20,0,0,0,0,0
210604,1,1,2000,0,0,0,0,0,0,0,0,0,0
210604,2,1,2000,0,0,0,0,0,0,0,0,0,0
210605,1,1,2000,0,0,0,0,0,0,0,0,0,0
210605,2,1,2000,0,0,0,0,0,0,0,0,0,0
210606,1,1,2000,0,0,0,0,0,0,0,0,0,0
210607,1,1,2000,0,0,0,0,0,0,0,0,0,0
210607,2,1,2000,0,0,0,0,0,0,0,0,0,0
210608,1,1,2000,0,0,0,0,0,0,0,0,0,0
210608,2,1,2000,0,0,0,0,0,0,0,0,0,0
210608,3,1,2000,0,0,0,0,0,0,0,0,0,0
210609,1,1,2000,0,0,0,0,0,0,0,0,0,0
210610,1,1,2000,0,0,6,0,0,0,0,0,0,0
210611,1,1,2000,0,0,0,0,0,0,0,0,0,0
210611,2,1,2000,0,0,0,0,0,0,0,0,0,0
210611,3,1,2000,0,0,0,0,0,0,0,0,0,0
210611,4,1,2000,0,0,0,0,0,0,16,0,0,0
210612,1,1,2000,0,0,0,0,0,0,0,0,0,0
210612,2,1,2000,0,0,0,0,0,0,0,0,0,0
210613,0,1,2000,0,0,0,0,0,0,0,0,0,0
210613,1,1,2000,0,0,0,0,0,0,0,0,0,0
210614,1,1,2000,35,35,35,35,35,35,35,35,35,35
210615,1,1,2000,0,0,0,0,0,0,0,0,0,0
210616,1,1,2000,0,0,0,0,0,0,0,0,0,0
210617,1,1,2000,0,0,0,0,0,0,0,17,0,0
210618,1,1,2000,0,0,0,0,0,0,0,0,0,0
210619,1,1,2000,0,0,0,0,0,0,0,0,0,0
210620,1,1,2000,0,0,0,0,0,0,0,0,0,0
210621,1,1,2000,0,0,0,0,0,0,0,0,0,0
210621,2,1,2000,0,0,0,0,0,0,0,0,0,0
210622,1,1,2000,0,0,0,0,0,0,0,0,0,0
210622,2,1,2000,0,0,0,0,0,0,0,0,0,0
210623,1,1,2000,0,0,0,0,0,0,0,0,0,0
210624,1,1,2000,0,0,0,11,0,0,0,0,0,0
210624,2,1,2000,0,0,0,0,0,0,0,0,0,0
210625,1,1,2000,0,0,0,0,0,0,0,0,0,0
210625,2,1,2000,0,0,0,0,0,0,0,0,0,0
210625,3,1,2000,0,0,0,0,0,0,0,0,0,0
210626,1,1,2000,0,0,0,0,0,0,0,0,0,0
210627,1,1,2000,0,0,0,0,0,0,0,0,0,0
210628,1,1,2000,16,16,16,16,16,16,16,16,16,16
210629,1,1,2000,0,0,0,0,0,0,0,0,0,0
210629,2,1,2000,0,0,0,0,0,0,0,0,0,0
210630,1,1,2000,22,0,0,20,16,0,15,12,15,0
210631,1,1,2000,23,23,23,23,23,23,23,23,23,23
210632,1,1,2000,0,0,0,0,0,0,0,0,0,0
210632,2,1,2000,0,0,0,0,0,0,0,0,0,0
210633,1,1,2000,14,26,29,16,17,20,24,20,24,16
210634,1,1,2000,0,0,0,0,0,0,0,0,0,0
210634,2,1,2000,0,0,0,0,0,0,0,0,0,0
210635,1,1,2000,0,0,0,0,0,0,0,0,0,0
210635,2,1,2000,0,0,0,0,0,0,0,0,0,0
210636,1,1,2000,19,19,19,19,19,19,19,19,19,19
210636,2,1,2000,0,6,0,0,0,0,0,0,0,0
210637,1,1,2000,0,0,0,0,0,0,0,0,0,0
210638,1,1,2000,0,0,0,0,0,0,0,0,0,0
210639,1,1,2000,0,0,0,0,0,0,0,0,0,0
210640,1,1,2000,9,9,9,9,9,9,9,9,9,9
210641,1,1,2000,0,0,0,0,0,0,0,0,0,0
210641,2,1,2000,0,0,0,0,0,0,0,0,0,0
210642,1,1,2000,0,0,0,0,0,0,0,0,0,0
210642,2,1,2000,0,0,0,0,0,0,0,0,0,0
210642,3,1,2000,0,0,0,0,0,0,0,0,0,0
210643,1,1,2000,0,0,0,0,0,0,0,0,0,0
210643,2,1,2000,0,0,0,0,0,0,0,0,0,0
210644,0,1,2000,0,20,36,8,12,0,0,27,0,44
210644,1,1,2000,0,0,0,0,0,0,0,0,0,0
210645,1,1,2000,24,24,24,24,24,24,24,24,24,24
210646,1,1,2000,13,13,13,13,13,13,13,13,13,13
210646,2,1,2000,2,0,0,0,17,27,0,8,0,9
210647,1,1,2000,0,0,0,0,0,0,0,0,0,0
210648,1,1,2000,0,12,0,0,0,0,0,0,0,0
210649,1,1,2000,0,0,0,0,0,0,0,0,0,0
210649,2,1,2000,0,0,0,0,0,0,0,0,0,0
210650,1,1,2000,22,22,22,22,22,22,22,22,22,22
210650,2,1,2000,0,0,0,0,0,0,0,0,0,0
210651,1,1,2000,0,0,0,0,0,0,0,0,0,0
210652,1,1,2000,0,0,0,0,0,0,0,0,0,0
210653,1,1,2000,0,7,0,0,14,0,0,0,11,0
210654,1,1,2000,0,0,0,0,0,0,0,0,0,0
210655,1,1,2000,12,12,12,12,12,12,12,12,12,12
210655,2,1,2000,11,0,13,0,0,0,24,0,0,0
210655,3,1,2000,0,0,0,0,18,0,7,0,0,10
210656,1,1,2000,0,0,0,0,0,0,0,0,7,0
210657,1,1,2000,0,0,0,0,0,0,0,0,12,0
210658,1,1,2000,0,0,0,0,0,0,0,6,0,0
210659,1,1,2000,0,0,0,0,0,0,0,0,0,0
210660,1,1,2000,5,0,0,0,5,0,0,0,0,0
210661,1,1,2000,0,0,0,12,0,0,0,0,0,0
210662,1,1,2000,0,0,0,0,0,0,12,0,0,0
210663,1,1,2000,4,4,4,4,4,4,4,4,4,4
210664,1,1,2000,0,0,0,0,0,0,0,0,0,0
210664,2,1,2000,0,0,0,0,0,0,0,0,0,0
210665,1,1,2000,0,0,0,17,0,0,0,0,0,0
210666,1,1,2000,25,25,25,25,25,25,25,25,25,25
210667,1,1,2000,0,0,0,0,0,0,0,0,0,0
210667,2,1,2000,0,0,0,0,0,0,0,0,0,0
210668,1,1,2000,3,3,3,3,3,3,3,3,3,3
210668,2,1,2000,0,24,0,0,0,0,0,0,0,0
210670,0,1,2000,25,15,14,0,27,8,0,11,0,0
210670,1,1,2000,0,0,0,0,0,0,0,0,0,0
210671,1,1,2000,0,0,0,0,0,0,0,0,0,0
210671,2,1,2000,0,0,0,0,0,0,0,0,0,0
210672,1,1,2000,0,0,0,0,0,0,0,0,0,0
210672,2,1,2000,0,0,0,0,0,0,0,0,0,0
210673,1,1,2000,0,0,0,0,0,0,0,0,0,0
210673,2,1,2000,22,22,22,22,22,22,22,22,22,22
210674,0,1,2000,33,33,33,33,33,33,33,33,33,33
210674,1,1,2000,0,0,0,0,0,0,0,0,0,0
210675,1,1,2000,23,23,23,23,23,23,23,23,23,23
210676,1,1,2000,0,0,0,0,0,0,0,0,0,0
210676,2,1,2000,0,0,0,0,0,0,0,0,0,0
210677,1,1,2000,28,28,28,28,28,28,28,28,28,28
210677,2,1,2000,3,3,3,3,3,3,3,3,3,3
210678,1,1,2000,22,22,22,22,22,22,22,22,22,22
210679,1,1,2000,0,0,0,0,0,0,0,0,0,0
210680,1,1,2000,0,0,0,0,0,0,0,0,0,0
210680,2,1,2000,1,1,1,1,1,1,1,1,1,1
210681,1,1,2000,0,0,0,0,25,0,0,0,0,0
210682,1,1,2000,0,0,0,0,0,0,0,0,0,0