ST_CASE,VEH_NO,PER_NO,YEAR,P1,P2,P3,P4,P5,P6,P7,P8,P9,P10
220819,2,1,2000,0,0,0,0,0,0,0,0,0,0
220820,1,1,2000,0,8,0,0,0,5,0,26,0,0
220820,2,1,2000,0,0,0,0,0,0,0,0,0,0
220821,1,1,2000,21,21,21,21,21,21,21,21,21,21
220822,1,1,2000,0,0,0,0,0,0,0,0,0,0
220822,2,1,2000,0,0,0,0,0,0,0,9,0,0
220823,0,1,2000,1,1,1,1,1,1,1,1,1,1
220823,1,1,2000,14,14,14,14,14,14,14,14,14,14
220824,1,1,2000,16,6,9,14,7,28,23,5,3,18
220824,2,1,2000,12,0,0,0,0,0,0,0,0,0
220824,3,1,2000,0,0,0,0,0,0,0,0,0,0
220825,1,1,2000,27,8,17,27,21,30,19,10,10,16
220826,1,1,2000,10,10,10,10,10,10,10,10,10,10
220827,1,1,2000,0,0,0,0,0,0,0,0,0,0
220827,2,1,2000,0,0,0,0,0,0,0,0,0,0
220828,1,1,2000,32,0,13,25,14,24,10,14,15,24
220828,2,1,2000,0,0,0,0,0,0,0,0,0,0
220829,0,1,2000,25,25,25,25,25,25,25,25,25,25
220829,1,1,2000,0,0,0,0,0,0,0,0,0,0
220830,1,1,2000,19,28,13,0,24,3,25,5,21,5
220831,1,1,2000,18,18,14,22,0,12,22,23,13,29
220832,1,1,2000,0,0,0,0,0,0,0,0,0,0
220832,2,1,2000,13,13,13,13,13,13,13,13,13,13
220833,1,1,2000,0,0,0,0,0,0,30,0,0,0
220834,1,1,2000,0,4,0,22,13,0,0,0,4,24
220834,2,1,2000,0,0,0,0,0,0,0,0,0,0
220835,1,1,2000,0,0,0,0,0,0,0,0,0,0
220836,0,1,2000,17,17,17,17,17,17,17,17,17,17
220836,1,1,2000,0,0,0,0,0,0,0,0,0,0
220836,2,1,2000,0,0,0,0,0,0,0,0,0,0
220837,1,1,2000,20,0,0,37,15,0,9,12,0,17
220838,1,1,2000,11,17,13,5,12,22,18,17,10,20
220839,0,1,2000,20,20,20,20,20,20,20,20,20,20
220839,1,1,2000,7,7,7,7,7,7,7,7,7,7
220840,0,1,2000,15,14,12,11,0,9,7,14,25,20
220840,1,1,2000,0,17,0,11,0,0,0,0,0,0
220842,1,1,2000,0,0,0,0,0,0,0,0,0,0
220843,0,1,2000,0,0,0,0,0,0,0,0,0,0
220843,1,1,2000,0,0,0,0,0,0,0,0,0,0
220844,0,1,2000,31,20,0,0,6,19,9,20,0,15
220844,1,1,2000,0,0,0,0,0,0,0,0,0,0
220845,0,1,2000,21,21,21,21,21,21,21,21,21,21
220845,1,1,2000,18,18,18,18,18,18,18,18,18,18
220846,1,1,2000,0,0,0,0,0,0,0,0,0,0
220846,2,1,2000,0,0,0,0,0,0,0,0,0,0
220847,0,1,2000,0,0,0,0,0,0,0,0,0,0
220847,1,1,2000,0,0,0,0,0,0,0,0,0,0
220847,2,1,2000,0,0,0,0,0,0,0,0,0,0
220848,1,1,2000,0,30,0,0,5,0,13,12,27,4
220849,1,1,2000,0,0,0,0,0,0,0,0,0,0
220849,2,1,2000,0,0,0,0,0,0,0,0,0,0
220850,0,1,2000,4,4,4,4,4,4,4,4,4,4
220850,1,1,2000,0,0,0,0,0,0,0,0,0,0
220851,1,1,2000,0,0,0,0,0,0,0,0,0,0
220851,2,1,2000,0,0,0,0,0,0,0,0,0,0
220852,1,1,2000,0,0,0,10,0,0,0,0,0,10
230001,1,1,2000,0,0,0,0,0,0,0,0,0,0
230001,2,1,2000,0,0,0,0,0,0,0,0,0,0
230002,1,1,2000,0,0,0,0,0,0,0,0,0,0
230003,1,1,2000,7,7,7,7,7,7,7,7,7,7
230004,0,1,2000,27,27,27,27,27,27,27,27,27,27
230004,1,1,2000,12,12,12,12,12,12,12,12,12,12
230005,1,1,2000,0,0,0,0,0,0,0,0,0,0
230006,1,1,2000,0,0,0,0,0,0,0,0,0,0
230006,2,1,2000,0,0,0,0,0,0,0,0,0,0
230007,0,1,2000,16,0,17,0,0,0,0,0,15,0
230007,0,2,2000,14,0,12,9,0,0,0,0,0,0
230007,0,3,2000,0,0,0,0,0,0,0,0,0,0
230007,1,1,2000,0,0,0,0,0,0,0,0,0,0
230008,1,1,2000,0,0,0,0,0,0,0,0,0,0
230009,1,1,2000,0,0,0,0,0,0,0,0,0,0
230009,2,1,2000,0,0,0,0,0,0,0,0,0,0
230010,1,1,2000,0,0,0,0,0,0,0,0,0,0
230010,2,1,2000,0,0,0,0,0,0,0,0,0,0
230011,1,1,2000,16,16,16,16,16,16,16,16,16,16
230012,0,1,2000,0,0,0,24,12,21,0,15,29,0
230012,1,1,2000,0,0,0,0,0,0,0,0,0,0
230013,1,1,2000,0,0,0,0,0,0,0,0,0,0
230013,2,1,2000,0,0,0,0,0,0,0,0,0,0
230014,1,1,2000,0,0,0,0,0,0,0,0,0,0
230014,2,1,2000,0,0,0,0,0,0,0,0,0,0
230015,1,1,2000,16,16,16,16,16,16,16,16,16,16
230015,2,1,2000,0,0,0,0,0,0,0,0,0,0
230016,1,1,2000,0,0,0,0,0,0,0,0,0,0
230016,2,1,2000,0,0,0,0,0,0,0,0,0,0
230017,1,1,2000,22,22,22,22,22,22,22,22,22,22
230018,1,1,2000,0,0,0,0,21,0,0,0,0,0
230018,2,1,2000,19,0,10,0,0,0,0,0,18,0
230019,1,1,2000,0,0,0,0,0,0,0,0,0,0
230019,2,1,2000,0,0,0,0,0,0,0,0,0,0
230020,1,1,2000,0,0,0,0,0,0,0,0,0,0
230021,1,1,2000,2,2,2,2,2,2,2,2,2,2
230022,0,1,2000,0,0,0,0,0,0,0,0,0,0
230022,1,1,2000,2,2,2,2,2,2,2,2,2,2
230023,1,1,2000,16,16,16,16,16,16,16,16,16,16
230023,2,1,2000,0,0,0,0,0,0,0,0,0,0
230024,1,1,2000,0,0,0,0,0,0,0,0,0,0
230024,2,1,2000,0,0,0,0,0,0,0,0,0,0
230025,1,1,2000,0,0,0,0,0,0,0,0,0,0
230025,2,1,2000,0,0,0,0,0,0,0,0,0,0
230026,1,1,2000,9,9,9,9,9,9,9,9,9,9
230026,2,1,2000,0,0,0,0,0,0,0,0,0,0
230027,1,1,2000,14,14,14,14,14,14,14,14,14,14
230028,1,1,2000,0,0,0,0,0,0,0,0,0,0
230029,1,1,2000,0,0,0,0,0,0,0,0,0,0
230029,2,1,2000,0,0,0,0,0,0,0,0,0,0
230030,0,1,2000,0,0,0,0,0,0,0,0,0,0
230030,1,1,2000,0,0,0,0,0,0,0,0,0,0
230031,1,1,2000,0,0,0,0,0,0,0,0,0,0
230031,2,1,2000,0,0,0,0,0,0,0,0,0,0
230032,1,1,2000,0,0,0,0,0,0,0,0,0,0
230032,2,1,2000,0,0,0,0,0,0,0,0,0,0
230033,0,1,2000,0,0,0,0,0,0,0,0,0,0
230033,1,1,2000,0,0,0,0,0,0,0,0,0,0
230034,1,1,2000,0,0,0,5,0,19,0,0,0,0
230034,2,1,2000,0,0,0,0,0,0,0,0,0,0
230035,1,1,2000,0,0,0,0,0,0,0,0,0,0
230035,2,1,2000,0,0,0,0,0,0,0,0,0,0
230036,1,1,2000,0,0,0,0,0,0,0,0,0,0
230036,2,1,2000,0,0,0,0,0,0,0,0,0,0
230037,1,1,2000,16,16,16,16,16,16,16,16,16,16
230038,1,1,2000,0,0,0,0,0,0,0,0,0,0
230038,2,1,2000,0,0,0,0,0,0,0,0,0,0
230039,0,1,2000,0,0,0,0,0,0,0,0,0,0
230039,1,1,2000,0,0,0,0,0,0,0,0,0,0
230040,0,1,2000,0,0,0,0,0,0,0,0,0,0
230040,1,1,2000,0,0,0,0,0,0,0,0,0,0
230041,1,1,2000,18,18,18,18,18,18,18,18,18,18
230042,1,1,2000,0,0,0,0,0,0,0,0,0,0
230042,2,1,2000,0,0,0,0,0,0,0,0,0,0
230042,3,1,2000,0,0,0,0,0,0,0,0,0,0
230043,1,1,2000,0,0,0,0,0,0,0,0,0,0
230043,2,1,2000,0,0,0,0,0,0,0,0,0,0
230044,0,1,2000,9,0,0,0,9,0,0,0,0,0
230044,1,1,2000,0,0,0,0,0,0,0,0,0,0
230045,1,1,2000,13,13,13,13,13,13,13,13,13,13
230046,1,1,2000,0,0,0,0,0,0,0,0,0,0
230046,2,1,2000,0,0,0,0,0,0,0,0,0,0
230046,3,1,2000,0,0,0,0,0,0,0,0,0,0
230047,1,1,2000,20,20,20,20,20,20,20,20,20,20
230048,1,1,2000,4,4,4,4,4,4,4,4,4,4
230049,1,1,2000,0,0,0,0,0,0,0,0,0,0
230049,2,1,2000,0,0,0,0,0,0,0,0,0,0
230050,1,1,2000,0,0,0,0,0,0,0,0,0,0
230050,2,1,2000,0,0,0,0,0,0,0,0,0,0
230051,1,1,2000,0,0,0,0,0,0,0,0,0,0
230052,1,1,2000,0,0,0,0,0,0,0,0,0,0
230052,2,1,2000,0,0,0,0,0,0,0,0,0,0
230053,0,1,2000,0,0,0,0,0,0,0,0,0,0
230053,1,1,2000,0,0,0,0,0,0,0,0,0,0
230054,1,1,2000,0,2,0,0,0,0,0,0,0,0
230054,2,1,2000,0,0,0,16,0,0,3,0,0,0
230055,1,1,2000,13,13,13,13,13,13,13,13,13,13
230056,1,1,2000,0,0,0,0,0,0,0,0,0,0
230057,1,1,2000,0,0,0,0,0,0,0,0,0,0
230057,2,1,2000,0,0,0,0,0,0,0,0,0,0
230058,1,1,2000,4,4,4,4,4,4,4,4,4,4
230058,2,1,2000,0,0,0,0,0,0,0,0,0,0
230059,1,1,2000,7,7,7,7,7,7,7,7,7,7
230060,1,1,2000,0,0,0,0,0,0,0,0,0,0
230060,2,1,2000,0,0,0,0,0,0,0,0,0,0
230061,1,1,2000,10,10,10,10,10,10,10,10,10,10
230062,1,1,2000,0,0,0,0,0,0,0,0,0,0
230062,2,1,2000,0,0,0,0,0,0,0,0,0,0
230063,1,1,2000,0,0,0,0,0,0,0,0,0,0
230063,2,1,2000,0,0,0,0,0,0,0,0,0,0
230064,0,1,2000,0,0,0,0,0,0,0,0,0,0
230064,1,1,2000,0,0,0,0,0,0,0,0,0,0
230065,1,1,2000,0,0,0,0,0,0,0,0,0,0
230066,1,1,2000,0,0,0,0,0,0,0,0,0,0
230067,1,1,2000,0,0,0,0,0,8,0,6,0,0
230068,1,1,2000,0,0,0,0,0,0,0,0,0,0
230069,1,1,2000,0,0,0,0,0,0,0,0,0,0
230070,1,1,2000,0,0,0,0,0,0,0,0,0,0
230070,2,1,2000,0,0,0,0,0,0,0,0,0,0
230071,1,1,2000,18,18,18,18,18,18,18,18,18,18
230072,1,1,2000,0,0,0,0,0,0,0,0,0,0
230073,1,1,2000,0,0,0,0,0,0,0,0,0,0
230073,2,1,2000,0,0,19,0,0,0,20,0,0,0
230073,3,1,2000,0,0,0,0,0,0,0,0,0,0
230074,1,1,2000,0,0,0,0,0,0,0,0,0,0
230074,2,1,2000,0,0,0,0,0,0,0,0,0,0
230075,0,1,2000,0,0,0,0,0,0,0,0,0,0
230075,1,1,2000,0,0,0,0,0,0,0,0,0,0
230076,1,1,2000,0,0,0,0,0,0,0,0,0,0
230076,2,1,2000,0,0,0,0,0,0,0,0,0,0
230077,1,1,2000,20,20,20,20,20,20,20,20,20,20
230078,0,1,2000,0,0,0,0,0,0,0,0,0,0
230078,1,1,2000,0,0,0,0,0,0,0,0,0,0
230079,1,1,2000,17,17,17,17,17,17,17,17,17,17
230080,1,1,2000,0,0,0,0,0,0,0,0,0,0
230081,1,1,2000,0,0,0,0,0,0,0,0,0,0
230082,1,1,2000,0,0,0,0,0,0,0,0,0,0
230082,2,1,2000,0,0,0,0,0,0,0,0,0,0
230083,1,1,2000,0,0,0,0,0,0,0,0,0,0
230084,1,1,2000,0,0,0,0,0,0,0,0,0,0
230084,2,1,2000,0,0,0,0,0,0,0,0,0,0
230085,0,1,2000,0,23,0,0,0,0,0,8,22,9
230085,1,1,2000,16,0,0,0,0,0,5,0,14,0
230086,1,1,2000,26,26,26,26,26,26,26,26,26,26
230087,1,1,2000,0,0,0,0,0,0,0,0,0,0
230088,1,1,2000,17,17,17,17,17,17,17,17,17,17
230089,1,1,2000,0,0,0,0,0,0,0,0,0,0
230089,2,1,2000,10,10,10,10,10,10,10,10,10,10
230090,1,1,2000,3,3,3,3,3,3,3,3,3,3
230091,1,1,2000,0,0,0,0,0,0,0,0,0,0
230091,2,1,2000,0,0,0,0,0,0,0,0,0,0
230092,1,1,2000,8,8,8,8,8,8,8,8,8,8
230093,1,1,2000,0,0,0,0,0,0,0,0,0,0
230093,2,1,2000,0,0,0,0,0,0,0,0,0,0
230094,1,1,2000,37,11,12,15,0,23,15,18,6,0
230095,1,1,2000,0,0,0,0,0,0,0,0,0,0
230096,1,1,2000,0,0,0,0,0,0,0,0,0,0
230096,2,1,2000,0,0,0,0,0,0,0,0,0,0
230097,1,1,2000,21,21,21,21,21,21,21,21,21,21
230098,1,1,2000,0,0,0,0,0,0,0,0,0,0
230098,2,1,2000,0,0,0,0,0,0,22,0,13,0
230099,1,1,2000,0,0,0,0,0,0,0,0,0,0
230100,1,1,2000,6,6,6,6,6,6,6,6,6,6
230101,1,1,2000,0,0,0,0,0,0,0,0,0,0
230102,0,1,2000,0,0,0,0,0,0,0,0,0,0
230102,1,1,2000,17,28,0,18,22,18,7,24,3,36
230103,1,1,2000,0,0,0,0,0,0,0,0,0,0
230104,1,1,2000,16,16,16,16,16,16,16,16,16,16
230105,0,1,2000,0,0,0,0,0,0,0,0,0,0
230105,1,1,2000,0,0,0,0,0,0,0,0,0,0
230106,1,1,2000,0,0,0,0,0,0,0,0,0,0
230106,2,1,2000,0,0,0,0,0,0,0,0,0,0
230107,1,1,2000,0,0,0,0,0,0,0,0,0,0
230107,2,1,2000,0,0,0,0,0,0,0,0,0,0
230108,1,1,2000,0,0,0,0,0,0,0,0,0,0
230108,2,1,2000,0,0,0,0,0,0,0,0,0,0
230108,3,1,2000,0,0,0,0,0,0,0,0,0,0
230109,1,1,2000,0,0,0,0,0,0,0,0,0,0
230109,2,1,2000,0,0,0,0,0,0,0,0,0,0
230110,1,1,2000,9,9,9,9,9,9,9,9,9,9
230110,2,1,2000,0,0,0,0,0,0,0,0,0,0
230111,1,1,2000,14,14,14,14,14,14,14,14,14,14
230112,0,1,2000,0,0,0,0,0,0,0,0,0,0
230112,1,1,2000,0,0,0,0,0,0,0,0,0,0
230113,0,1,2000,0,0,0,0,0,0,0,0,0,0
230113,1,1,2000,0,0,0,0,0,0,0,0,0,0
230114,1,1,2000,0,0,0,0,0,0,0,0,0,0
230114,2,1,2000,0,0,0,0,0,0,0,0,0,0
230115,0,1,2000,0,0,0,0,0,0,0,0,0,0
230115,1,1,2000,0,0,0,0,0,0,0,0,0,0
230116,1,1,2000,0,0,0,0,0,0,0,0,0,0
230117,1,1,2000,11,11,11,11,11,11,11,11,11,11
230118,1,1,2000,0,0,0,0,0,0,0,0,0,0
230118,2,1,2000,0,0,0,0,0,0,0,0,0,0
230119,1,1,2000,11,11,11,11,11,11,11,11,11,11
230120,1,1,2000,0,0,0,0,0,0,0,0,0,0
230120,2,1,2000,0,0,0,0,0,0,0,0,0,0
230121,1,1,2000,0,0,0,0,0,0,0,0,0,0
230122,1,1,2000,0,0,0,0,0,0,0,0,0,0
230123,1,1,2000,20,20,20,20,20,20,20,20,20,20
230124,1,1,2000,0,0,0,0,0,0,0,0,0,0
230124,2,1,2000,0,0,0,0,0,0,0,0,0,0
230125,1,1,2000,0,0,0,0,0,0,0,0,0,0
230125,2,1,2000,0,0,0,0,0,0,0,0,0,0
230126,1,1,2000,0,0,0,0,0,0,0,0,0,0
230126,2,1,2000,0,0,0,0,0,0,0,0,0,0
230127,1,1,2000,0,0,0,0,0,0,0,0,0,0
230127,2,1,2000,0,0,0,0,0,0,0,0,0,0
230128,1,1,2000,0,0,0,0,0,0,0,0,0,0
230128,2,1,2000,0,0,0,0,0,0,0,0,0,0
230129,1,1,2000,0,0,0,0,0,0,0,0,0,0
230129,2,1,2000,0,0,0,0,0,0,0,0,0,0
230130,1,1,2000,0,0,0,0,0,0,0,0,0,0
230130,2,1,2000,0,0,0,0,0,0,0,0,0,0
230131,1,1,2000,0,0,0,0,0,0,0,0,0,0
230131,2,1,2000,0,0,0,0,0,0,0,0,0,0
230132,1,1,2000,0,0,0,0,0,0,0,0,0,0
230132,2,1,2000,0,0,0,0,0,0,0,0,0,0
230133,1,1,2000,0,0,0,0,0,0,0,0,0,0
230133,2,1,2000,0,0,0,0,0,0,0,0,0,0
230134,1,1,2000,23,0,12,0,23,29,0,24,0,0
230135,1,1,2000,0,0,0,0,0,0,0,0,0,0
230136,1,1,2000,0,0,0,0,0,0,0,0,0,20
230137,1,1,2000,0,0,0,0,0,0,0,0,0,0
230138,1,1,2000,0,0,0,0,0,0,0,0,0,0
230139,1,1,2000,20,20,20,20,20,20,20,20,20,20
230140,1,1,2000,0,0,0,0,0,0,0,0,0,0
230140,2,1,2000,0,0,0,0,0,0,0,0,0,0
230141,1,1,2000,18,18,18,18,18,18,18,18,18,18
230142,1,1,2000,15,15,15,15,15,15,15,15,15,15
230142,2,1,2000,0,0,0,0,0,0,0,0,0,0
230143,1,1,2000,0,0,0,0,0,0,0,0,0,0
230144,1,1,2000,10,10,10,10,10,10,10,10,10,10
230145,1,1,2000,0,0,0,0,0,0,0,0,0,0
230145,2,1,2000,0,0,0,0,0,0,0,0,0,0
230146,1,1,2000,0,0,0,0,0,0,0,0,0,0
230147,1,1,2000,0,0,0,0,0,0,0,0,0,0
230147,2,1,2000,0,0,0,0,0,0,0,0,0,0
230148,1,1,2000,0,0,0,0,0,0,0,0,0,0
230149,1,1,2000,0,0,0,0,0,0,0,0,0,0
230150,1,1,2000,0,0,0,0,0,0,0,0,0,0
230150,2,1,2000,0,0,0,0,0,0,0,0,0,0
230151,1,1,2000,0,0,0,0,0,0,0,0,0,0
230151,2,1,2000,0,0,0,0,0,0,0,0,0,0
230152,1,1,2000,0,0,0,0,0,0,0,0,0,0
230152,2,1,2000,0,0,0,0,0,0,0,0,0,0
230153,0,1,2000,24,24,24,24,24,24,24,24,24,24
230154,1,1,2000,0,0,0,0,0,0,0,0,0,0
230154,2,1,2000,0,0,0,0,0,0,0,0,0,0
230155,1,1,2000,0,0,0,0,0,0,0,0,0,0
230156,1,2,2000,10,0,0,37,13,14,9,9,13,0
230157,1,1,2000,20,20,20,20,20,20,20,20,20,20
240001,1,1,2000,25,25,25,25,25,25,25,25,25,25
240001,2,2,2000,0,0,0,0,0,0,0,0,0,0
240002,1,1,2000,20,20,20,20,20,20,20,20,20,20
240002,2,1,2000,11,11,11,11,11,11,11,11,11,11
240002,3,1,2000,0,0,0,0,0,0,0,0,0,0
240003,1,1,2000,0,0,0,0,0,0,0,0,0,0
240004,0,1,2000,20,20,20,20,20,20,20,20,20,20
240004,1,1,2000,0,6,0,0,0,0,0,0,0,0
240005,1,1,2000,0,0,0,0,0,0,0,0,0,0
240005,2,1,2000,0,0,0,0,0,0,0,0,0,0
240006,1,1,2000,0,0,0,0,0,0,0,0,0,0
240006,2,1,2000,0,0,0,0,0,0,0,0,0,0
240007,1,1,2000,0,0,0,0,0,0,0,0,0,0
240007,2,1,2000,0,0,0,0,0,0,0,0,0,0
240009,0,1,2000,26,23,25,25,21,37,24,32,19,13
240009,1,1,2000,0,0,0,0,0,0,0,0,0,0
240010,0,1,2000,21,21,21,21,21,21,21,21,21,21
240010,1,1,2000,0,0,0,0,0,0,0,0,0,7
240011,0,1,2000,0,0,0,0,0,0,0,0,0,0
240011,1,1,2000,0,0,0,0,0,0,0,0,0,0
240012,0,1,2000,0,0,0,0,0,0,0,0,0,0
240012,1,1,2000,0,0,0,0,0,0,0,0,7,0
240013,0,1,2000,9,9,9,9,9,9,9,9,9,9
240013,1,1,2000,0,8,0,0,0,0,0,0,0,0
240013,2,1,2000,0,0,0,0,0,0,0,0,0,0
240014,1,1,2000,24,24,24,24,24,24,24,24,24,24
240015,1,1,2000,11,11,11,11,11,11,11,11,11,11
240015,2,1,2000,0,0,0,0,0,0,0,0,0,0
240016,1,1,2000,16,16,16,16,16,16,16,16,16,16
240017,1,1,2000,0,0,0,0,0,0,0,0,0,0
240017,2,1,2000,0,0,0,0,0,0,0,0,6,0
240018,1,1,2000,0,0,0,0,0,0,0,0,0,0
240019,1,1,2000,0,0,0,0,0,0,0,0,0,0
240019,2,1,2000,0,0,0,0,0,0,0,0,0,0
240019,3,1,2000,0,0,0,0,0,0,0,0,0,0
240019,4,1,2000,0,0,0,0,0,0,0,0,0,0
240020,1,1,2000,0,0,0,0,0,30,0,0,0,0
240020,2,1,2000,0,0,0,0,0,0,0,0,0,0
240021,1,1,2000,0,0,0,0,0,0,0,0,0,0
240021,2,1,2000,0,0,0,0,0,0,0,0,0,0
240022,1,1,2000,0,0,0,0,0,0,0,0,0,9
240023,1,1,2000,0,0,0,0,0,0,0,0,0,0
240024,1,1,2000,0,0,0,0,0,0,0,0,0,0
240024,2,1,2000,0,0,0,0,0,0,0,0,0,0
240024,3,1,2000,0,0,0,0,0,0,0,0,0,0
240025,1,1,2000,8,8,8,8,8,8,8,8,8,8
240025,2,1,2000,0,0,0,0,0,0,0,0,0,0
240026,1,1,2000,0,0,0,0,0,0,0,0,0,0
240027,1,1,2000,11,6,12,14,20,13,27,22,0,0
240028,1,1,2000,20,20,20,20,20,20,20,20,20,20
240029,1,1,2000,0,0,0,0,0,2,0,0,0,0
240029,2,1,2000,2,2,2,2,2,2,2,2,2,2
240030,1,1,2000,0,0,0,0,0,0,0,0,0,0
240030,2,1,2000,0,0,0,0,0,0,0,0,0,0
240031,1,1,2000,0,0,0,0,0,0,0,0,0,0
240032,1,1,2000,0,0,0,0,0,0,0,0,0,0
240032,2,1,2000,14,0,0,0,0,0,0,0,0,0
240033,1,1,2000,0,0,0,0,0,0,0,0,0,10
240034,1,1,2000,25,25,25,25,25,25,25,25,25,25
240035,1,1,2000,11,11,11,11,11,11,11,11,11,11
240036,0,1,2000,0,0,0,0,0,0,0,0,0,0
240036,1,1,2000,0,0,0,0,0,0,0,0,0,0
240037,1,1,2000,0,0,0,0,0,0,0,0,0,0
240037,2,1,2000,0,0,0,0,0,0,0,0,0,0
240038,1,1,2000,0,0,0,0,0,0,0,0,0,0
240039,1,1,2000,0,0,0,0,0,0,0,0,0,0
240039,2,1,2000,0,0,0,0,0,0,0,0,0,0
240040,1,1,2000,0,0,0,0,0,0,0,0,0,0
240041,1,1,2000,0,0,9,0,0,3,0,0,0,0
240041,2,1,2000,0,0,0,0,0,0,0,0,0,0
240042,0,1,2000,0,0,0,0,0,0,0,0,0,0
240042,1,1,2000,4,4,4,4,4,4,4,4,4,4
240043,1,1,2000,0,0,0,0,0,0,0,0,0,0
240043,2,1,2000,0,0,0,0,0,0,0,0,0,0
240044,0,1,2000,0,0,0,0,0,0,0,0,0,0
240044,1,1,2000,0,0,0,0,0,0,0,0,0,0
240045,1,1,2000,0,0,0,0,0,0,0,0,0,0
240045,2,1,2000,0,0,0,0,0,0,0,0,0,0
240046,1,1,2000,29,9,15,0,0,0,21,11,8,0
240047,1,1,2000,0,0,0,0,0,0,0,0,0,0
240048,1,1,2000,0,0,26,0,0,0,0,0,0,0
240049,0,1,2000,21,21,21,21,21,21,21,21,21,21
240049,1,1,2000,0,0,0,0,0,0,0,0,0,0
240050,1,1,2000,0,0,0,0,0,0,0,0,0,0
240050,2,1,2000,0,0,0,0,0,0,0,0,0,0
240051,1,1,2000,0,0,0,0,0,0,0,0,0,0
240051,2,1,2000,0,0,0,0,0,0,0,0,0,0
240052,0,1,2000,0,0,0,0,0,0,0,0,0,0
240052,0,2,2000,16,26,0,0,21,23,0,0,0,13
240052,1,1,2000,0,0,0,0,0,0,0,0,0,0
240052,2,1,2000,0,0,0,0,0,0,0,0,0,0
240053,1,1,2000,0,0,0,0,0,0,0,0,0,0
240053,2,1,2000,0,0,0,0,0,0,0,0,0,0
240054,0,1,2000,0,0,0,0,0,0,0,0,0,0
240054,1,1,2000,0,0,0,0,0,0,0,0,0,0
240055,1,1,2000,1,1,1,1,1,1,1,1,1,1
240056,1,1,2000,13,13,13,13,13,13,13,13,13,13
240057,1,1,2000,0,0,0,0,0,0,0,0,0,0
240057,2,1,2000,0,0,0,0,0,0,0,0,0,0
240058,1,1,2000,17,17,17,17,17,17,17,17,17,17
240059,1,1,2000,0,10,9,0,0,0,13,27,0,9
240059,2,1,2000,0,15,0,0,0,0,0,11,0,0
240060,0,1,2000,19,18,0,0,45,0,23,0,0,0
240060,0,2,2000,0,0,0,0,0,0,0,0,0,0
240060,1,1,2000,0,0,0,0,0,0,0,0,0,0
240061,1,1,2000,0,0,0,0,0,0,0,0,0,0
240062,1,1,2000,10,10,10,10,10,10,10,10,10,10
240062,2,1,2000,0,0,0,0,0,0,0,0,0,0
240063,1,1,2000,0,0,0,0,0,0,0,0,0,0
240064,1,1,2000,20,20,20,20,20,20,20,20,20,20
240065,1,1,2000,0,0,0,0,0,10,4,0,0,0
240065,2,1,2000,0,0,0,0,0,0,0,0,0,0
240066,1,1,2000,16,16,16,16,16,16,16,16,16,16
240067,1,1,2000,26,26,26,26,26,26,26,26,26,26
240068,1,1,2000,0,0,0,0,0,0,0,0,0,0
240069,1,1,2000,0,0,0,0,0,0,0,0,0,0
240069,2,1,2000,0,0,0,0,0,0,0,0,0,0
240070,1,1,2000,0,0,0,0,0,0,0,0,0,0
240070,2,1,2000,0,0,0,0,0,0,0,0,0,0
240070,3,1,2000,0,0,0,0,0,0,0,0,0,0
240070,4,1,2000,0,9,16,0,0,0,0,8,0,0
240071,0,1,2000,0,34,0,0,0,0,0,0,0,0
240071,1,1,2000,0,0,0,31,15,12,0,2,0,0
240071,2,1,2000,0,0,0,0,0,0,0,0,13,0
240073,1,1,2000,0,0,0,0,0,0,0,0,0,0
240073,2,1,2000,0,0,0,0,0,0,0,0,0,0
240074,1,1,2000,0,0,0,0,0,0,0,0,0,0
240074,2,1,2000,0,0,0,0,0,0,0,0,10,0
240075,1,1,2000,0,0,4,0,12,14,0,5,0,0
240075,2,1,2000,2,2,2,2,2,2,2,2,2,2
240076,0,1,2000,0,0,0,0,0,0,0,0,0,0
240076,1,1,2000,0,0,0,0,0,0,0,0,0,0
240076,2,1,2000,0,0,0,0,3,0,0,0,0,0
240077,1,1,2000,0,0,0,0,0,0,0,0,0,0
240077,2,1,2000,0,0,0,0,0,0,0,0,0,0
240078,1,1,2000,0,0,0,0,0,0,0,0,0,0
240078,2,1,2000,0,0,0,0,0,0,0,0,0,0
240079,0,1,2000,8,8,8,8,8,8,8,8,8,8
240079,1,1,2000,8,8,8,8,8,8,8,8,8,8
240080,1,1,2000,19,19,19,19,19,19,19,19,19,19
240081,1,1,2000,0,0,0,0,0,0,0,0,0,0
240081,2,1,2000,0,0,0,0,0,0,0,0,13,0
240082,1,1,2000,0,0,0,0,0,0,0,0,0,0
240082,2,1,2000,0,0,0,4,0,0,0,0,0,0
240083,1,1,2000,14,14,14,14,14,14,14,14,14,14
240083,2,1,2000,0,15,0,0,0,0,0,0,0,0
240084,1,1,2000,9,9,9,9,9,9,9,9,9,9
240085,1,1,2000,0,0,0,0,0,0,0,0,23,0
240086,1,1,2000,19,19,19,19,19,19,19,19,19,19
240086,2,1,2000,0,0,0,0,18,0,0,0,0,0
240087,0,1,2000,19,19,19,19,19,19,19,19,19,19
240087,1,1,2000,0,0,0,0,0,0,0,0,0,0
240087,2,1,2000,0,0,0,0,0,0,0,0,0,0
240087,3,1,2000,0,0,0,0,0,0,0,0,0,0
240088,1,1,2000,0,0,0,0,0,0,0,0,0,0
240088,2,1,2000,0,0,0,0,0,0,0,0,0,0
240089,1,1,2000,0,0,3,0,0,11,0,0,0,0
240089,2,1,2000,0,0,0,0,0,0,0,0,0,0