ST_CASE,VEH_NO,PER_NO,YEAR,P1,P2,P3,P4,P5,P6,P7,P8,P9,P10
240350,1,1,2000,0,0,0,0,0,0,0,0,0,0
240351,1,1,2000,10,24,17,17,10,31,22,13,13,24
240352,1,1,2000,0,0,0,0,0,0,0,0,0,0
240352,2,1,2000,0,0,0,0,0,0,0,0,0,0
240352,3,1,2000,0,0,0,0,0,0,0,0,0,0
240352,4,1,2000,0,0,0,0,0,0,0,0,0,0
240352,5,1,2000,0,0,0,0,0,0,0,0,0,0
240353,1,1,2000,0,0,0,0,0,0,0,0,0,0
240353,2,1,2000,0,0,0,0,0,0,0,0,0,0
240354,1,1,2000,0,0,0,0,0,0,0,0,0,0
240355,1,1,2000,25,24,16,20,22,20,19,0,16,15
240356,1,1,2000,25,25,25,25,25,25,25,25,25,25
240357,1,1,2000,0,0,0,0,0,0,0,0,0,0
240357,2,1,2000,0,0,0,0,0,0,0,0,0,0
240358,1,1,2000,0,0,16,0,18,0,0,0,12,17
240359,1,1,2000,0,0,0,0,0,0,0,0,0,0
240359,2,1,2000,0,0,0,0,0,0,0,0,0,0
240360,1,1,2000,0,0,0,0,0,0,0,0,0,0
240360,2,1,2000,0,0,0,0,0,0,0,0,0,0
240361,1,1,2000,0,0,0,15,0,0,0,8,0,0
240361,2,1,2000,0,0,0,0,0,0,0,0,0,0
240362,1,1,2000,0,0,0,0,15,0,0,13,0,18
240362,2,1,2000,0,0,0,0,0,0,0,0,0,0
240363,0,1,2000,19,23,19,0,34,19,16,16,21,29
240363,1,1,2000,0,0,0,0,0,0,0,0,10,5
240364,1,1,2000,11,11,11,11,11,11,11,11,11,11
240365,0,1,2000,28,28,28,28,28,28,28,28,28,28
240365,1,1,2000,0,0,0,0,10,0,0,0,13,0
240366,0,1,2000,26,0,17,15,13,21,41,0,24,41
240366,0,2,2000,27,0,46,0,36,29,0,0,26,0
240366,1,1,2000,0,0,0,0,0,0,0,0,0,0
240366,2,1,2000,0,0,0,0,0,0,0,0,0,0
240367,1,1,2000,0,0,0,0,0,0,0,0,0,0
240368,1,1,2000,18,18,18,18,18,18,18,18,18,18
240369,0,1,2000,20,20,20,20,20,20,20,20,20,20
240369,1,1,2000,0,31,15,21,0,0,0,0,7,20
240370,1,1,2000,0,0,0,0,0,0,0,0,0,0
240370,2,1,2000,0,0,0,0,0,0,0,0,0,0
240371,0,1,2000,18,18,18,18,18,18,18,18,18,18
240371,1,1,2000,0,0,0,0,0,0,0,0,0,0
240372,1,1,2000,0,0,0,0,0,0,0,0,0,0
240373,1,1,2000,9,0,0,6,0,0,20,0,12,20
240374,1,1,2000,19,19,19,19,19,19,19,19,19,19
240375,1,1,2000,0,0,0,0,0,0,0,0,0,0
240375,2,1,2000,0,0,0,0,0,0,0,0,0,0
240376,1,1,2000,0,0,0,0,0,0,0,0,0,0
240377,1,1,2000,0,0,0,0,0,0,0,0,0,0
240378,1,1,2000,0,0,0,0,0,0,0,0,0,0
240379,0,1,2000,0,0,0,0,0,0,0,0,0,0
240379,1,1,2000,0,0,0,0,0,0,0,0,0,0
240380,1,1,2000,7,7,7,7,7,7,7,7,7,7
240381,1,1,2000,16,16,16,16,16,16,16,16,16,16
240382,0,1,2000,0,0,0,0,0,0,0,0,0,0
240382,1,1,2000,25,0,0,0,0,0,0,0,0,0
240383,1,1,2000,0,0,0,0,0,0,0,0,0,0
240383,2,1,2000,0,0,0,0,0,0,0,24,0,0
240383,3,1,2000,0,0,0,0,0,0,0,0,0,0
240384,0,1,2000,0,0,0,0,0,0,0,0,0,0
240384,1,1,2000,0,0,0,0,0,0,0,0,0,0
240385,1,1,2000,20,20,20,20,20,20,20,20,20,20
240386,1,1,2000,22,22,22,22,22,22,22,22,22,22
240387,1,1,2000,0,0,0,0,0,0,0,0,0,0
240387,2,1,2000,0,0,0,0,0,0,0,0,0,0
240388,1,1,2000,0,0,0,0,0,0,0,0,0,0
240388,2,1,2000,0,0,0,0,0,0,0,0,0,0
240389,1,1,2000,0,0,0,0,0,0,0,0,0,0
240389,2,1,2000,0,0,0,0,0,0,0,0,0,0
240389,3,1,2000,0,0,0,0,0,0,0,0,0,0
240390,0,1,2000,0,0,0,0,0,0,0,0,0,0
240390,1,1,2000,23,23,23,23,23,23,23,23,23,23
240391,1,1,2000,0,0,0,0,0,0,0,0,0,0
240392,1,1,2000,13,13,13,13,13,13,13,13,13,13
240393,1,1,2000,0,0,0,0,0,0,0,0,0,0
240394,1,1,2000,0,0,0,0,0,0,0,0,0,0
240395,1,1,2000,0,0,0,0,0,0,0,0,0,0
240395,2,1,2000,0,0,0,0,0,0,0,0,0,0
240395,3,1,2000,0,4,0,0,0,0,0,0,0,0
240396,1,1,2000,0,0,0,0,0,0,0,0,0,0
240397,1,1,2000,8,8,8,8,8,8,8,8,8,8
240398,0,1,2000,0,0,0,0,0,0,0,0,0,0
240398,1,1,2000,1,1,1,1,1,1,1,1,1,1
240399,1,1,2000,23,23,23,23,23,23,23,23,23,23
240400,1,1,2000,0,0,8,0,0,0,0,0,0,0
240400,2,1,2000,0,0,7,0,0,0,0,0,0,0
240401,1,1,2000,0,0,0,0,0,0,0,0,0,0
240401,2,1,2000,0,0,0,0,0,0,0,0,0,0
240402,1,1,2000,0,0,0,0,0,0,0,0,0,0
240402,2,1,2000,0,0,0,0,0,0,0,0,0,0
240403,1,1,2000,0,0,0,0,0,0,0,0,0,0
240404,1,1,2000,24,24,24,24,24,24,24,24,24,24
240405,1,1,2000,0,0,0,0,24,0,0,13,0,0
240405,2,1,2000,0,0,0,0,0,0,0,0,0,0
240406,1,1,2000,0,0,0,0,0,0,0,0,0,0
240406,2,1,2000,0,0,0,0,0,0,0,0,0,0
240407,0,1,2000,0,0,0,0,0,0,0,0,0,0
240407,1,1,2000,0,0,0,0,0,0,0,0,0,0
240408,1,1,2000,0,0,0,0,0,0,0,0,0,0
240409,1,1,2000,0,0,0,0,0,0,0,0,0,0
240409,2,1,2000,0,0,0,0,0,0,0,0,0,0
240410,1,1,2000,6,6,6,6,6,6,6,6,6,6
240411,1,1,2000,19,19,19,19,19,19,19,19,19,19
240412,1,1,2000,0,0,0,0,0,0,0,0,0,0
240413,1,1,2000,0,0,0,0,0,0,0,0,0,0
240413,2,1,2000,0,0,0,0,0,0,0,0,0,0
240413,3,1,2000,0,0,0,0,0,0,0,0,0,0
240414,0,1,2000,0,0,0,0,0,0,0,0,0,0
240414,1,1,2000,0,0,0,0,0,0,0,0,0,6
240415,1,1,2000,16,16,16,16,16,16,16,16,16,16
240416,1,1,2000,2,2,2,2,2,2,2,2,2,2
240416,2,1,2000,0,0,0,0,0,0,0,0,28,0
240417,1,1,2000,0,0,0,0,0,0,0,0,0,0
240418,1,1,2000,0,0,0,0,0,0,0,0,0,0
240419,0,1,2000,15,15,15,15,15,15,15,15,15,15
240419,1,1,2000,0,0,0,0,0,13,0,0,0,0
240420,1,1,2000,0,24,9,0,0,0,7,0,7,9
240421,1,1,2000,18,18,18,18,18,18,18,18,18,18
240422,1,1,2000,0,0,0,0,0,0,0,0,0,0
240423,1,1,2000,0,0,0,0,0,0,0,0,0,0
240424,1,1,2000,0,0,0,0,0,0,0,0,0,0
240424,2,1,2000,0,0,0,0,0,0,0,0,0,0
240425,1,1,2000,0,0,0,0,0,0,0,0,0,0
240426,1,1,2000,0,0,0,0,0,0,0,0,0,0
240426,2,1,2000,0,0,0,0,0,0,0,0,0,0
240426,3,1,2000,0,14,0,0,0,0,16,0,0,0
240426,4,1,2000,0,0,0,0,0,0,0,0,0,0
240426,5,1,2000,0,0,0,0,0,0,0,0,0,0
240426,6,1,2000,0,0,0,0,0,0,0,0,0,0
240426,7,1,2000,0,0,0,0,0,0,0,0,0,0
240426,8,1,2000,0,0,0,0,0,0,0,0,0,0
240426,9,1,2000,0,0,0,0,0,0,0,0,0,0
240426,10,1,2000,0,0,0,0,0,0,0,0,0,0
240427,1,1,2000,13,13,13,13,13,13,13,13,13,13
240427,2,1,2000,0,0,0,0,0,0,0,0,0,0
240428,1,1,2000,0,0,0,0,0,0,0,0,0,0
240428,2,1,2000,0,0,0,0,0,0,0,0,0,0
240428,3,1,2000,0,0,0,0,0,0,0,0,0,0
240429,1,1,2000,0,0,0,5,0,0,0,0,0,0
240429,2,1,2000,0,0,0,0,0,0,0,0,0,0
240430,1,1,2000,0,0,0,0,0,0,0,0,0,0
240430,2,1,2000,0,0,0,0,0,0,0,0,0,0
240431,1,1,2000,0,0,0,0,0,0,0,0,0,0
240431,2,1,2000,0,0,0,0,0,0,0,0,0,0
240432,1,1,2000,0,0,0,0,0,0,0,0,0,0
240432,2,1,2000,0,0,0,0,0,0,0,0,0,0
240432,3,1,2000,0,0,0,0,0,0,0,0,0,0
240433,1,1,2000,4,17,18,13,19,15,12,33,17,12
240434,1,1,2000,19,19,19,19,19,19,19,19,19,19
240435,1,1,2000,2,2,2,2,2,2,2,2,2,2
240435,2,1,2000,0,0,0,0,0,0,0,0,0,0
240436,1,1,2000,0,0,0,0,0,0,0,0,0,0
240436,2,1,2000,0,0,0,0,0,0,0,0,0,0
240437,1,1,2000,0,0,0,0,0,0,0,0,0,0
240438,1,1,2000,0,0,17,0,0,0,0,0,0,0
240439,1,1,2000,8,8,8,8,8,8,8,8,8,8
240440,1,1,2000,0,0,0,0,0,0,0,0,0,0
240440,2,1,2000,0,0,0,0,0,0,0,0,0,0
240441,1,1,2000,23,23,23,23,23,23,23,23,23,23
240442,0,1,2000,0,0,0,0,0,0,0,0,0,0
240442,1,1,2000,0,0,0,0,0,0,0,0,0,0
240443,1,1,2000,0,0,0,0,0,0,0,0,0,0
240444,0,1,2000,0,0,0,0,0,0,9,8,0,0
240444,0,2,2000,0,0,0,0,0,0,0,0,0,0
240444,1,1,2000,0,0,0,0,0,0,0,0,0,0
240444,2,1,2000,0,0,0,0,0,0,0,0,0,0
240446,1,1,2000,0,0,0,0,0,0,0,0,0,0
240447,1,1,2000,30,30,30,30,30,30,30,30,30,30
240448,1,1,2000,15,15,15,15,15,15,15,15,15,15
240449,0,1,2000,0,0,0,0,0,0,0,0,0,0
240449,0,2,2000,0,0,0,0,0,2,0,0,0,0
240449,1,1,2000,0,0,0,0,30,0,0,16,0,0
240450,1,1,2000,0,0,0,0,0,0,0,0,0,0
240450,2,1,2000,0,0,0,0,0,0,0,0,0,0
240451,1,1,2000,3,3,3,3,3,3,3,3,3,3
240452,0,1,2000,0,0,0,0,0,0,0,0,0,0
240452,1,1,2000,0,0,0,0,0,0,0,0,0,0
240453,0,1,2000,24,24,24,24,24,24,24,24,24,24
240453,1,1,2000,25,18,17,9,7,10,15,33,9,0
240454,1,1,2000,0,0,0,0,0,0,0,0,0,0
240454,2,1,2000,0,0,0,0,0,0,0,0,0,0
240455,1,1,2000,0,0,0,0,0,0,0,0,0,0
240455,2,1,2000,0,0,0,0,0,0,0,0,0,0
240456,1,1,2000,0,0,0,0,0,0,0,0,0,0
240456,2,1,2000,0,0,0,0,0,0,0,0,0,0
240457,0,1,2000,0,0,0,0,0,0,0,0,0,0
240457,1,1,2000,0,0,0,0,0,0,0,0,0,0
240458,1,1,2000,10,10,10,10,10,10,10,10,10,10
240459,1,1,2000,0,21,0,0,0,0,11,0,0,14
240459,2,1,2000,0,0,0,0,0,0,0,0,0,0
240460,1,1,2000,0,0,0,0,0,0,0,0,0,0
240461,0,1,2000,0,0,0,0,0,0,0,0,0,0
240461,1,1,2000,0,0,0,0,0,0,0,0,0,0
240462,0,1,2000,31,31,31,31,31,31,31,31,31,31
240462,1,1,2000,0,0,0,0,0,0,0,0,0,0
240463,1,1,2000,0,0,0,0,0,0,0,0,0,0
240464,1,1,2000,6,6,6,6,6,6,6,6,6,6
240465,1,1,2000,0,0,0,0,0,0,0,0,0,0
240466,1,1,2000,29,29,29,29,29,29,29,29,29,29
240467,1,1,2000,17,17,17,17,17,17,17,17,17,17
240468,1,1,2000,13,13,13,13,13,13,13,13,13,13
240469,1,1,2000,0,0,0,0,0,0,0,0,0,0
240470,1,1,2000,26,19,10,22,12,2,3,9,15,19
240470,2,1,2000,2,2,2,2,2,2,2,2,2,2
240471,1,1,2000,17,17,17,17,17,17,17,17,17,17
240472,1,1,2000,8,0,8,0,0,0,0,0,0,0
240473,1,1,2000,15,15,15,15,15,15,15,15,15,15
240474,1,1,2000,0,0,0,0,0,0,0,0,0,0
240474,2,1,2000,0,0,0,0,0,0,0,0,0,0
240475,1,1,2000,0,0,0,0,0,0,0,0,0,0
240476,1,1,2000,0,0,0,0,0,0,0,0,0,0
240477,0,1,2000,0,0,0,0,0,0,0,0,23,0
240477,0,2,2000,0,0,0,0,0,0,0,0,0,0
240477,0,3,2000,0,0,0,0,0,0,0,0,0,0
240477,1,1,2000,0,0,0,0,0,0,0,0,0,0
240478,1,1,2000,5,5,5,5,5,5,5,5,5,5
240478,2,1,2000,0,0,0,0,0,0,0,0,0,0
240479,1,1,2000,1,1,1,1,1,1,1,1,1,1
240480,1,1,2000,5,5,5,5,5,5,5,5,5,5
240481,0,1,2000,0,0,0,0,0,0,0,0,0,0
240481,0,2,2000,0,0,0,0,0,0,0,0,0,0
240481,1,1,2000,0,0,0,0,0,0,0,0,0,0
240482,1,1,2000,0,0,0,0,0,0,0,0,0,0
240483,1,1,2000,0,0,0,0,0,0,0,0,0,0
240483,2,1,2000,0,0,0,0,0,0,0,0,0,0
240484,1,1,2000,0,0,0,0,0,0,0,0,0,0
240485,1,1,2000,0,0,0,0,0,0,0,0,0,0
240486,1,1,2000,16,16,16,16,16,16,16,16,16,16
240486,2,1,2000,0,0,0,0,0,0,0,0,0,0
240487,1,1,2000,18,18,18,18,18,18,18,18,18,18
240488,1,1,2000,28,24,16,22,4,15,33,33,36,12
240489,0,1,2000,0,0,0,0,0,0,0,0,0,0
240489,1,1,2000,0,0,0,0,0,0,5,0,0,0
240490,0,1,2000,0,0,0,0,0,0,0,0,0,0
240490,1,1,2000,0,0,0,0,0,0,0,0,0,0
240490,2,1,2000,26,0,0,0,0,0,0,0,0,0
240491,0,1,2000,19,19,19,19,19,19,19,19,19,19
240491,1,1,2000,0,0,0,0,18,0,0,0,0,0
240492,1,1,2000,0,0,0,0,0,0,0,0,0,0
240493,0,1,2000,11,11,11,11,11,11,11,11,11,11
240493,1,1,2000,0,0,0,0,0,0,0,0,0,0
240493,2,1,2000,0,0,0,0,0,0,0,0,0,0
240493,3,1,2000,0,0,0,0,0,0,0,0,0,0
240494,1,1,2000,21,21,15,26,23,37,20,20,13,25
240495,1,1,2000,0,0,0,0,0,0,0,0,0,0
240496,1,1,2000,24,24,24,24,24,24,24,24,24,24
240497,1,1,2000,0,0,0,0,0,0,0,0,12,0
240498,1,1,2000,0,0,0,0,0,0,0,0,0,0
240498,2,1,2000,0,0,0,15,0,0,0,0,0,0
240499,0,1,2000,17,17,17,17,17,17,17,17,17,17
240499,1,1,2000,0,0,0,10,0,0,0,0,0,19
240500,0,1,2000,16,28,29,29,40,26,20,18,32,21
240500,1,1,2000,10,0,0,0,0,0,0,0,0,0
240501,1,1,2000,0,0,0,0,0,0,0,0,0,0
240501,2,1,2000,0,0,0,0,0,0,0,0,0,0
240502,0,1,2000,0,0,0,0,0,0,0,0,0,0
240502,1,1,2000,0,0,0,0,0,0,0,12,0,0
240503,1,1,2000,12,26,24,6,40,30,11,11,20,14
240503,2,1,2000,0,0,0,0,0,0,0,0,0,0
240504,1,1,2000,0,0,0,0,0,0,0,0,0,0
240504,2,1,2000,0,0,0,0,0,0,0,0,0,0
240505,1,1,2000,17,17,17,17,17,17,17,17,17,17
240505,2,1,2000,0,0,0,0,0,0,0,0,0,0
240506,1,1,2000,0,0,0,0,0,0,0,0,0,0
240506,2,1,2000,0,0,0,0,0,0,0,0,0,0
240507,1,1,2000,0,0,0,0,0,0,0,0,0,0
240507,2,1,2000,0,0,0,0,0,0,0,0,0,0
240508,1,1,2000,0,0,0,0,0,0,0,0,0,0
240508,2,1,2000,19,0,0,0,0,0,0,0,0,0
240509,1,1,2000,0,0,0,0,0,0,0,0,0,0
240510,1,1,2000,0,0,0,0,0,0,0,0,0,0
240510,2,1,2000,0,0,0,0,0,0,0,0,0,0
240511,1,1,2000,21,21,21,21,21,21,21,21,21,21
240512,1,1,2000,0,0,0,0,0,0,0,0,0,0
240512,2,1,2000,0,0,0,0,0,0,0,0,0,0
240513,1,1,2000,0,0,0,0,0,0,0,0,0,0
240513,2,1,2000,0,0,0,0,0,0,0,0,0,0
240514,0,1,2000,0,0,0,0,0,0,0,0,0,0
240514,1,1,2000,4,0,11,13,12,15,8,23,8,6
240515,0,1,2000,21,21,21,21,21,21,21,21,21,21
240515,1,1,2000,0,0,0,0,0,0,0,0,0,0
240515,2,1,2000,0,0,0,0,0,0,0,0,0,0
240516,1,1,2000,0,0,0,0,0,0,0,0,0,0
240517,0,1,2000,20,20,20,20,20,20,20,20,20,20
240517,1,1,2000,0,0,0,0,0,11,0,0,0,0
240518,1,1,2000,0,0,0,0,0,0,0,0,0,0
240519,1,1,2000,9,30,19,16,11,13,29,15,9,19
240519,2,1,2000,0,12,0,0,0,6,0,0,0,0
240520,1,1,2000,0,0,0,0,0,0,0,0,0,0
240520,2,1,2000,0,0,0,0,0,0,0,0,0,0
240520,3,1,2000,13,29,21,8,9,9,7,18,21,14
240521,1,1,2000,0,0,0,0,0,0,0,0,0,0
240521,2,1,2000,0,0,0,0,0,0,0,0,0,0
240521,3,1,2000,0,0,0,0,0,0,0,0,0,0
240521,4,1,2000,0,0,11,0,0,0,0,0,0,0
240521,5,1,2000,0,0,0,0,0,0,0,0,0,0
240521,6,1,2000,0,0,0,0,0,0,6,0,0,0
240522,1,1,2000,14,0,0,0,0,9,0,17,17,0
240522,2,1,2000,0,0,0,0,0,0,0,0,0,0
240523,1,1,2000,38,12,0,12,22,0,0,16,20,0
240524,0,1,2000,27,27,27,27,27,27,27,27,27,27
240524,1,1,2000,0,0,0,22,23,31,0,0,0,14
240524,2,1,2000,0,0,0,34,0,0,0,17,11,0
240525,1,1,2000,0,0,0,0,0,0,0,0,12,0
240525,2,1,2000,0,0,0,0,0,0,0,0,0,0
240526,1,1,2000,0,0,0,0,0,0,0,0,0,0
240526,2,1,2000,0,0,0,0,0,0,0,0,0,0
240527,1,1,2000,0,0,0,0,0,0,0,0,0,0
240528,1,1,2000,14,14,14,14,14,14,14,14,14,14
240529,1,1,2000,0,0,0,0,0,0,0,0,0,0
240529,2,1,2000,0,0,0,0,0,0,0,0,0,0
240529,3,1,2000,0,0,0,0,0,0,0,0,0,0
240530,1,1,2000,0,0,0,0,0,0,0,0,0,0
240530,2,1,2000,0,0,0,0,0,0,0,0,0,0
240530,3,1,2000,0,0,0,0,0,0,0,0,0,0
240531,0,1,2000,33,33,33,33,33,33,33,33,33,33
240531,1,1,2000,0,20,0,0,0,0,0,0,13,0
240533,1,1,2000,0,4,0,0,0,0,0,0,0,0
240534,1,1,2000,0,0,0,0,0,0,0,0,0,0
240535,1,1,2000,0,0,0,0,0,0,12,0,0,0
240535,2,1,2000,0,0,0,0,0,0,0,0,0,0
240535,3,1,2000,0,0,0,0,0,0,0,0,0,0
240535,4,1,2000,0,0,0,0,0,0,0,0,0,0
240535,5,1,2000,0,0,0,0,0,0,0,0,0,0
240536,1,1,2000,0,0,0,0,0,0,0,0,0,0
240536,2,1,2000,0,0,0,0,0,0,0,0,0,0
240537,1,1,2000,9,9,9,9,9,9,9,9,9,9
240538,1,1,2000,0,22,8,0,10,0,0,0,0,0
240538,2,1,2000,0,0,0,0,10,0,0,0,0,16
240539,1,1,2000,16,16,16,16,16,16,16,16,16,16
240539,2,1,2000,0,0,0,0,4,0,0,0,0,0
240540,1,1,2000,11,11,11,11,11,11,11,11,11,11
240541,0,1,2000,20,20,20,20,20,20,20,20,20,20
240541,1,1,2000,0,0,0,0,0,0,0,0,0,0
240541,2,1,2000,0,0,0,0,0,0,0,0,0,0
240542,0,1,2000,24,24,24,24,24,24,24,24,24,24
240542,1,1,2000,0,0,0,0,0,0,0,0,0,0
240543,0,1,2000,14,14,14,14,14,14,14,14,14,14
240543,1,1,2000,0,8,0,0,0,10,0,0,0,0
240544,0,1,2000,11,11,11,11,11,11,11,11,11,11
240544,1,1,2000,7,7,7,7,7,7,7,7,7,7
240545,1,1,2000,0,0,0,0,0,0,0,0,0,0
240546,1,1,2000,0,0,0,0,0,9,0,0,0,0
240546,2,1,2000,35,35,35,35,35,35,35,35,35,35
240547,0,1,2000,0,0,0,0,0,0,0,0,0,0
240547,1,1,2000,0,0,0,0,0,0,0,0,0,0
240548,1,1,2000,0,0,0,0,0,0,14,0,0,0
240548,2,1,2000,0,0,0,0,0,0,0,0,0,0
240549,0,1,2000,0,0,0,0,0,0,0,0,0,0
240549,1,1,2000,0,0,0,0,0,0,0,0,0,0
240550,0,1,2000,0,0,0,0,0,0,0,0,0,0
240550,1,1,2000,0,10,23,18,1,19,8,0,0,19
240551,0,1,2000,36,36,36,36,36,36,36,36,36,36
240551,1,1,2000,0,0,0,11,0,0,0,0,0,0
240552,0,1,2000,0,0,0,0,0,0,0,0,0,0
240552,1,1,2000,0,0,16,0,0,0,0,0,16,0
250001,1,1,2000,0,0,0,0,0,0,0,0,0,0
250002,0,1,2000,33,25,12,13,30,8,23,0,0,29
250002,1,1,2000,0,5,23,0,0,0,0,0,9,0
250003,1,1,2000,0,10,0,28,0,0,0,0,0,21
250003,2,1,2000,0,0,0,0,0,0,0,13,0,14
250004,1,1,2000,0,0,0,0,0,0,0,0,0,0
250005,1,1,2000,0,0,0,0,0,0,0,0,0,7
250005,2,1,2000,0,0,0,0,0,0,25,0,0,0
250005,3,1,2000,0,0,0,0,0,0,0,0,0,0
250006,1,1,2000,0,0,0,0,0,0,0,0,0,0
250006,2,1,2000,12,12,12,12,12,12,12,12,12,12
250007,1,1,2000,0,0,0,0,0,0,0,0,0,0
250008,1,1,2000,0,0,0,0,0,0,0,0,0,0
250008,2,1,2000,3,3,3,3,3,3,3,3,3,3
250009,0,1,2000,0,0,0,0,0,0,0,0,0,0
250009,1,1,2000,0,0,0,0,0,0,0,14,0,0
250009,2,1,2000,0,0,0,0,0,0,0,0,0,0
250011,1,1,2000,0,0,0,0,0,0,0,0,0,0
250011,2,1,2000,0,0,0,0,0,0,0,0,0,0
250011,3,1,2000,0,0,0,0,0,0,0,0,0,0
250012,1,1,2000,0,0,0,0,0,0,0,0,0,0
250012,2,1,2000,0,16,0,27,0,8,0,0,0,0
250013,1,1,2000,0,0,0,0,0,0,0,0,0,0
250014,0,1,2000,14,14,14,14,14,14,14,14,14,14
250014,1,1,2000,0,0,0,0,0,17,22,0,0,0
250015,1,1,2000,24,21,13,16,31,15,11,28,20,8
250016,0,1,2000,0,0,0,0,0,0,0,0,0,0
250016,1,1,2000,0,0,0,0,0,0,0,0,0,0
250017,1,1,2000,0,0,0,0,0,0,0,0,0,0
250017,2,1,2000,0,0,0,0,0,0,0,0,0,0
250018,0,1,2000,0,0,0,0,0,0,0,0,0,0
250018,1,1,2000,0,0,0,0,15,6,20,0,0,0
250019,0,1,2000,0,0,0,0,0,0,0,0,10,0
250019,1,1,2000,0,0,0,0,0,0,0,0,0,0
250020,1,1,2000,0,0,14,0,0,0,0,0,0,0
250020,2,1,2000,0,0,0,0,0,0,0,0,0,0
250021,1,1,2000,19,19,19,19,19,19,19,19,19,19
250021,2,1,2000,3,0,0,0,0,0,0,0,6,0
250021,3,1,2000,0,0,3,0,0,0,0,0,0,7
250022,1,1,2000,11,11,11,11,11,11,11,11,11,11
250022,2,1,2000,0,0,0,0,0,0,0,0,0,0
250023,1,1,2000,0,0,0,0,0,0,0,0,0,0
250023,2,1,2000,0,0,0,0,0,0,0,0,0,0
250024,1,1,2000,0,0,0,0,0,0,0,0,0,0
250024,2,1,2000,16,0,0,10,0,0,0,0,4,0
250025,1,1,2000,20,0,23,18,28,19,17,24,0,27
250026,1,1,2000,16,32,10,8,16,22,17,18,30,16
250027,0,1,2000,0,0,0,0,0,0,0,0,0,0
250027,1,1,2000,0,0,0,0,0,0,0,0,11,0
250028,0,1,2000,0,0,0,0,0,0,0,0,0,0
250028,1,1,2000,0,23,0,0,6,0,0,14,0,0
250028,2,1,2000,0,6,0,0,0,0,0,0,0,0
250029,1,1,2000,4,0,0,0,0,0,0,0,0,0
250029,2,1,2000,0,0,0,0,0,0,0,0,0,0
250030,1,1,2000,0,0,0,0,0,0,0,0,0,0
250030,2,1,2000,28,18,0,0,0,25,0,16,23,15
250031,1,1,2000,20,9,0,19,0,9,33,0,24,0
250032,1,1,2000,0,9,11,9,19,11,18,18,24,8
250033,1,1,2000,21,21,21,21,21,21,21,21,21,21
250034,1,1,2000,0,0,0,0,0,0,0,0,0,0
250034,2,1,2000,23,23,23,23,23,23,23,23,23,23
250035,1,1,2000,0,0,0,0,0,0,0,0,0,0
250035,2,1,2000,0,0,0,0,0,0,0,0,0,0
250036,2,1,2000,0,0,0,0,0,0,0,0,0,0
250037,0,1,2000,12,12,12,12,12,12,12,12,12,12
250037,1,1,2000,0,0,15,19,0,0,12,0,0,0
250038,0,1,2000,26,26,26,26,26,26,26,26,26,26
250038,1,1,2000,17,7,0,0,18,0,6,21,14,11
250039,1,1,2000,11,11,11,11,11,11,11,11,11,11
250039,2,1,2000,0,0,0,0,0,0,0,0,0,0
250040,1,1,2000,0,0,0,0,3,0,16,0,0,0
250040,2,1,2000,0,0,0,0,0,0,0,0,0,0
250041,0,1,2000,35,35,35,35,35,35,35,35,35,35
250041,1,1,2000,0,0,0,0,0,0,0,0,0,0
250042,1,1,2000,28,28,28,28,28,28,28,28,28,28
250043,1,1,2000,26,22,18,0,0,24,37,13,27,0
250044,1,1,2000,0,0,0,0,0,0,0,0,0,0
250045,0,1,2000,0,0,0,0,0,0,0,0,0,0
250045,2,1,2000,11,0,0,0,0,0,15,0,18,0
250046,1,1,2000,0,0,0,0,0,0,0,0,0,0
250047,1,1,2000,18,2,0,0,13,20,0,0,0,0
250047,2,1,2000,0,0,0,0,0,0,0,9,0,0
250048,1,1,2000,6,6,6,6,6,6,6,6,6,6
250049,1,1,2000,0,0,0,0,0,0,0,0,0,0
250049,2,1,2000,0,0,11,0,26,0,0,7,2,13
250050,1,1,2000,0,0,0,0,0,0,0,0,0,0
250051,0,1,2000,0,0,0,20,0,13,0,0,0,15
250051,1,1,2000,0,0,0,0,0,10,0,0,0,0
250052,1,1,2000,16,21,28,0,17,0,23,0,0,0
250053,1,1,2000,0,0,0,0,0,0,0,0,0,0
250053,2,1,2000,0,0,0,0,0,0,0,0,0,0
250054,1,1,2000,0,34,12,22,27,11,20,8,15,31
250055,1,1,2000,0,0,0,0,0,0,0,0,0,0
250055,2,1,2000,0,0,0,0,0,0,0,0,0,0
250056,0,1,2000,0,0,0,0,0,0,0,0,0,0
250056,1,1,2000,0,0,0,0,0,0,0,0,0,0
250057,0,1,2000,33,33,33,33,33,33,33,33,33,33
250057,1,1,2000,27,9,2,16,29,13,11,20,19,13
250058,1,1,2000,2,2,2,2,2,2,2,2,2,2
250059,0,1,2000,0,0,0,0,0,0,0,0,0,0
250059,1,1,2000,5,6,0,0,0,0,0,0,0,0
250060,1,1,2000,0,0,0,0,0,0,0,0,0,0
250060,2,1,2000,0,0,0,0,0,0,0,0,0,0
250060,3,1,2000,0,0,0,0,16,0,0,0,0,0
250060,4,1,2000,0,0,0,0,0,14,0,0,0,0
250061,0,1,2000,0,0,0,0,0,0,0,0,0,0
250061,1,1,2000,0,0,3,0,0,0,0,0,0,0
250062,1,1,2000,0,0,0,0,0,0,0,0,0,0