ST_CASE,VEH_NO,PER_NO,YEAR,P1,P2,P3,P4,P5,P6,P7,P8,P9,P10
260182,1,1,2000,16,16,16,16,16,16,16,16,16,16
260183,1,1,2000,0,0,0,0,0,0,0,0,0,0
260183,2,1,2000,0,0,0,0,0,0,0,0,0,0
260184,1,1,2000,0,0,0,0,0,0,0,0,0,0
260184,2,1,2000,0,0,0,0,0,0,0,0,0,0
260185,1,1,2000,0,0,0,0,0,0,0,0,0,0
260185,2,1,2000,0,0,0,0,0,0,0,0,0,0
260186,1,1,2000,0,0,0,0,0,0,0,0,0,0
260186,2,1,2000,0,0,0,0,0,0,0,0,0,0
260187,1,1,2000,0,0,0,0,0,0,0,0,0,0
260187,2,1,2000,0,0,0,0,0,0,0,0,0,0
260188,1,1,2000,22,22,22,22,22,22,22,22,22,22
260189,1,1,2000,0,0,0,0,0,0,0,0,0,0
260190,1,1,2000,27,27,27,27,27,27,27,27,27,27
260190,2,1,2000,0,20,0,0,0,0,0,0,0,9
260191,1,1,2000,11,11,11,11,11,11,11,11,11,11
260192,1,1,2000,1,1,1,1,1,1,1,1,1,1
260192,2,1,2000,0,0,0,0,0,0,0,0,0,0
260193,1,1,2000,0,0,0,0,0,0,0,0,0,0
260193,2,1,2000,0,0,0,0,0,0,0,0,0,0
260194,1,1,2000,2,2,2,2,2,2,2,2,2,2
260194,2,1,2000,2,2,2,2,2,2,2,2,2,2
260195,1,1,2000,0,0,0,0,0,0,0,0,0,0
260195,2,1,2000,0,0,0,0,0,0,0,0,0,0
260196,1,1,2000,0,0,0,0,0,0,0,0,0,0
260196,2,1,2000,0,0,0,0,0,0,0,0,0,0
260197,1,1,2000,0,0,0,0,0,0,0,0,0,0
260198,1,1,2000,0,8,0,0,0,0,14,13,14,23
260198,2,1,2000,0,0,0,0,0,0,0,0,0,0
260199,1,1,2000,27,27,27,27,27,27,27,27,27,27
260200,0,1,2000,0,0,0,0,0,32,23,0,0,0
260200,1,1,2000,0,0,0,0,0,0,0,0,0,0
260201,1,1,2000,0,0,0,0,0,0,0,0,0,0
260202,1,1,2000,0,0,0,0,0,0,0,0,0,0
260202,2,1,2000,20,0,0,0,0,0,0,0,0,0
260203,1,1,2000,0,10,9,15,5,15,15,7,4,15
260204,1,1,2000,7,7,7,7,7,7,7,7,7,7
260204,2,1,2000,0,0,0,0,0,0,0,0,0,0
260205,1,1,2000,0,0,0,0,0,0,0,0,0,0
260206,1,1,2000,0,0,0,0,0,0,0,14,0,0
260207,0,1,2000,20,20,20,20,20,20,20,20,20,20
260207,1,1,2000,0,0,0,0,0,0,0,0,0,0
260208,1,1,2000,0,0,0,0,0,0,0,0,0,0
260208,2,1,2000,0,0,0,0,0,0,0,0,0,0
260209,1,1,2000,17,17,17,17,17,17,17,17,17,17
260210,1,1,2000,10,10,10,10,10,10,10,10,10,10
260211,1,1,2000,0,0,0,0,0,0,0,0,0,0
260212,1,1,2000,24,24,24,24,24,24,24,24,24,24
260213,0,1,2000,0,0,10,0,0,0,17,5,10,0
260213,1,1,2000,0,0,0,0,0,0,0,0,0,0
260214,1,1,2000,0,0,0,0,0,0,0,0,0,0
260214,2,1,2000,0,0,0,0,0,0,0,0,0,0
260215,1,1,2000,0,0,0,0,0,0,0,0,0,0
260215,2,1,2000,0,0,0,0,0,0,0,0,0,0
260216,1,1,2000,3,5,5,5,12,3,8,3,11,18
260217,1,1,2000,0,0,0,0,0,0,0,0,0,0
260217,2,1,2000,0,0,0,0,0,0,0,0,0,0
260218,0,1,2000,0,0,0,0,0,0,0,0,0,0
260218,1,1,2000,0,0,0,0,0,0,0,0,0,0
260219,1,1,2000,0,0,0,0,0,0,0,0,0,0
260220,1,1,2000,22,22,22,22,22,22,22,22,22,22
260221,1,1,2000,0,0,0,0,0,0,0,0,0,0
260221,2,1,2000,0,0,0,0,0,0,0,0,0,0
260222,1,1,2000,0,0,0,17,0,0,28,27,0,0
260222,2,1,2000,26,13,14,18,21,0,0,12,16,0
260222,3,1,2000,0,0,0,0,12,0,0,0,0,0
260223,1,1,2000,0,0,0,6,19,0,0,14,0,0
260224,0,1,2000,0,0,0,0,0,0,0,0,0,0
260224,1,1,2000,0,0,0,0,0,0,0,0,22,0
260225,1,1,2000,0,0,0,0,0,0,0,0,0,0
260226,1,1,2000,0,0,0,0,0,0,0,0,0,0
260227,1,1,2000,0,0,0,0,0,0,0,0,0,0
260228,1,1,2000,17,17,17,17,17,17,17,17,17,17
260229,1,1,2000,0,0,0,0,0,0,0,0,0,0
260229,2,1,2000,0,0,0,0,0,0,0,0,0,0
260230,1,1,2000,0,0,0,0,0,0,0,0,0,0
260230,2,1,2000,0,0,0,0,0,0,0,0,0,0
260231,1,1,2000,34,34,34,34,34,34,34,34,34,34
260231,2,1,2000,2,2,2,2,2,2,2,2,2,2
260231,3,1,2000,0,0,0,0,0,0,0,0,0,0
260232,1,1,2000,0,0,0,0,0,0,0,0,0,0
260233,1,1,2000,29,29,29,29,29,29,29,29,29,29
260234,1,1,2000,0,0,0,0,0,0,0,0,0,0
260235,0,1,2000,0,0,0,0,0,0,0,0,0,0
260235,1,1,2000,0,0,0,0,0,0,0,0,0,0
260236,1,1,2000,0,0,0,0,0,0,0,0,0,0
260236,2,1,2000,0,0,0,0,0,0,0,0,0,0
260237,1,1,2000,0,0,0,0,0,0,0,0,0,0
260237,2,1,2000,0,0,0,0,0,0,0,0,0,0
260238,1,1,2000,41,41,41,41,41,41,41,41,41,41
260239,1,1,2000,14,14,14,14,14,14,14,14,14,14
260240,1,1,2000,0,0,0,0,0,0,0,0,0,0
260240,2,1,2000,0,0,0,0,0,0,0,0,0,0
260241,1,1,2000,0,0,0,0,0,0,0,0,0,0
260241,2,1,2000,0,0,0,0,0,0,0,0,0,0
260242,1,1,2000,0,0,0,0,0,0,0,0,0,0
260242,2,1,2000,0,0,0,0,0,0,0,0,0,0
260242,3,1,2000,0,0,0,0,0,0,0,0,0,0
260243,1,1,2000,0,0,0,0,0,0,0,0,0,0
260245,1,1,2000,8,8,8,8,8,8,8,8,8,8
260246,0,1,2000,31,31,31,31,31,31,31,31,31,31
260246,1,1,2000,0,0,0,0,0,0,0,0,0,0
260247,1,1,2000,7,7,7,7,7,7,7,7,7,7
260248,1,1,2000,21,21,21,21,21,21,21,21,21,21
260249,1,1,2000,17,28,24,14,5,17,18,10,14,12
260249,2,1,2000,0,0,10,0,8,0,27,0,0,0
260249,3,1,2000,0,0,0,0,0,7,0,0,0,0
260250,1,1,2000,0,0,0,0,18,0,0,0,0,0
260251,1,1,2000,0,0,0,0,0,0,0,0,0,0
260252,1,1,2000,0,0,0,0,0,0,0,0,0,0
260252,2,1,2000,0,0,0,0,0,0,0,0,0,0
260253,1,1,2000,0,0,0,0,8,0,0,0,21,0
260253,2,1,2000,0,0,0,0,0,0,0,0,0,0
260254,1,1,2000,18,18,18,18,18,18,18,18,18,18
260255,1,1,2000,0,0,0,0,0,0,0,0,0,0
260255,2,1,2000,0,0,0,0,0,0,0,12,0,0
260256,1,1,2000,20,20,20,20,20,20,20,20,20,20
260257,1,1,2000,0,0,0,0,0,0,0,0,0,0
260257,2,1,2000,0,0,0,0,0,0,0,0,0,0
260258,1,1,2000,0,0,0,0,0,0,0,0,0,0
260259,1,1,2000,3,3,3,3,3,3,3,3,3,3
260260,1,1,2000,8,8,8,8,8,8,8,8,8,8
260261,1,1,2000,0,0,0,0,0,0,0,0,0,0
260261,2,1,2000,0,0,0,0,0,0,0,0,0,0
260262,0,1,2000,27,27,27,27,27,27,27,27,27,27
260262,1,1,2000,0,5,6,0,0,0,0,0,0,25
260263,1,1,2000,0,0,0,0,0,0,0,0,11,0
260263,2,1,2000,12,12,12,12,12,12,12,12,12,12
260264,1,1,2000,0,0,0,0,0,0,0,0,0,0
260265,0,1,2000,0,0,0,0,47,0,0,0,0,0
260265,1,1,2000,0,0,0,0,0,0,0,0,0,0
260266,1,1,2000,0,0,0,0,0,0,0,0,0,0
260266,2,1,2000,0,0,0,0,0,0,0,0,0,0
260266,3,1,2000,0,0,0,0,0,0,0,0,0,0
260266,4,1,2000,0,0,0,0,0,0,0,0,0,0
260267,0,1,2000,23,23,23,23,23,23,23,23,23,23
260267,1,1,2000,0,0,0,0,0,0,0,0,0,0
260268,1,1,2000,16,16,16,16,16,16,16,16,16,16
260269,1,1,2000,0,0,0,0,0,0,0,0,0,0
260269,2,1,2000,0,0,0,0,0,0,0,0,0,0
260270,1,1,2000,0,0,0,0,0,0,0,0,0,0
260270,2,1,2000,0,0,0,0,0,0,0,0,0,0
260271,1,1,2000,11,11,11,11,11,11,11,11,11,11
260271,2,1,2000,18,18,18,18,18,18,18,18,18,18
260272,0,1,2000,36,36,36,36,36,36,36,36,36,36
260272,1,1,2000,0,0,0,0,0,13,0,0,0,0
260273,0,1,2000,22,22,22,22,22,22,22,22,22,22
260273,1,1,2000,0,0,0,0,0,0,0,0,0,0
260274,1,1,2000,0,0,0,0,0,0,0,0,0,0
260274,2,1,2000,0,0,0,0,0,0,0,0,0,0
260274,3,1,2000,0,0,0,0,0,0,0,0,0,0
260275,1,1,2000,0,0,0,0,0,0,0,0,0,0
260275,2,1,2000,0,0,0,0,0,30,0,0,0,0
260276,1,1,2000,0,0,0,0,0,0,0,0,0,0
260276,2,1,2000,0,0,0,0,0,0,0,0,0,0
260277,1,1,2000,0,0,0,0,0,0,0,0,0,0
260277,2,1,2000,0,0,0,0,0,0,0,0,0,0
260278,1,1,2000,22,0,0,0,0,0,0,0,0,0
260278,2,1,2000,0,0,0,0,0,0,0,0,0,0
260279,1,1,2000,18,18,18,18,18,18,18,18,18,18
260280,1,1,2000,9,9,9,9,9,9,9,9,9,9
260280,2,1,2000,0,0,0,0,0,0,0,0,22,0
260281,1,1,2000,19,31,38,26,23,14,6,14,19,25
260282,1,1,2000,0,0,0,0,0,0,0,0,0,0
260282,2,1,2000,0,0,0,0,0,0,0,0,0,0
260283,1,1,2000,0,0,0,0,0,0,0,0,0,0
260283,2,1,2000,0,0,0,0,0,0,0,0,0,0
260284,1,1,2000,0,0,0,0,0,0,0,0,0,0
260284,2,1,2000,0,0,0,0,0,0,0,0,0,0
260285,1,1,2000,20,20,20,20,20,20,20,20,20,20
260286,1,1,2000,0,0,0,0,0,0,0,0,0,0
260286,2,1,2000,0,0,0,0,0,0,0,0,0,0
260287,1,1,2000,10,10,10,10,10,10,10,10,10,10
260288,1,1,2000,0,0,0,0,0,0,0,0,0,0
260288,2,1,2000,0,0,0,0,0,0,0,0,0,0
260289,1,1,2000,0,0,0,0,0,0,0,0,0,0
260289,2,1,2000,0,0,7,0,0,0,0,0,0,0
260290,1,1,2000,11,11,11,11,11,11,11,11,11,11
260291,1,1,2000,18,18,18,18,18,18,18,18,18,18
260291,2,1,2000,0,0,0,0,0,0,0,0,0,0
260292,1,1,2000,14,14,14,14,14,14,14,14,14,14
260293,1,1,2000,0,0,0,0,0,0,0,0,0,0
260293,2,1,2000,0,0,0,0,0,0,0,0,0,0
260294,1,1,2000,0,14,0,11,13,11,17,8,8,2
260295,1,1,2000,0,0,0,0,0,0,0,0,0,0
260296,1,1,2000,0,0,0,0,0,0,0,0,0,0
260296,2,1,2000,0,0,0,0,0,0,0,0,0,0
260297,1,1,2000,21,10,0,0,18,21,41,9,22,20
260297,2,1,2000,0,0,0,0,0,0,0,0,0,0
260298,1,1,2000,0,0,0,0,0,0,0,0,0,0
260298,2,1,2000,13,13,13,13,13,13,13,13,13,13
260299,1,1,2000,19,19,19,19,19,19,19,19,19,19
260299,2,1,2000,0,0,0,0,0,0,0,0,0,0
260300,1,1,2000,23,23,23,23,23,23,23,23,23,23
260301,1,1,2000,15,15,15,15,15,15,15,15,15,15
260301,2,1,2000,0,0,0,0,0,0,0,0,0,0
260301,3,1,2000,0,0,19,0,0,0,0,0,0,0
260302,1,1,2000,0,0,0,0,0,0,0,0,0,0
260302,2,1,2000,0,0,0,0,0,0,0,0,0,0
260302,3,1,2000,0,0,0,0,0,0,0,0,0,0
260303,1,1,2000,15,15,15,15,15,15,15,15,15,15
260303,2,1,2000,0,0,0,0,0,0,23,0,0,0
260303,3,1,2000,0,0,0,0,0,11,0,0,0,10
260304,1,1,2000,0,0,0,0,0,0,0,0,0,0
260304,2,1,2000,0,0,0,0,0,0,0,0,0,0
260304,3,1,2000,0,0,0,0,0,0,0,0,0,0
260305,0,1,2000,0,0,0,0,0,0,0,0,0,0
260305,1,1,2000,10,19,29,21,0,31,8,15,18,13
260306,1,1,2000,0,0,0,0,0,0,0,0,0,0
260306,2,1,2000,0,0,0,0,0,0,0,0,0,0
260307,1,1,2000,17,17,17,17,17,17,17,17,17,17
260308,1,1,2000,0,0,0,0,0,0,0,0,0,0
260308,2,1,2000,0,0,0,0,0,0,0,0,0,0
260309,0,1,2000,0,0,0,0,0,0,0,0,0,0
260309,1,1,2000,0,0,0,0,0,0,0,0,2,0
260309,2,1,2000,0,0,0,0,0,0,0,0,0,0
260310,1,1,2000,24,24,24,24,24,24,24,24,24,24
260310,2,1,2000,0,0,0,0,0,0,0,0,0,0
260310,3,1,2000,0,0,0,0,0,0,0,0,0,0
260311,1,1,2000,0,0,0,0,0,0,0,0,0,0
260311,2,1,2000,0,0,0,0,0,0,0,0,0,0
260311,3,1,2000,0,0,0,0,0,0,0,0,0,0
260312,1,1,2000,13,13,13,13,13,13,13,13,13,13
260312,2,1,2000,0,18,18,17,0,16,7,17,7,20
260312,3,1,2000,0,0,0,0,3,0,0,25,0,0
260312,4,1,2000,0,0,0,0,0,0,0,0,0,0
260313,1,1,2000,5,5,5,5,5,5,5,5,5,5
260314,1,1,2000,22,22,22,22,22,22,22,22,22,22
260315,0,1,2000,0,0,0,0,0,0,0,0,0,0
260315,1,1,2000,0,0,0,0,0,0,0,0,0,0
260316,0,1,2000,0,6,0,15,27,28,23,28,21,19
260316,1,1,2000,0,0,0,0,0,0,0,0,0,0
260317,1,1,2000,0,0,0,0,0,0,0,0,0,0
260318,0,1,2000,0,0,0,0,0,0,0,0,0,0
260318,1,1,2000,0,0,0,0,0,0,0,0,0,0
260319,0,1,2000,0,0,0,0,0,0,0,0,0,0
260319,1,1,2000,0,0,0,0,0,0,0,0,0,0
260320,0,1,2000,0,0,0,0,0,0,0,0,0,0
260320,1,1,2000,0,19,14,0,0,0,0,0,0,0
260321,1,1,2000,0,0,0,0,0,0,0,0,0,0
260321,2,1,2000,0,0,0,0,0,0,0,0,0,0
260321,3,1,2000,0,0,0,0,0,0,0,0,0,0
260322,1,1,2000,0,0,0,0,0,0,0,0,0,0
260323,0,1,2000,0,0,0,0,0,0,0,0,0,0
260323,1,1,2000,0,0,0,0,0,0,0,0,14,0
260324,1,1,2000,0,0,0,0,0,0,0,0,0,0
260325,1,1,2000,0,0,0,0,0,0,0,0,0,0
260325,2,1,2000,0,0,0,0,0,0,0,0,0,0
260325,3,1,2000,0,0,0,0,0,0,0,0,0,0
260326,1,1,2000,0,0,0,0,0,0,0,12,0,12
260326,2,1,2000,0,0,0,0,0,0,0,0,0,0
260327,0,1,2000,0,0,0,0,0,0,0,0,0,0
260327,1,1,2000,0,0,0,0,0,0,0,0,0,0
260328,0,1,2000,0,0,0,0,0,0,0,0,0,0
260328,1,1,2000,7,0,0,0,0,0,0,0,0,0
260329,1,1,2000,0,0,0,0,0,0,0,0,0,0
260330,1,1,2000,0,0,0,0,0,0,0,0,0,0
260330,2,1,2000,0,0,0,0,13,5,0,0,13,0
260331,1,1,2000,0,0,0,0,0,0,0,0,0,0
260331,2,1,2000,0,0,0,0,0,0,0,0,0,0
260332,1,1,2000,0,0,0,0,0,0,0,0,0,0
260332,2,1,2000,0,0,0,0,0,14,19,10,0,0
260333,1,1,2000,0,0,0,0,0,0,0,0,0,0
260334,1,1,2000,17,17,17,17,17,17,17,17,17,17
260335,1,1,2000,0,0,0,0,0,0,0,0,0,0
260335,2,1,2000,12,12,12,12,12,12,12,12,12,12
260336,1,1,2000,0,0,0,0,0,0,0,0,0,0
260336,2,1,2000,0,0,0,0,0,0,0,0,0,0
260336,3,1,2000,5,5,5,5,5,5,5,5,5,5
260337,0,1,2000,35,35,35,35,35,35,35,35,35,35
260337,1,1,2000,0,0,0,0,0,0,2,17,0,0
260338,1,1,2000,0,0,0,0,0,0,0,0,0,0
260338,2,1,2000,0,0,0,0,0,0,0,0,0,0
260339,1,1,2000,21,21,21,21,21,21,21,21,21,21
260339,2,1,2000,0,0,12,0,4,0,0,0,0,0
260340,0,1,2000,0,0,0,0,0,0,0,0,0,0
260340,1,1,2000,0,0,0,0,0,0,0,0,0,0
260341,1,1,2000,0,12,0,0,0,36,33,11,18,30
260341,2,1,2000,9,9,9,9,9,9,9,9,9,9
260342,1,1,2000,0,0,0,14,0,11,0,0,0,0
260342,2,1,2000,14,14,14,14,14,14,14,14,14,14
260343,1,1,2000,0,0,0,0,0,0,0,0,0,0
260343,2,1,2000,0,0,0,0,0,0,0,0,0,0
260344,1,1,2000,0,0,0,0,0,0,0,19,28,0
260344,2,1,2000,0,0,0,0,0,0,0,0,0,0
260344,3,1,2000,0,0,0,0,0,0,0,0,0,0
260345,1,1,2000,0,0,0,0,0,5,0,5,0,0
260346,1,1,2000,0,0,0,0,0,0,0,0,0,0
260347,1,1,2000,0,0,0,0,0,0,0,0,0,0
260348,1,1,2000,19,19,19,19,19,19,19,19,19,19
260348,2,1,2000,0,0,0,0,0,0,0,0,0,0
260349,1,1,2000,0,0,0,0,0,0,0,0,0,0
260350,1,1,2000,0,0,0,0,0,0,0,0,0,0
260350,2,1,2000,0,0,0,0,0,0,0,0,0,0
260351,1,1,2000,8,18,17,4,3,13,14,19,25,10
260352,1,1,2000,10,0,0,0,0,0,0,0,24,0
260352,2,1,2000,0,0,0,0,0,0,0,0,0,0
260353,1,1,2000,0,0,0,0,0,0,0,0,0,0
260353,2,1,2000,0,0,0,0,7,0,0,0,0,0
260354,1,1,2000,0,0,0,0,0,0,0,0,0,0
260354,2,1,2000,0,0,0,0,0,0,0,0,0,0
260355,1,1,2000,0,0,0,0,0,0,0,0,0,0
260355,2,1,2000,0,0,0,0,0,0,0,0,0,0
260356,1,1,2000,0,0,0,0,0,0,0,0,0,0
260356,2,1,2000,0,0,0,0,0,0,0,0,0,0
260357,1,1,2000,6,6,6,6,6,6,6,6,6,6
260357,2,1,2000,0,0,22,0,0,0,0,23,3,0
260357,3,1,2000,0,0,0,0,0,0,0,0,0,0
260357,4,1,2000,14,0,0,0,0,0,0,0,0,0
260357,5,1,2000,0,0,0,0,0,0,0,0,0,0
260358,1,1,2000,0,6,0,0,0,0,0,0,0,0
260358,2,1,2000,0,0,0,0,0,0,0,0,0,0
260359,1,1,2000,0,0,0,0,0,0,0,0,0,0
260359,2,1,2000,0,0,0,0,0,0,0,0,0,0
260360,1,1,2000,0,0,0,0,0,0,0,0,0,0
260360,2,1,2000,0,0,0,0,0,0,0,6,0,0
260361,1,1,2000,0,0,0,0,0,0,0,0,0,0
260361,2,1,2000,0,0,0,0,0,0,0,0,0,0
260362,1,1,2000,0,0,0,0,0,0,0,0,0,0
260363,1,1,2000,14,14,14,14,14,14,14,14,14,14
260363,2,1,2000,14,0,16,0,5,0,0,0,0,21
260364,1,1,2000,0,0,0,0,0,0,0,0,0,0
260364,2,1,2000,12,11,15,9,7,6,10,13,20,6
260365,1,1,2000,0,0,0,0,0,0,0,0,0,0
260365,2,1,2000,0,0,0,0,0,0,0,0,0,0
260366,1,1,2000,0,0,0,0,0,0,0,0,0,0
260366,2,1,2000,0,0,0,0,0,0,0,0,0,0
260367,1,1,2000,0,0,0,0,0,0,0,0,0,0
260367,2,1,2000,0,0,0,0,0,0,0,0,0,0
260368,1,1,2000,0,0,0,0,0,0,0,0,0,0
260368,2,1,2000,0,0,0,0,0,0,0,0,0,0
260369,1,1,2000,0,0,0,0,0,0,0,0,0,0
260369,2,1,2000,0,0,0,0,0,0,0,0,0,0
260370,0,1,2000,0,0,0,0,0,0,0,0,0,0
260370,1,1,2000,0,0,0,0,0,0,0,0,0,0
260371,1,1,2000,16,20,18,13,17,16,18,20,21,19
260372,1,1,2000,0,0,0,0,0,0,0,0,0,0
260373,1,1,2000,0,0,0,0,0,0,0,0,0,0
260374,1,1,2000,0,0,0,0,0,0,0,0,0,0
260374,2,1,2000,0,0,0,0,0,0,0,0,0,0
260374,3,1,2000,0,0,0,0,0,0,0,0,0,0
260375,1,1,2000,0,0,0,0,0,0,0,0,0,2
260376,1,1,2000,0,0,0,0,0,0,0,0,0,0
260376,2,1,2000,0,0,0,0,0,0,0,13,0,0
260377,1,1,2000,0,0,0,0,0,0,0,0,0,0
260377,2,1,2000,0,0,0,0,0,0,0,0,0,0
260377,3,1,2000,0,0,0,0,0,0,0,0,0,0
260378,1,1,2000,13,13,13,13,13,13,13,13,13,13
260379,1,1,2000,0,0,0,0,0,0,0,0,0,0
260380,1,1,2000,23,23,23,23,23,23,23,23,23,23
260381,1,1,2000,9,9,9,9,9,9,9,9,9,9
260382,1,1,2000,14,14,14,14,14,14,14,14,14,14
260383,1,1,2000,14,0,0,0,0,14,0,0,0,0
260384,1,1,2000,0,0,0,0,0,0,0,0,0,0
260384,2,1,2000,0,0,0,0,0,0,0,0,0,0
260385,1,1,2000,0,0,0,0,0,0,0,0,0,0
260386,1,1,2000,0,0,0,0,0,0,0,0,0,0
260386,2,1,2000,0,0,0,0,0,0,0,0,0,0
260387,1,1,2000,0,0,0,0,0,0,0,0,0,0
260387,2,1,2000,0,0,0,0,0,0,0,0,0,0
260388,1,1,2000,0,0,0,0,0,0,0,0,0,0
260389,0,1,2000,0,0,0,0,0,0,0,0,0,0
260389,1,1,2000,0,0,0,0,0,0,0,0,0,0
260390,1,1,2000,28,0,0,0,11,0,0,0,0,0
260390,2,1,2000,0,0,0,0,0,0,0,0,0,0
260391,1,1,2000,0,0,0,0,0,0,0,0,0,0
260392,1,1,2000,14,14,14,14,14,14,14,14,14,14
260393,1,1,2000,0,0,0,0,0,0,0,0,0,0
260394,1,1,2000,0,0,0,0,0,0,0,0,0,0
260395,1,1,2000,0,0,12,0,11,0,0,23,0,0
260395,2,1,2000,0,0,0,0,0,0,0,0,0,0
260396,1,1,2000,0,0,0,0,0,0,0,0,0,0
260396,2,1,2000,0,0,0,0,0,16,0,0,0,0
260397,1,1,2000,0,0,0,0,0,0,0,0,0,0
260397,2,1,2000,0,0,0,0,0,0,0,0,0,0
260398,1,1,2000,0,0,0,0,0,0,0,0,0,0
260398,2,1,2000,0,0,0,0,0,0,0,0,0,0
260399,1,1,2000,28,28,28,28,28,28,28,28,28,28
260400,1,1,2000,4,4,4,4,4,4,4,4,4,4
260401,1,1,2000,15,19,16,18,6,24,8,20,10,16
260402,0,1,2000,0,0,0,0,0,0,0,0,0,0
260402,1,1,2000,0,0,10,0,0,0,0,9,0,0
260403,1,1,2000,3,3,3,3,3,3,3,3,3,3
260404,1,1,2000,6,0,17,0,0,0,0,0,0,11
260405,1,1,2000,0,0,0,0,0,0,0,0,0,0
260406,0,1,2000,8,8,8,8,8,8,8,8,8,8
260406,1,1,2000,0,0,0,0,0,0,0,0,0,0
260407,1,1,2000,0,0,0,11,0,0,0,0,0,0
260408,0,1,2000,9,9,9,9,9,9,9,9,9,9
260408,1,1,2000,10,10,19,27,19,23,0,0,0,13
260409,1,1,2000,0,0,0,0,0,0,0,0,0,0
260409,2,1,2000,0,0,0,0,0,0,0,0,0,0
260410,2,1,2000,23,23,23,23,23,23,23,23,23,23
260411,0,1,2000,0,0,0,0,0,0,0,0,0,0
260411,1,1,2000,0,0,0,0,0,0,0,0,0,0
260412,1,1,2000,0,0,0,0,0,0,0,0,0,0
260412,2,1,2000,0,0,0,0,0,0,0,0,0,0
260412,3,1,2000,0,0,0,0,0,0,0,0,0,0
260413,0,1,2000,0,0,0,0,0,0,0,0,0,0
260413,1,1,2000,0,31,0,0,0,6,11,22,0,17
260414,1,1,2000,12,12,12,12,12,12,12,12,12,12
260415,1,1,2000,0,0,0,0,0,0,0,0,0,0
260416,1,1,2000,25,25,25,25,25,25,25,25,25,25
260417,1,1,2000,0,0,0,0,0,0,0,0,0,0
260417,2,1,2000,0,0,0,0,0,0,0,0,0,0
260418,1,1,2000,0,0,0,0,0,0,0,0,0,0
260419,1,1,2000,24,24,24,24,24,24,24,24,24,24
260420,1,1,2000,3,3,3,3,3,3,3,3,3,3
260420,2,1,2000,11,0,0,0,0,0,0,12,0,7
260421,1,1,2000,0,0,0,0,0,0,0,0,0,0
260421,2,1,2000,0,0,0,0,0,0,0,0,0,0
260422,0,1,2000,0,0,0,0,0,0,0,0,0,0
260422,1,1,2000,0,0,0,0,0,0,0,0,0,0
260423,1,1,2000,13,2,16,15,9,10,17,24,6,10
260423,2,1,2000,0,0,0,0,0,0,0,0,0,0
260424,0,1,2000,0,0,0,0,0,0,0,0,0,0
260424,1,1,2000,0,0,0,0,0,0,0,0,0,0
260425,1,1,2000,17,17,17,17,17,17,17,17,17,17
260426,1,1,2000,0,17,0,0,0,0,0,0,0,0
260426,2,1,2000,0,0,0,0,0,0,0,0,0,0
260427,1,1,2000,22,22,22,22,22,22,22,22,22,22
260428,1,1,2000,0,0,0,0,0,0,0,0,0,0
260428,2,1,2000,0,0,0,0,0,0,0,0,0,0
260428,3,1,2000,0,0,0,0,0,0,0,0,0,0
260429,1,1,2000,0,0,0,0,0,0,0,0,0,0
260430,1,1,2000,22,22,22,22,22,22,22,22,22,22
260430,2,1,2000,0,0,0,0,0,0,0,0,0,0
260431,1,1,2000,0,0,0,0,0,0,0,0,0,0
260431,2,1,2000,0,0,0,0,0,0,0,0,0,0
260432,1,1,2000,0,0,0,0,0,0,0,0,0,0
260432,2,1,2000,0,0,0,0,0,0,0,0,0,0
260433,1,1,2000,0,0,0,0,0,0,0,0,0,0
260434,1,1,2000,11,11,11,11,11,11,11,11,11,11
260435,1,1,2000,0,0,0,0,0,0,0,0,0,0
260435,2,1,2000,0,0,0,0,0,0,0,0,0,0
260436,1,1,2000,0,0,0,0,0,0,0,0,0,0
260437,0,1,2000,4,0,19,0,45,23,31,14,0,0
260437,1,1,2000,0,0,0,0,0,0,0,0,0,0
260438,1,1,2000,16,0,0,0,0,13,0,0,0,0
260439,1,1,2000,0,0,0,0,0,0,0,0,0,0
260439,2,1,2000,0,0,0,0,0,0,0,0,0,0
260439,3,1,2000,0,0,0,0,0,0,0,0,0,0
260440,1,1,2000,0,0,0,0,0,0,0,0,0,0
260440,2,1,2000,0,0,0,0,0,0,0,0,0,0
260441,0,1,2000,0,0,0,0,0,0,0,0,0,0
260441,1,1,2000,0,0,0,0,0,0,0,0,0,0
260442,1,1,2000,2,2,2,2,2,2,2,2,2,2
260442,2,1,2000,0,0,12,0,0,0,0,0,20,0
260443,1,1,2000,0,0,0,0,0,0,0,0,0,0
260443,2,1,2000,0,0,0,0,0,0,0,0,0,0
260444,0,1,2000,9,9,9,9,9,9,9,9,9,9
260444,1,1,2000,4,15,14,22,13,18,6,3,0,15
260445,1,1,2000,0,0,0,0,0,0,0,0,0,0
260445,2,1,2000,0,0,0,0,0,0,0,0,0,0
260445,3,1,2000,0,0,0,0,0,0,0,0,0,0
260446,1,1,2000,0,0,0,0,0,0,0,0,0,0
260446,2,1,2000,0,0,0,0,0,0,0,0,0,0
260447,1,1,2000,0,0,0,0,0,0,0,0,0,0
260447,2,1,2000,0,0,0,0,0,0,0,0,0,0
260447,3,1,2000,0,0,0,0,0,0,0,0,0,0
260448,1,1,2000,0,0,0,0,0,0,0,0,0,0
260448,2,1,2000,0,0,0,0,0,0,0,0,0,0
260448,3,1,2000,0,0,0,0,0,26,0,0,0,0
260449,1,1,2000,0,0,0,0,0,0,0,0,0,0
260449,2,1,2000,0,0,0,0,0,0,0,0,0,0
260450,1,1,2000,0,0,0,0,0,0,0,0,0,0