ST_CASE,VEH_NO,PER_NO,YEAR,P1,P2,P3,P4,P5,P6,P7,P8,P9,P10
260968,1,1,2000,5,5,5,5,5,5,5,5,5,5
260968,2,1,2000,19,19,19,19,19,19,19,19,19,19
260969,0,1,2000,6,6,6,6,6,6,6,6,6,6
260969,1,1,2000,0,0,0,0,0,0,0,0,0,0
260970,1,1,2000,30,30,30,30,30,30,30,30,30,30
260971,1,1,2000,0,0,0,0,0,0,0,0,0,0
260971,2,1,2000,0,0,0,0,0,0,0,0,0,0
260972,1,1,2000,0,0,0,0,0,0,0,0,0,0
260972,2,1,2000,8,25,7,18,16,10,0,10,8,9
260973,1,1,2000,0,0,0,0,0,0,0,0,0,0
260973,2,1,2000,0,0,0,0,0,0,0,0,0,0
260974,1,1,2000,0,0,0,0,0,0,0,0,0,0
260975,1,1,2000,9,9,9,9,9,9,9,9,9,9
260975,2,1,2000,0,0,0,0,0,0,0,0,0,0
260976,1,1,2000,0,0,0,0,0,0,0,0,0,0
260976,2,1,2000,0,0,0,0,0,0,0,0,0,0
260977,1,1,2000,0,0,0,0,0,0,0,0,0,0
260978,1,1,2000,0,0,0,0,0,0,0,0,0,0
260978,2,1,2000,0,0,0,0,0,0,0,0,0,0
260979,1,1,2000,0,0,0,0,0,0,0,0,0,0
260979,2,1,2000,0,0,0,0,0,0,0,0,0,0
260980,1,1,2000,0,0,0,0,0,0,0,0,0,0
260980,2,1,2000,0,0,0,0,0,0,0,11,0,0
260981,1,1,2000,0,0,0,0,0,0,0,0,0,0
260982,1,1,2000,0,0,0,0,0,0,0,0,0,0
260982,2,1,2000,4,0,0,0,0,0,0,0,0,0
260983,1,1,2000,0,0,0,0,0,0,0,0,0,0
260983,2,1,2000,0,0,0,0,0,0,0,0,0,0
260984,1,1,2000,0,0,0,0,0,0,0,0,0,0
260984,2,1,2000,0,0,0,0,0,0,0,0,0,0
260985,0,1,2000,33,33,33,33,33,33,33,33,33,33
260985,1,1,2000,0,0,0,0,0,0,0,0,0,0
260986,1,1,2000,0,0,0,0,0,0,0,0,0,0
260986,2,1,2000,0,0,0,0,0,0,0,0,0,0
260987,0,1,2000,0,0,19,0,0,0,0,0,0,0
260987,1,1,2000,0,0,0,0,0,0,0,0,0,0
260988,1,1,2000,13,13,13,13,13,13,13,13,13,13
260989,0,1,2000,8,8,8,8,8,8,8,8,8,8
260989,1,1,2000,0,0,0,0,0,0,0,0,0,0
260990,1,1,2000,17,17,17,17,17,17,17,17,17,17
260991,1,1,2000,12,12,12,12,12,12,12,12,12,12
260991,2,1,2000,0,0,0,0,0,0,0,13,0,0
260992,0,1,2000,32,32,32,32,32,32,32,32,32,32
260992,1,1,2000,0,0,0,0,0,0,0,0,0,0
260993,0,1,2000,10,0,10,33,0,0,0,0,0,0
260993,0,2,2000,13,0,39,0,0,0,0,0,13,0
260993,1,1,2000,23,23,13,0,2,0,7,0,12,0
260994,1,1,2000,0,19,0,0,0,0,0,0,0,0
260995,1,1,2000,0,0,0,0,0,0,0,0,0,0
260995,2,1,2000,0,8,0,0,0,0,0,0,0,0
260996,0,1,2000,0,0,0,0,0,0,0,0,0,0
260996,1,1,2000,0,0,0,0,0,0,0,0,0,0
260997,1,1,2000,0,0,0,0,0,0,0,0,0,0
260997,2,1,2000,0,0,0,0,0,0,0,0,0,0
260998,1,1,2000,0,0,0,0,0,0,0,0,0,0
260998,2,1,2000,0,0,0,0,0,0,0,0,0,0
260998,3,1,2000,0,0,0,0,0,0,0,0,0,0
260999,1,1,2000,0,0,0,0,0,0,0,0,0,0
260999,2,1,2000,0,0,0,0,0,0,0,0,0,0
261000,1,1,2000,0,0,0,0,0,0,0,0,0,0
261000,2,1,2000,0,0,0,0,0,0,0,0,0,0
261000,3,1,2000,11,0,0,0,0,25,0,0,0,0
261001,1,1,2000,32,32,32,32,32,32,32,32,32,32
261001,2,1,2000,0,0,0,0,0,0,0,0,0,0
261002,0,1,2000,0,0,0,0,0,0,0,0,0,0
261002,1,1,2000,0,0,0,0,0,9,0,0,0,0
261003,0,1,2000,0,0,0,0,0,0,0,0,0,0
261003,1,1,2000,0,0,0,0,0,0,0,0,0,0
261004,1,1,2000,17,17,17,17,17,17,17,17,17,17
261004,2,1,2000,15,15,15,15,15,15,15,15,15,15
261004,3,1,2000,0,0,0,0,0,0,0,0,0,0
261005,1,1,2000,41,41,41,41,41,41,41,41,41,41
261005,2,1,2000,0,0,0,0,0,0,0,0,0,0
261005,3,1,2000,0,0,0,0,0,0,0,0,0,0
261006,1,1,2000,0,0,0,0,0,0,0,0,0,0
261006,2,1,2000,0,0,0,0,0,0,0,0,0,0
261007,1,1,2000,0,0,0,0,0,0,0,0,0,0
261007,2,1,2000,0,0,0,0,19,0,0,0,0,0
261008,1,1,2000,0,0,0,0,0,0,0,0,0,0
261008,2,1,2000,0,0,0,0,0,0,0,0,0,0
261009,1,1,2000,0,0,0,0,0,0,0,0,0,0
261009,2,1,2000,0,0,0,0,0,0,0,0,0,0
261010,1,1,2000,0,0,0,0,0,0,0,0,0,0
261010,2,1,2000,0,0,0,0,0,0,0,0,0,0
261011,1,1,2000,0,0,0,0,0,0,0,0,0,0
261011,2,1,2000,0,0,0,0,0,0,0,0,0,0
261012,1,1,2000,0,0,0,0,0,0,0,0,0,0
261013,1,1,2000,0,0,0,0,0,0,0,0,0,0
261013,2,1,2000,0,0,0,0,0,0,0,0,0,0
261013,3,1,2000,0,0,0,0,0,0,0,0,0,0
261014,1,1,2000,0,0,0,0,0,0,0,0,0,0
261014,2,1,2000,0,0,0,0,0,5,0,0,0,0
261015,0,1,2000,0,0,0,0,0,0,0,0,0,0
261015,1,1,2000,0,0,0,0,0,0,0,0,0,0
261016,0,1,2000,8,8,8,8,8,8,8,8,8,8
261016,1,1,2000,0,0,0,0,0,0,0,0,0,0
261017,1,1,2000,0,0,0,0,0,0,0,0,0,0
261017,2,1,2000,0,0,0,0,0,0,0,0,0,0
261018,1,1,2000,0,0,0,0,0,0,0,0,0,0
261018,2,1,2000,0,0,0,0,0,0,0,0,0,0
261019,1,1,2000,0,0,0,0,0,0,0,0,0,0
261019,2,1,2000,0,0,0,0,0,0,0,0,0,0
261020,1,1,2000,0,0,0,0,0,0,0,0,0,0
261020,2,1,2000,0,0,0,0,0,0,8,0,0,0
261021,0,1,2000,0,0,0,0,0,0,0,0,0,0
261021,1,1,2000,0,0,0,0,0,0,0,0,0,0
261022,0,1,2000,0,0,0,0,0,0,0,0,0,0
261022,1,1,2000,0,0,0,0,0,0,4,14,0,0
261023,0,1,2000,8,8,8,8,8,8,8,8,8,8
261023,1,1,2000,0,0,0,0,0,0,0,0,0,0
261024,1,1,2000,0,0,0,0,0,0,0,0,0,0
261024,2,1,2000,0,0,0,0,0,0,0,0,0,0
261025,1,1,2000,0,0,0,0,0,0,0,0,0,0
261026,1,1,2000,0,0,0,0,0,0,0,0,0,0
261026,2,1,2000,0,0,0,0,0,0,0,0,0,0
261027,1,1,2000,0,0,0,0,0,0,0,0,0,0
261027,2,1,2000,0,0,0,0,0,0,0,0,0,0
261028,1,1,2000,0,0,0,0,0,0,0,0,0,0
261028,2,1,2000,0,0,0,0,0,0,0,0,0,0
261029,1,1,2000,14,3,8,0,21,13,12,12,33,6
261029,2,1,2000,17,8,9,0,11,4,18,14,2,7
261030,0,1,2000,10,10,10,10,10,10,10,10,10,10
261030,1,1,2000,24,7,15,31,7,11,13,38,8,3
261031,1,1,2000,0,0,0,0,0,0,0,0,0,0
261031,2,1,2000,0,0,0,0,0,0,0,0,0,0
261032,1,1,2000,0,0,0,0,0,0,0,0,0,0
261032,2,1,2000,0,0,0,0,0,0,0,0,0,0
261033,1,1,2000,35,35,35,35,35,35,35,35,35,35
261034,1,1,2000,0,0,0,0,0,0,0,0,0,0
261035,1,1,2000,0,0,0,0,0,0,0,0,0,0
261036,0,1,2000,0,0,0,0,0,0,0,0,0,0
261036,1,1,2000,0,0,0,0,0,0,0,0,0,0
261037,1,1,2000,6,6,6,6,6,6,6,6,6,6
261038,1,1,2000,4,22,17,21,7,20,2,17,10,9
261038,2,1,2000,0,0,0,0,0,0,0,0,0,0
261039,0,1,2000,0,0,0,0,0,0,0,0,0,0
261039,1,1,2000,0,0,0,0,0,0,0,0,0,0
261040,1,1,2000,0,0,0,0,0,0,0,0,0,0
261040,2,1,2000,0,0,0,0,0,0,0,0,0,0
261041,1,1,2000,3,28,7,20,16,8,20,27,0,23
261042,1,1,2000,0,0,0,0,0,0,30,0,9,0
261043,1,1,2000,0,0,0,0,0,0,0,0,0,0
261043,2,1,2000,0,0,0,0,0,0,0,0,0,0
261044,1,1,2000,0,0,0,0,0,0,0,0,0,0
261044,2,1,2000,0,0,0,0,0,0,0,0,0,0
261045,0,1,2000,0,0,0,0,0,0,0,0,0,0
261045,1,1,2000,0,0,0,0,0,0,0,0,0,0
261046,1,1,2000,0,0,0,0,0,0,0,0,0,0
261046,2,1,2000,0,0,0,0,0,0,0,0,0,0
261047,1,1,2000,1,1,1,1,1,1,1,1,1,1
261047,2,1,2000,0,0,0,0,0,0,0,0,0,0
261048,1,1,2000,22,22,22,22,22,22,22,22,22,22
261049,0,1,2000,0,0,0,0,0,0,0,0,0,0
261049,2,1,2000,0,0,0,0,0,0,0,0,0,0
261050,1,1,2000,0,0,0,0,0,0,0,0,0,0
261050,2,1,2000,15,7,23,26,20,0,8,18,18,18
261051,1,1,2000,0,0,0,0,0,0,0,0,0,0
261051,2,1,2000,0,0,0,0,0,0,0,0,0,0
261052,1,1,2000,0,0,0,0,0,0,0,0,0,0
261052,2,1,2000,0,0,0,0,0,0,0,0,0,0
261053,0,1,2000,30,30,30,30,30,30,30,30,30,30
261053,1,1,2000,7,7,7,7,7,7,7,7,7,7
261054,1,1,2000,0,0,0,0,0,0,0,0,0,0
261054,2,1,2000,0,0,0,0,0,0,0,0,0,0
261055,1,1,2000,0,0,0,0,0,0,0,0,0,0
261055,2,1,2000,0,0,0,0,0,19,0,0,0,0
261055,3,1,2000,0,0,0,0,0,0,0,0,0,0
261055,4,1,2000,0,0,0,0,0,5,0,0,0,0
261056,1,1,2000,0,6,0,0,0,0,0,0,0,0
261056,2,1,2000,0,0,0,0,0,0,0,9,0,0
261057,1,1,2000,0,0,0,0,0,0,0,0,0,0
261057,2,1,2000,1,1,1,1,1,1,1,1,1,1
261058,1,1,2000,0,0,0,0,20,0,6,0,0,0
261059,1,1,2000,0,0,0,0,0,0,0,0,0,0
261059,2,1,2000,0,0,0,0,0,0,0,0,0,0
261060,1,1,2000,13,13,13,13,13,13,13,13,13,13
261060,2,1,2000,11,11,11,11,11,11,11,11,11,11
261061,1,1,2000,0,0,0,0,0,0,0,0,0,18
261061,2,1,2000,0,0,0,0,0,0,0,0,0,0
261061,3,1,2000,0,0,0,0,0,0,0,0,0,0
261062,1,1,2000,0,0,0,0,0,0,0,0,0,0
261063,1,1,2000,0,0,0,0,0,0,0,0,0,0
261064,1,1,2000,0,0,0,0,0,0,0,0,0,0
261064,2,1,2000,0,0,0,0,0,0,0,0,0,0
261065,0,1,2000,0,0,0,0,0,0,0,0,0,0
261065,1,1,2000,0,0,0,0,0,0,0,0,0,0
261066,0,1,2000,0,0,0,0,0,0,0,0,0,0
261066,1,1,2000,0,0,0,0,0,0,0,0,0,0
261067,1,1,2000,0,0,0,0,0,0,0,0,0,0
261067,2,1,2000,0,0,0,0,0,0,0,0,0,0
261067,3,1,2000,0,0,0,0,0,0,0,0,0,0
261067,4,1,2000,0,0,0,0,0,0,0,0,0,0
261067,5,1,2000,0,0,0,0,0,0,0,0,0,0
261067,6,1,2000,0,0,0,0,0,0,0,0,0,0
261067,7,1,2000,0,0,0,0,0,0,0,0,0,0
261067,8,1,2000,0,0,0,0,0,0,0,0,0,0
261067,9,1,2000,0,0,0,0,0,0,0,0,0,0
261068,1,1,2000,0,0,0,0,0,0,0,0,0,0
261068,2,1,2000,0,0,0,0,0,0,0,0,0,0
261069,1,1,2000,0,0,0,0,0,0,0,0,0,0
261069,2,1,2000,0,0,0,0,0,0,6,0,0,0
261070,1,1,2000,18,18,18,18,18,18,18,18,18,18
261070,2,1,2000,0,0,0,0,0,0,0,0,0,0
261070,3,1,2000,0,13,2,0,6,0,0,0,10,0
261071,0,1,2000,5,5,5,5,5,5,5,5,5,5
261071,1,1,2000,0,0,0,0,0,0,0,0,0,0
261072,0,1,2000,11,0,0,0,9,0,0,38,0,0
261072,2,1,2000,0,0,0,0,0,0,0,0,0,0
261073,1,1,2000,28,0,0,18,18,17,4,0,18,0
261074,0,1,2000,0,13,27,0,21,0,0,0,21,30
261074,1,1,2000,2,2,2,2,2,2,2,2,2,2
261075,1,1,2000,13,15,14,24,22,23,12,15,9,18
261075,2,1,2000,0,0,0,0,0,0,0,0,0,0
261076,1,1,2000,0,0,0,0,0,0,0,0,0,0
261077,1,1,2000,0,0,0,0,0,0,0,0,0,0
261077,2,1,2000,0,0,0,0,0,0,0,0,0,0
261078,0,1,2000,0,0,0,0,0,0,0,0,0,0
261078,1,1,2000,0,0,0,0,0,0,0,0,0,0
261079,1,1,2000,15,15,15,15,15,15,15,15,15,15
261080,1,1,2000,0,0,0,0,0,0,0,0,0,0
261081,1,1,2000,0,0,0,0,0,0,0,0,0,0
261082,1,1,2000,0,0,0,0,0,0,0,0,0,0
261082,2,1,2000,0,0,0,0,0,0,0,0,0,0
261083,0,1,2000,7,7,7,7,7,7,7,7,7,7
261083,1,1,2000,0,0,0,0,0,0,8,0,14,0
261084,1,1,2000,0,0,0,0,0,0,0,0,0,0
261084,2,1,2000,0,0,0,0,0,0,0,0,0,0
261085,1,1,2000,0,0,0,0,0,0,0,0,0,0
261085,2,1,2000,0,0,0,0,0,0,0,0,0,0
261086,1,1,2000,0,0,0,0,0,0,0,0,0,0
261086,2,1,2000,0,0,0,0,0,0,5,0,0,0
261086,3,1,2000,0,0,0,0,0,0,0,0,0,0
261087,1,1,2000,0,0,0,0,0,0,0,0,0,0
261087,2,1,2000,2,2,2,2,2,2,2,2,2,2
261088,1,1,2000,0,0,0,0,0,0,0,0,0,0
261088,2,1,2000,0,0,0,0,0,0,0,0,0,0
261089,1,1,2000,14,14,14,14,14,14,14,14,14,14
261090,0,1,2000,23,23,23,23,23,23,23,23,23,23
261090,1,1,2000,0,0,0,0,0,0,0,0,0,0
261091,0,1,2000,34,34,34,34,34,34,34,34,34,34
261091,1,1,2000,0,0,0,0,0,0,0,0,0,0
261092,1,1,2000,0,0,0,0,0,0,0,0,0,0
261092,2,1,2000,0,0,0,0,0,0,0,0,0,0
261093,1,1,2000,0,0,0,0,0,0,0,0,0,0
261094,1,1,2000,11,0,15,11,22,10,10,16,16,17
261095,1,1,2000,0,0,0,0,0,0,0,0,0,0
261095,2,1,2000,0,0,0,0,0,0,0,0,0,0
261095,3,1,2000,0,0,0,0,0,0,0,0,0,0
261096,1,1,2000,22,22,22,22,22,22,22,22,22,22
261096,2,1,2000,6,0,0,0,0,0,0,0,0,0
261097,1,1,2000,22,22,22,22,22,22,22,22,22,22
261097,2,1,2000,0,0,0,0,0,0,0,0,0,0
261098,1,1,2000,0,0,0,0,0,0,0,0,0,0
261098,2,1,2000,0,0,0,0,0,0,0,0,0,0
261099,1,1,2000,0,0,0,21,16,0,0,0,14,0
261099,2,1,2000,0,0,0,0,0,0,0,0,0,0
261100,1,1,2000,0,0,0,0,0,0,0,0,0,0
261100,2,1,2000,0,0,0,0,0,0,0,0,0,0
261101,1,1,2000,0,0,0,25,0,0,16,29,0,0
261102,1,1,2000,8,8,8,8,8,8,8,8,8,8
261102,2,1,2000,0,0,0,0,0,0,0,0,0,0
261103,1,1,2000,16,16,16,16,16,16,16,16,16,16
261104,1,1,2000,14,14,14,14,14,14,14,14,14,14
261104,2,1,2000,0,0,0,0,13,0,0,0,0,0
261104,3,1,2000,0,0,0,0,0,0,0,0,0,0
261105,1,1,2000,13,13,13,13,13,13,13,13,13,13
261106,1,1,2000,24,24,24,24,24,24,24,24,24,24
261107,1,1,2000,0,0,0,0,0,0,0,0,0,0
261108,1,1,2000,0,0,0,0,0,0,0,0,0,0
261108,2,1,2000,0,0,0,0,0,0,0,0,0,0
261109,0,1,2000,20,20,20,20,20,20,20,20,20,20
261109,1,1,2000,0,0,0,0,0,0,0,0,0,0
261110,1,1,2000,0,0,0,0,0,0,0,14,14,0
261110,2,1,2000,0,0,0,0,0,0,0,0,0,0
261111,1,1,2000,0,0,0,0,0,0,0,0,0,0
261111,2,1,2000,0,0,0,0,0,0,0,0,0,0
261112,1,1,2000,24,12,12,25,25,11,22,33,22,31
261113,1,1,2000,40,13,14,0,26,13,17,13,0,30
261114,1,1,2000,10,10,10,10,10,10,10,10,10,10
261115,1,1,2000,0,0,0,0,0,0,0,0,0,0
261115,2,1,2000,0,0,0,0,0,0,0,0,0,0
261116,1,1,2000,10,10,10,10,10,10,10,10,10,10
261117,1,1,2000,0,0,0,0,0,0,0,0,0,0
261118,1,1,2000,28,28,28,28,28,28,28,28,28,28
261119,1,1,2000,0,0,6,0,0,0,0,0,0,0
261119,2,1,2000,0,0,0,0,0,0,0,0,0,0
261120,1,1,2000,0,0,0,0,0,0,0,0,0,0
261120,2,1,2000,0,0,0,0,0,0,0,0,0,0
261121,1,1,2000,18,18,18,18,18,18,18,18,18,18
261121,2,1,2000,0,0,0,0,0,6,0,0,24,0
261122,1,1,2000,0,0,0,0,0,0,0,0,0,0
261122,2,1,2000,0,0,0,0,0,0,0,0,0,0
261123,1,1,2000,0,0,0,0,0,0,0,0,0,0
261124,1,1,2000,0,0,0,0,0,0,0,0,0,0
261125,1,1,2000,24,24,24,24,24,24,24,24,24,24
261126,1,1,2000,0,0,0,0,0,0,0,0,0,0
261126,2,1,2000,0,0,0,0,0,0,0,0,0,0
261127,1,1,2000,21,21,21,21,21,21,21,21,21,21
261128,1,1,2000,0,0,0,0,0,0,0,0,0,0
261128,2,1,2000,0,0,0,0,0,0,0,0,0,0
261129,0,1,2000,7,7,7,7,7,7,7,7,7,7
261129,1,1,2000,13,0,0,0,10,0,0,0,0,0
261130,1,1,2000,0,0,0,0,0,0,0,0,0,0
261130,2,1,2000,0,0,0,0,0,0,0,0,0,0
261131,1,1,2000,0,0,0,6,0,0,15,0,0,29
261131,2,1,2000,0,0,0,0,0,0,0,0,0,0
261132,1,1,2000,0,0,0,0,0,0,0,0,0,0
261133,0,1,2000,12,0,33,18,13,18,26,23,0,13
261133,1,1,2000,0,0,0,0,0,0,0,0,0,0
261134,0,1,2000,26,11,15,12,0,9,0,12,15,33
261134,1,1,2000,0,0,0,0,0,0,0,0,0,0
261135,1,1,2000,0,0,0,17,0,0,0,0,0,0
261136,0,1,2000,0,0,0,10,0,0,0,0,0,0
261136,1,1,2000,0,0,0,0,0,0,0,0,0,0
261137,1,1,2000,0,0,0,0,0,0,0,0,0,0
261138,1,1,2000,0,0,0,0,0,0,0,0,0,0
261138,2,1,2000,0,0,0,0,0,0,0,0,0,0
261139,1,1,2000,0,0,0,0,0,0,0,0,0,0
261139,2,1,2000,0,0,0,0,0,0,0,0,0,0
261140,1,1,2000,22,22,22,22,22,22,22,22,22,22
261141,1,1,2000,0,0,0,0,0,0,0,0,9,0
261142,1,1,2000,0,0,0,0,0,0,0,0,0,0
261142,2,1,2000,0,0,0,0,0,0,0,0,0,0
261143,0,1,2000,0,0,0,0,0,0,0,0,0,0
261143,1,1,2000,0,0,0,0,0,0,0,0,0,0
261144,0,1,2000,0,0,0,0,0,0,0,0,0,0
261144,1,1,2000,0,0,0,0,0,0,0,0,0,0
261145,1,1,2000,29,29,29,29,29,29,29,29,29,29
261146,1,1,2000,0,0,0,0,0,0,0,0,0,0
261146,2,1,2000,0,0,0,0,0,0,0,0,0,0
261147,1,1,2000,0,0,0,0,0,0,0,0,0,0
261147,2,1,2000,0,0,0,0,0,0,0,0,0,0
261148,0,1,2000,13,0,0,0,0,0,0,0,9,11
261148,1,1,2000,0,0,0,0,0,0,0,0,0,0
261149,1,1,2000,0,0,0,0,0,0,0,0,0,0
261149,2,1,2000,0,0,0,0,0,0,0,0,0,0
261150,1,1,2000,0,0,5,0,0,0,0,0,0,0
261150,2,1,2000,0,0,5,0,0,0,0,0,11,5
261151,1,1,2000,0,0,0,0,0,0,0,0,0,0
261151,2,1,2000,0,0,0,0,0,0,0,0,0,0
261152,1,1,2000,0,0,0,0,0,0,0,0,0,0
261153,1,1,2000,0,0,0,0,0,0,0,0,0,0
261153,2,1,2000,0,0,0,0,0,0,0,0,0,0
261154,1,1,2000,0,0,0,0,0,0,0,0,0,0
261154,2,1,2000,0,0,0,0,0,0,0,0,0,0
261155,1,1,2000,7,7,7,7,7,7,7,7,7,7
261156,1,1,2000,0,0,0,0,0,0,0,0,0,0
261156,2,1,2000,0,0,0,0,0,0,0,0,0,0
261157,1,1,2000,10,10,10,10,10,10,10,10,10,10
261158,1,1,2000,9,30,19,20,12,12,8,14,12,12
261159,0,1,2000,7,7,7,7,7,7,7,7,7,7
261159,1,1,2000,0,0,0,0,0,0,0,0,0,0
261160,1,1,2000,0,0,0,0,0,0,0,0,0,0
261160,2,1,2000,0,0,0,0,0,0,0,0,0,0
261161,1,1,2000,0,0,0,0,0,0,0,0,0,0
261162,0,1,2000,0,0,0,0,0,0,0,0,0,0
261162,1,1,2000,0,0,0,0,0,0,0,0,0,0
261163,1,1,2000,10,10,10,10,10,10,10,10,10,10
261163,2,1,2000,0,0,0,0,0,0,0,0,0,0
261163,3,1,2000,0,0,0,0,0,0,0,0,0,0
261164,1,1,2000,0,0,0,0,0,0,0,0,0,0
261164,2,1,2000,0,0,0,0,0,0,0,0,0,0
261165,0,1,2000,0,0,0,0,0,0,0,0,0,0
261165,1,1,2000,0,0,0,0,0,0,0,0,0,0
261166,1,1,2000,0,0,0,0,0,0,0,0,0,0
261166,2,1,2000,0,0,0,0,0,0,0,0,0,0
261167,0,1,2000,0,0,0,0,0,0,0,0,0,0
261167,1,1,2000,0,0,0,0,0,0,0,0,0,0
261168,1,1,2000,28,9,20,17,40,27,13,10,25,15
261168,2,1,2000,0,0,0,0,0,0,0,0,0,0
261169,0,1,2000,0,0,0,0,0,0,0,0,0,0
261169,1,1,2000,0,0,0,0,0,0,0,0,0,0
261170,1,1,2000,0,0,0,0,0,0,0,0,0,0
261170,2,1,2000,0,0,0,0,0,0,0,0,0,0
261171,1,1,2000,0,0,0,0,0,0,0,0,0,0
261171,2,1,2000,0,0,0,0,0,0,0,0,0,0
261172,0,1,2000,0,0,0,0,0,0,0,0,0,0
261172,1,1,2000,0,0,0,0,0,0,0,0,0,0
261172,2,1,2000,0,0,0,0,0,0,0,0,0,0
261173,1,1,2000,0,0,0,0,0,0,0,0,0,0
261174,1,1,2000,0,0,0,0,0,0,0,0,0,0
261174,2,1,2000,0,0,0,0,0,0,0,0,0,0
261175,1,1,2000,0,0,0,0,0,0,0,0,0,0
261175,2,1,2000,0,0,0,0,0,0,0,0,0,0
261176,1,1,2000,0,0,0,0,0,0,0,0,0,0
261176,2,1,2000,0,0,0,0,10,0,0,0,0,7
261177,1,1,2000,0,0,8,0,0,0,0,0,0,0
261177,2,1,2000,0,0,21,0,0,0,0,0,0,0
261178,1,1,2000,0,0,13,11,0,0,0,0,0,0
261179,1,1,2000,0,0,0,0,0,0,0,0,0,0
261179,2,1,2000,0,0,0,0,0,0,0,0,0,0
261180,1,1,2000,0,0,0,0,0,0,0,0,0,0
261180,2,1,2000,0,0,0,0,0,0,0,0,0,12
261181,1,1,2000,23,23,23,23,23,23,23,23,23,23
261182,1,1,2000,0,0,0,0,36,0,0,0,0,0
261183,1,1,2000,0,0,0,0,0,0,0,0,0,0
261183,2,1,2000,0,0,0,0,0,0,0,0,0,0
261184,1,1,2000,0,0,0,10,0,0,0,0,0,0
261185,1,1,2000,0,0,0,0,0,0,0,0,0,0
261185,2,1,2000,0,0,0,0,0,0,0,0,0,0
261186,1,1,2000,0,0,0,4,0,0,0,0,0,0
261186,2,1,2000,0,0,0,0,8,0,0,0,0,0
261187,0,1,2000,41,23,22,17,39,9,14,0,20,21
261187,1,1,2000,9,15,0,0,0,0,0,0,7,0
261188,1,1,2000,8,0,18,21,28,6,3,9,14,28
261188,2,1,2000,0,0,0,0,0,0,0,0,0,0
261189,1,1,2000,0,0,0,0,0,0,0,0,0,0
261189,2,1,2000,0,0,0,0,9,0,0,0,0,0
261190,1,1,2000,0,0,0,0,0,0,0,0,0,0
261191,1,1,2000,0,0,0,0,0,0,0,0,0,0
261191,2,1,2000,11,0,0,0,0,0,0,0,3,24
261192,1,1,2000,0,0,0,0,0,0,0,0,0,0
261192,2,1,2000,0,0,0,27,0,0,0,0,0,0
261193,1,1,2000,0,0,0,0,0,0,0,0,0,0
261193,2,1,2000,0,0,0,0,0,0,0,0,0,0
261194,1,1,2000,0,0,0,0,0,0,0,0,0,0
261194,2,1,2000,0,0,0,0,0,0,0,0,0,0
261195,1,1,2000,0,0,0,0,0,0,0,0,0,20
261195,2,1,2000,0,0,0,0,0,0,0,0,0,0
261196,0,1,2000,0,13,0,0,0,0,0,0,0,0
261196,1,1,2000,19,19,19,19,19,19,19,19,19,19
261197,1,1,2000,0,0,0,0,0,0,0,0,0,0
261197,2,1,2000,0,0,0,0,0,0,0,0,0,0
261197,3,1,2000,0,0,0,0,0,0,0,0,0,0
261197,4,1,2000,0,0,0,0,4,0,0,0,0,0
261198,1,1,2000,0,0,0,0,0,0,0,0,0,0
261198,2,1,2000,0,0,0,0,0,0,0,0,0,0
261199,0,1,2000,14,18,9,29,23,15,13,30,19,18
261199,1,1,2000,0,0,0,0,0,0,18,0,0,0
261200,0,1,2000,0,0,0,0,0,0,0,0,0,0
261200,0,2,2000,35,26,2,0,0,0,0,0,0,0
261200,0,3,2000,25,26,30,9,16,17,0,17,19,23
261200,0,4,2000,22,29,12,5,0,0,8,0,11,13
261200,1,1,2000,29,29,29,29,29,29,29,29,29,29
261201,1,1,2000,10,10,10,10,10,10,10,10,10,10
261202,1,1,2000,21,20,0,4,18,15,0,9,0,0
261202,2,1,2000,0,0,0,0,0,0,0,0,0,0
261203,1,1,2000,0,0,0,0,0,0,0,0,0,0
261203,2,1,2000,0,0,0,0,0,0,0,0,0,0
261204,1,1,2000,0,0,0,0,0,0,0,0,0,0
261205,0,1,2000,24,24,24,24,24,24,24,24,24,24
261205,1,1,2000,20,20,20,20,20,20,20,20,20,20
261206,0,1,2000,17,17,17,17,17,17,17,17,17,17
261206,1,1,2000,15,5,10,0,27,11,0,0,22,6
261207,1,1,2000,0,0,0,0,0,0,0,0,0,0
261207,2,1,2000,0,0,0,0,0,0,0,0,0,0
261208,1,1,2000,0,0,0,0,0,0,0,0,0,0
261208,2,1,2000,0,0,0,0,0,0,0,0,0,0
261209,1,1,2000,0,0,0,0,0,0,0,0,3,0
261209,2,1,2000,0,0,0,0,0,0,0,0,0,0
261210,0,1,2000,0,0,0,0,0,0,0,0,0,0
261210,1,1,2000,6,6,6,6,6,6,6,6,6,6
261211,1,1,2000,0,0,0,0,0,0,0,0,0,0
261211,2,1,2000,0,0,0,0,0,0,0,0,0,0
261212,1,1,2000,0,0,0,0,0,0,0,0,0,0
261212,2,1,2000,0,0,0,0,0,0,0,0,0,0
261213,1,1,2000,1,1,1,1,1,1,1,1,1,1
261214,1,1,2000,27,27,27,27,27,27,27,27,27,27
261215,1,1,2000,0,0,0,0,0,0,0,0,0,0
261215,2,1,2000,0,0,0,0,0,0,0,0,0,0
261215,3,1,2000,0,0,0,0,0,0,0,0,10,0
261215,4,1,2000,0,0,0,0,0,0,0,0,0,0
261216,0,1,2000,0,13,21,35,21,0,0,0,0,8
261216,1,1,2000,0,0,0,0,0,0,0,0,0,0
261217,1,1,2000,0,0,0,0,0,20,19,0,0,0
261218,1,1,2000,0,0,0,0,0,0,0,0,0,0
261218,2,1,2000,0,0,0,0,0,0,0,0,0,0
261219,1,1,2000,20,20,20,20,20,20,20,20,20,20
261219,2,1,2000,3,3,3,3,3,3,3,3,3,3