ST_CASE,VEH_NO,PER_NO,YEAR,P1,P2,P3,P4,P5,P6,P7,P8,P9,P10
270529,2,1,2000,0,0,0,0,0,0,0,0,0,0
270530,1,1,2000,0,0,0,0,0,0,22,0,0,0
270531,1,1,2000,6,6,6,6,6,6,6,6,6,6
270531,2,1,2000,0,0,0,0,0,0,0,0,0,0
270532,1,1,2000,0,0,0,0,0,0,0,0,0,0
270532,2,1,2000,0,0,7,0,0,0,0,0,0,0
270533,1,1,2000,25,25,25,25,25,25,25,25,25,25
270533,2,1,2000,0,0,0,0,0,0,0,0,0,0
270534,1,1,2000,11,11,11,11,11,11,11,11,11,11
270535,1,1,2000,0,0,0,0,0,0,0,0,0,0
270535,2,1,2000,0,0,0,0,0,0,0,0,0,0
270536,1,1,2000,9,9,9,9,9,9,9,9,9,9
270536,2,1,2000,0,0,0,0,0,0,0,0,0,0
270537,1,1,2000,0,0,0,0,0,0,0,0,0,0
270537,2,1,2000,0,0,0,0,0,0,0,0,0,0
270538,0,1,2000,0,0,10,0,0,0,0,0,0,0
270538,0,2,2000,0,0,0,0,0,0,0,0,0,0
270538,1,1,2000,0,0,0,0,0,13,0,0,0,0
270539,1,1,2000,0,0,5,0,0,0,0,0,0,0
270540,1,1,2000,0,0,22,0,0,0,0,0,27,4
270540,2,1,2000,0,0,0,0,0,0,0,0,0,0
270540,3,1,2000,13,0,0,0,0,0,0,0,0,21
270541,1,1,2000,0,0,0,0,0,0,0,0,0,0
270541,2,1,2000,0,0,0,0,0,0,0,0,0,0
270542,0,1,2000,0,0,0,0,0,0,0,0,0,0
270542,1,1,2000,0,0,0,0,0,0,0,0,0,0
270543,1,1,2000,0,0,0,0,0,0,0,0,0,0
270543,2,1,2000,0,0,0,0,0,0,0,0,0,0
270543,3,1,2000,0,0,0,0,0,0,0,0,0,0
270544,1,1,2000,0,0,0,0,0,0,0,0,0,0
270544,2,1,2000,0,0,0,0,0,0,0,0,0,0
270544,3,1,2000,0,0,0,0,0,0,0,0,0,0
270544,4,1,2000,0,0,0,0,0,0,0,0,10,0
270544,5,1,2000,0,0,0,0,0,0,0,0,0,0
270545,1,1,2000,4,4,4,4,4,4,4,4,4,4
270545,2,1,2000,0,0,0,0,0,0,0,0,0,0
270546,1,1,2000,17,17,17,17,17,17,17,17,17,17
270547,1,1,2000,0,0,0,0,0,0,0,0,0,0
270547,2,1,2000,0,0,0,0,0,0,0,0,0,0
270548,1,1,2000,0,0,0,0,0,0,0,0,0,0
270548,2,1,2000,0,0,0,0,0,0,0,0,0,0
270549,1,1,2000,17,17,17,17,17,17,17,17,17,17
270550,1,1,2000,19,19,19,19,19,19,19,19,19,19
270550,2,1,2000,0,0,0,0,0,0,0,0,0,0
270551,1,1,2000,0,0,0,0,0,0,0,0,0,0
270552,1,1,2000,21,21,21,21,21,21,21,21,21,21
270553,1,1,2000,0,0,0,0,0,0,0,0,0,0
270553,2,1,2000,0,0,0,0,0,0,0,0,0,0
270554,1,1,2000,0,0,0,0,0,0,0,0,0,0
270554,2,1,2000,0,0,0,0,0,0,0,0,0,0
270555,1,1,2000,0,0,0,0,0,0,0,0,0,0
270556,1,1,2000,4,4,4,4,4,4,4,4,4,4
270556,2,1,2000,7,7,7,7,7,7,7,7,7,7
270557,1,1,2000,0,0,0,0,0,0,0,0,0,0
270558,1,1,2000,0,0,0,0,0,0,0,0,0,0
270558,2,1,2000,0,0,0,0,0,0,0,0,0,0
270559,0,1,2000,11,9,12,20,21,3,17,4,0,0
270559,1,1,2000,0,0,0,0,0,0,0,0,0,0
270560,1,1,2000,0,0,0,0,0,0,0,0,0,0
270560,2,1,2000,0,0,0,0,0,0,0,0,0,0
270561,1,1,2000,9,9,9,9,9,9,9,9,9,9
270561,2,1,2000,15,15,15,15,15,15,15,15,15,15
270562,1,1,2000,0,0,0,0,0,0,0,0,0,0
270562,2,1,2000,0,0,0,0,0,0,0,0,0,0
280001,0,1,2000,21,21,21,21,21,21,21,21,21,21
280001,1,1,2000,18,0,11,0,12,14,11,0,0,0
280002,1,1,2000,27,27,27,27,27,27,27,27,27,27
280003,0,1,2000,0,0,0,0,0,0,0,0,0,0
280003,1,1,2000,0,0,0,0,0,0,0,0,0,0
280004,1,1,2000,0,0,0,0,7,0,0,0,0,0
280005,1,1,2000,0,0,0,0,0,0,0,0,0,0
280005,2,1,2000,0,0,0,0,0,0,0,0,0,0
280006,1,1,2000,0,0,0,23,26,0,0,0,0,12
280007,1,1,2000,0,0,0,0,0,0,0,0,0,0
280008,1,1,2000,0,0,0,0,0,0,0,0,0,0
280008,2,1,2000,0,0,0,0,0,3,0,0,0,0
280009,1,1,2000,12,12,12,12,12,12,12,12,12,12
280009,2,1,2000,16,16,16,16,16,16,16,16,16,16
280010,1,1,2000,6,6,6,6,6,6,6,6,6,6
280010,2,1,2000,0,0,0,0,0,0,0,0,0,0
280011,1,1,2000,0,0,0,0,0,0,0,0,0,0
280012,1,1,2000,19,19,19,19,19,19,19,19,19,19
280013,1,1,2000,0,0,0,0,0,0,0,0,0,0
280014,1,1,2000,0,0,0,0,0,0,0,0,0,0
280015,1,1,2000,26,26,26,26,26,26,26,26,26,26
280016,1,1,2000,12,13,13,0,0,0,0,20,0,11
280017,1,1,2000,0,0,0,0,0,0,8,0,0,0
280017,2,1,2000,0,0,0,0,0,0,3,0,0,0
280018,1,1,2000,0,0,0,0,0,0,0,0,0,0
280018,2,1,2000,0,0,0,0,0,0,0,0,0,0
280019,0,1,2000,16,16,16,16,16,16,16,16,16,16
280019,1,1,2000,0,0,0,0,0,0,0,0,0,0
280020,1,1,2000,0,0,0,0,0,0,0,0,0,0
280021,1,1,2000,37,37,37,37,37,37,37,37,37,37
280022,1,1,2000,0,0,0,0,0,0,0,0,0,8
280022,2,1,2000,0,0,0,0,0,0,0,0,0,0
280023,1,1,2000,0,0,0,0,0,0,0,0,0,0
280024,1,1,2000,12,12,12,12,12,12,12,12,12,12
280025,1,1,2000,0,0,0,0,0,0,0,0,0,0
280026,1,1,2000,12,12,12,12,12,12,12,12,12,12
280026,2,1,2000,16,16,16,16,16,16,16,16,16,16
280027,1,1,2000,4,4,4,4,4,4,4,4,4,4
280028,1,1,2000,0,0,0,0,0,0,0,0,0,0
280029,1,1,2000,0,0,0,0,0,0,0,0,0,0
280029,2,1,2000,0,0,0,0,0,0,0,0,0,0
280030,1,1,2000,0,0,0,0,0,0,0,0,11,0
280031,1,1,2000,0,0,0,0,0,0,0,0,0,0
280032,1,1,2000,0,23,0,0,0,0,0,0,0,0
280032,2,1,2000,0,0,0,0,19,0,0,0,0,0
280033,1,1,2000,14,0,13,0,19,22,24,0,0,20
280034,1,1,2000,27,27,27,27,27,27,27,27,27,27
280035,1,1,2000,0,0,0,0,8,0,0,0,0,0
280036,1,1,2000,0,0,0,0,0,0,0,0,0,0
280036,2,1,2000,0,0,0,0,0,0,0,0,0,0
280037,1,1,2000,0,0,0,0,0,0,0,0,0,0
280038,1,1,2000,12,10,6,13,22,3,0,0,0,0
280038,2,1,2000,0,0,0,0,14,15,0,0,0,0
280039,1,1,2000,6,17,16,18,0,0,11,24,15,19
280040,1,1,2000,0,0,0,0,0,0,0,0,0,0
280041,1,1,2000,1,1,1,1,1,1,1,1,1,1
280042,1,1,2000,0,0,0,0,0,0,0,0,0,0
280043,1,1,2000,0,0,0,0,0,0,0,0,0,0
280043,2,1,2000,0,0,0,0,0,0,0,0,0,0
280044,1,1,2000,7,7,7,7,7,7,7,7,7,7
280045,1,1,2000,0,0,0,0,0,0,0,0,0,0
280045,2,1,2000,0,0,0,0,0,0,0,0,0,0
280046,1,1,2000,0,0,0,0,0,0,0,0,0,0
280046,2,1,2000,0,0,0,0,0,0,0,0,0,0
280046,3,1,2000,0,0,0,0,0,0,0,0,0,0
280047,1,1,2000,0,0,0,27,0,0,0,0,0,0
280047,2,1,2000,0,0,6,0,12,0,9,0,0,0
280047,3,1,2000,0,0,0,0,0,0,0,0,0,0
280047,4,1,2000,0,0,0,0,0,0,0,0,0,0
280048,1,1,2000,14,14,14,14,14,14,14,14,14,14
280049,1,1,2000,0,0,0,0,0,0,0,0,0,0
280050,1,1,2000,20,20,20,20,20,20,20,20,20,20
280051,1,1,2000,0,0,0,0,0,0,0,0,0,0
280052,1,1,2000,0,0,0,0,0,0,0,0,0,0
280053,1,1,2000,18,0,7,0,9,0,0,0,0,17
280054,1,1,2000,3,3,3,3,3,3,3,3,3,3
280055,1,1,2000,0,0,0,0,0,0,0,0,0,0
280056,1,1,2000,0,0,0,0,0,0,0,0,0,0
280057,1,1,2000,14,14,14,14,14,14,14,14,14,14
280058,1,1,2000,15,15,15,15,15,15,15,15,15,15
280059,1,1,2000,0,0,0,0,0,0,0,0,0,0
280059,2,1,2000,0,0,0,0,0,0,0,0,0,0
280060,1,1,2000,19,19,19,19,19,19,19,19,19,19
280060,2,1,2000,0,11,0,20,0,0,9,0,0,0
280061,1,1,2000,0,0,0,0,0,0,0,0,0,0
280061,2,1,2000,0,0,0,0,0,0,0,0,0,0
280061,3,1,2000,0,0,0,0,0,0,0,0,0,0
280062,1,1,2000,0,0,0,0,0,0,11,0,0,0
280062,2,1,2000,1,1,1,1,1,1,1,1,1,1
280063,1,1,2000,18,18,18,18,18,18,18,18,18,18
280064,1,1,2000,0,0,0,0,0,0,0,0,0,0
280064,2,1,2000,0,0,0,0,0,0,0,0,0,0
280065,1,1,2000,0,0,0,0,0,0,0,0,0,0
280065,2,1,2000,0,0,0,0,0,0,0,0,0,0
280066,1,1,2000,10,0,16,19,6,0,35,0,18,0
280067,1,1,2000,0,0,0,0,0,0,0,0,0,0
280067,2,1,2000,0,0,0,0,0,0,0,0,0,0
280068,1,1,2000,0,0,0,0,0,0,0,0,0,0
280068,2,1,2000,11,11,11,11,11,11,11,11,11,11
280068,3,1,2000,0,0,0,0,0,0,0,0,0,0
280069,1,1,2000,0,0,0,0,0,0,0,0,0,0
280070,1,1,2000,18,18,18,18,18,18,18,18,18,18
280071,1,1,2000,28,28,28,28,28,28,28,28,28,28
280072,1,1,2000,0,0,0,0,0,0,0,0,0,0
280072,2,1,2000,0,0,0,0,0,0,0,0,0,0
280073,1,1,2000,9,0,0,8,13,0,14,24,6,30
280074,1,1,2000,19,0,0,0,0,0,15,21,0,0
280075,1,1,2000,12,12,12,12,12,12,12,12,12,12
280076,1,1,2000,0,0,0,0,0,0,0,0,0,0
280077,1,1,2000,6,0,0,7,0,0,0,0,0,0
280078,1,1,2000,0,0,6,0,0,5,0,0,0,0
280078,2,1,2000,0,16,0,0,0,0,0,0,20,27
280079,1,1,2000,0,0,0,0,0,0,0,0,0,0
280079,2,1,2000,1,1,1,1,1,1,1,1,1,1
280080,1,1,2000,21,21,21,21,21,21,21,21,21,21
280081,1,1,2000,0,0,0,0,0,0,0,0,0,0
280082,1,1,2000,0,0,0,0,0,0,0,0,0,0
280083,1,1,2000,0,17,0,9,18,43,20,0,24,0
280084,1,1,2000,14,14,14,14,14,14,14,14,14,14
280085,1,1,2000,0,0,0,0,0,0,0,0,0,0
280085,2,1,2000,0,0,0,0,0,0,0,0,0,0
280086,1,1,2000,0,0,0,0,0,0,0,0,0,0
280086,2,1,2000,0,0,0,0,0,0,0,0,0,0
280087,0,1,2000,0,0,0,0,0,0,0,0,0,0
280087,1,1,2000,19,19,19,19,19,19,19,19,19,19
280088,1,1,2000,16,16,16,16,16,16,16,16,16,16
280088,2,1,2000,0,0,0,0,15,0,0,0,0,0
280089,1,1,2000,0,0,0,0,0,0,0,20,0,0
280089,2,1,2000,0,0,0,0,0,0,0,0,0,0
280090,1,1,2000,0,0,0,0,0,0,0,0,0,0
280090,2,1,2000,0,0,0,0,0,0,0,0,0,11
280091,1,1,2000,0,27,9,31,0,0,24,0,0,19
280091,2,1,2000,9,9,9,9,9,9,9,9,9,9
280092,1,1,2000,0,0,0,0,0,0,0,12,21,0
280093,1,1,2000,0,0,0,0,0,0,0,0,0,0
280094,1,1,2000,14,14,14,14,14,14,14,14,14,14
280095,1,1,2000,0,0,0,6,0,0,0,0,0,0
280095,2,1,2000,0,0,0,0,0,0,0,0,0,0
280096,1,1,2000,0,0,0,0,6,16,0,25,0,0
280097,1,1,2000,0,0,0,0,0,0,0,0,0,0
280098,1,1,2000,11,11,11,11,11,11,11,11,11,11
280099,1,1,2000,21,21,21,21,21,21,21,21,21,21
280099,2,1,2000,24,32,0,25,7,17,8,0,10,0
280100,1,1,2000,0,0,0,0,0,0,0,0,0,0
280100,2,1,2000,0,0,0,0,0,0,0,0,0,0
280101,1,1,2000,17,17,17,17,17,17,17,17,17,17
280102,1,1,2000,23,23,23,23,23,23,23,23,23,23
280103,1,1,2000,2,2,2,2,2,2,2,2,2,2
280104,1,1,2000,0,13,0,0,0,0,0,0,0,0
280105,1,1,2000,0,0,0,0,0,0,0,0,0,0
280105,2,1,2000,0,0,0,0,0,0,0,0,0,0
280106,1,1,2000,0,0,0,12,19,0,17,0,0,0
280106,2,1,2000,0,0,0,0,0,0,0,0,0,0
280107,1,1,2000,0,0,0,0,0,0,0,0,0,0
280108,1,1,2000,0,0,0,0,0,0,0,0,0,0
280108,2,1,2000,0,0,0,0,0,0,0,0,0,0
280109,1,1,2000,0,0,9,15,0,0,0,0,0,0
280110,0,1,2000,26,26,26,26,26,26,26,26,26,26
280110,1,1,2000,0,0,0,0,0,0,0,0,0,0
280111,1,1,2000,0,0,0,0,0,0,0,2,0,10
280112,1,1,2000,0,0,0,0,0,0,0,0,0,0
280112,2,1,2000,0,0,0,0,0,0,0,0,0,0
280112,3,1,2000,0,0,0,0,0,0,0,0,0,0
280113,1,1,2000,0,0,0,0,0,0,0,0,0,0
280113,2,1,2000,0,0,0,0,0,0,0,0,0,0
280114,1,1,2000,0,0,0,0,0,0,0,0,0,0
280115,1,1,2000,7,7,7,7,7,7,7,7,7,7
280116,1,1,2000,12,30,17,17,18,24,19,30,8,9
280117,1,1,2000,0,0,0,0,0,0,0,0,0,0
280117,2,1,2000,0,0,0,0,0,0,0,0,0,0
280118,1,1,2000,0,0,0,0,0,0,0,0,0,0
280118,2,1,2000,0,0,0,0,0,0,0,0,0,0
280119,1,1,2000,0,0,0,0,0,0,0,0,0,0
280119,2,1,2000,0,0,0,0,0,0,0,0,0,0
280120,1,1,2000,0,0,0,0,0,0,0,0,0,0
280121,1,1,2000,0,0,0,0,0,0,0,0,0,0
280121,2,1,2000,0,0,0,0,0,0,0,0,0,0
280122,1,1,2000,2,0,0,0,22,0,24,7,0,0
280123,1,1,2000,0,0,11,0,4,0,0,0,0,0
280123,2,1,2000,0,0,0,14,0,0,0,0,0,0
280124,1,1,2000,0,0,11,0,0,0,22,12,12,0
280124,2,1,2000,0,0,0,0,0,0,0,0,0,0
280125,1,1,2000,8,8,8,8,8,8,8,8,8,8
280126,1,1,2000,0,0,0,0,0,0,0,0,0,0
280127,1,1,2000,0,0,0,7,30,0,18,0,0,0
280128,1,1,2000,24,24,24,24,24,24,24,24,24,24
280129,1,1,2000,4,4,4,4,4,4,4,4,4,4
280130,1,1,2000,19,0,21,0,0,0,11,0,16,5
280131,1,1,2000,3,3,3,3,3,3,3,3,3,3
280132,1,1,2000,0,0,0,0,0,0,0,0,0,0
280132,2,1,2000,0,0,0,0,0,0,0,0,0,0
280133,1,1,2000,0,0,7,0,0,0,0,0,0,0
280133,2,1,2000,0,0,0,0,0,0,0,0,0,0
280134,1,1,2000,0,0,0,0,0,0,0,0,0,0
280134,2,1,2000,0,0,0,0,0,0,0,0,0,0
280135,1,1,2000,0,0,0,0,0,0,0,0,0,0
280135,2,1,2000,0,0,0,0,0,0,0,0,0,0
280136,1,1,2000,0,0,0,0,0,15,0,0,0,10
280137,1,1,2000,0,0,0,0,0,0,0,0,0,0
280138,1,1,2000,0,0,0,0,0,0,0,0,0,0
280138,2,1,2000,8,8,8,8,8,8,8,8,8,8
280139,0,1,2000,18,22,0,24,0,0,12,14,0,18
280139,1,1,2000,0,0,10,0,0,0,0,0,0,19
280140,1,1,2000,14,14,14,14,14,14,14,14,14,14
280141,1,1,2000,5,5,5,5,5,5,5,5,5,5
280142,1,1,2000,0,0,0,0,0,0,0,0,0,0
280142,2,1,2000,0,0,0,0,0,0,0,0,0,0
280142,3,1,2000,0,0,0,0,0,0,0,0,0,0
280143,1,1,2000,0,0,0,0,0,0,0,0,0,0
280144,1,1,2000,0,0,0,0,0,0,0,0,0,0
280144,2,1,2000,0,0,0,0,0,0,0,0,0,0
280145,0,1,2000,0,0,0,0,0,0,0,0,0,0
280145,1,1,2000,0,0,0,0,0,0,0,0,0,0
280146,1,1,2000,0,0,0,0,0,0,0,0,0,0
280147,1,1,2000,24,24,24,24,24,24,24,24,24,24
280148,1,1,2000,8,8,8,8,8,8,8,8,8,8
280149,1,1,2000,10,17,22,10,0,0,0,0,33,5
280150,1,1,2000,0,0,0,0,0,0,0,0,0,0
280150,2,1,2000,0,0,0,0,0,0,0,0,0,0
280151,0,1,2000,26,26,26,26,26,26,26,26,26,26
280151,1,1,2000,8,8,8,8,8,8,8,8,8,8
280152,1,1,2000,32,32,32,32,32,32,32,32,32,32
280153,1,1,2000,0,0,0,0,0,0,0,0,0,0
280153,2,1,2000,0,0,0,0,0,0,0,0,0,0
280153,3,1,2000,0,0,0,0,0,0,0,0,0,0
280153,4,1,2000,0,0,0,0,0,0,0,0,0,0
280154,1,1,2000,0,0,0,0,0,0,0,0,0,0
280154,2,1,2000,0,0,0,0,0,0,0,0,0,0
280155,1,1,2000,12,12,12,12,12,12,12,12,12,12
280155,2,1,2000,0,0,0,0,0,0,0,0,0,0
280156,1,1,2000,0,0,0,0,0,0,0,0,0,0
280156,2,1,2000,3,3,3,3,3,3,3,3,3,3
280157,1,1,2000,0,0,0,0,0,0,0,0,0,0
280157,2,1,2000,0,0,0,0,0,0,0,0,0,0
280158,1,1,2000,0,0,0,0,0,0,0,0,0,0
280158,2,1,2000,0,0,0,0,0,0,0,0,0,0
280159,1,1,2000,25,25,25,25,25,25,25,25,25,25
280160,1,1,2000,0,0,0,0,0,0,0,0,0,0
280161,0,1,2000,25,25,25,25,25,25,25,25,25,25
280161,1,1,2000,22,12,23,3,37,15,22,8,0,20
280162,1,1,2000,0,0,0,0,0,0,0,0,0,0
280163,1,1,2000,0,0,0,0,0,0,0,0,0,0
280163,2,1,2000,0,0,0,0,0,0,0,0,0,0
280163,3,1,2000,0,0,0,0,0,0,0,0,0,0
280164,1,1,2000,0,0,0,0,0,0,0,0,0,0
280164,2,1,2000,0,0,0,0,0,0,0,0,0,0
280165,0,1,2000,0,0,0,0,0,0,0,0,0,0
280165,1,1,2000,0,0,0,0,0,0,0,0,0,0
280166,1,1,2000,8,8,8,8,8,8,8,8,8,8
280166,2,1,2000,10,10,10,10,10,10,10,10,10,10
280167,1,1,2000,0,0,0,0,0,0,0,0,0,0
280167,2,1,2000,0,0,14,0,0,23,0,0,0,0
280168,1,1,2000,30,30,30,30,30,30,30,30,30,30
280169,0,1,2000,0,0,0,0,0,0,0,0,0,0
280169,1,1,2000,0,0,0,0,0,0,0,0,0,0
280170,1,1,2000,12,12,12,12,12,12,12,12,12,12
280171,1,1,2000,0,0,0,0,0,0,0,0,0,0
280172,1,1,2000,0,0,0,0,0,0,0,0,0,0
280173,1,1,2000,0,0,0,0,0,0,0,0,0,0
280174,1,1,2000,0,0,0,0,16,0,16,0,13,0
280175,1,1,2000,0,0,0,0,0,0,0,0,0,0
280175,2,1,2000,0,0,0,0,0,0,0,0,0,0
280176,1,1,2000,0,0,0,0,0,0,0,0,0,0
280176,2,1,2000,6,6,6,6,6,6,6,6,6,6
280177,1,1,2000,0,0,0,0,0,0,0,0,0,0
280178,1,1,2000,0,0,0,0,0,0,0,0,0,0
280178,2,1,2000,13,13,13,13,13,13,13,13,13,13
280179,1,1,2000,5,5,5,5,5,5,5,5,5,5
280180,1,1,2000,0,0,0,0,0,0,0,0,0,0
280181,1,1,2000,0,0,0,0,0,0,0,0,0,0
280181,2,1,2000,0,0,0,0,0,0,0,0,0,0
280182,1,1,2000,0,0,0,0,0,0,0,0,0,0
280182,2,1,2000,0,0,0,0,0,0,0,0,0,0
280183,1,1,2000,0,0,0,0,0,0,0,0,0,0
280184,0,1,2000,12,14,0,16,13,0,13,0,9,20
280184,1,1,2000,0,0,0,17,19,25,0,17,0,0
280185,0,1,2000,0,0,0,0,0,0,0,0,0,0
280185,1,1,2000,0,0,0,0,0,0,0,0,0,0
280186,1,1,2000,0,0,16,16,0,0,12,0,0,0
280187,1,1,2000,10,10,10,10,10,10,10,10,10,10
280187,2,1,2000,0,0,0,0,0,0,0,0,0,0
280187,3,1,2000,0,0,0,0,0,0,0,0,0,0
280188,1,1,2000,16,16,16,16,16,16,16,16,16,16
280189,1,1,2000,0,0,16,0,29,0,24,0,20,0
280190,0,1,2000,0,0,0,0,0,0,0,0,0,0
280190,1,1,2000,8,8,8,8,8,8,8,8,8,8
280191,1,1,2000,0,0,0,0,0,0,0,0,0,0
280191,2,1,2000,1,1,1,1,1,1,1,1,1,1
280192,1,1,2000,0,0,0,0,0,0,0,0,0,0
280192,2,1,2000,0,0,0,0,0,0,0,0,0,0
280193,1,1,2000,0,0,0,0,0,0,0,0,0,0
280194,1,1,2000,0,0,0,0,0,0,0,0,0,0
280195,1,1,2000,0,0,0,0,0,0,0,0,0,0
280196,1,1,2000,5,5,5,5,5,5,5,5,5,5
280197,1,1,2000,0,0,0,0,0,0,0,0,0,0
280197,2,1,2000,0,0,0,0,0,0,0,0,0,0
280198,1,1,2000,0,0,0,0,0,0,0,0,0,0
280198,2,1,2000,0,0,0,0,0,0,0,0,0,0
280199,1,1,2000,0,0,0,0,0,0,0,0,0,0
280199,2,1,2000,0,0,0,0,0,0,0,0,0,0
280200,1,1,2000,0,0,0,0,0,0,0,0,0,0
280200,2,1,2000,0,0,0,0,0,0,0,0,0,0
280201,1,1,2000,24,24,24,24,24,24,24,24,24,24
280202,1,1,2000,0,0,0,0,0,0,0,0,0,0
280202,2,1,2000,0,0,0,0,0,0,0,0,0,0
280203,1,1,2000,17,17,17,17,17,17,17,17,17,17
280203,2,1,2000,12,12,12,12,12,12,12,12,12,12
280204,1,1,2000,0,0,0,0,0,0,0,0,0,0
280205,1,1,2000,0,0,0,0,0,0,0,0,0,0
280205,2,1,2000,12,12,12,12,12,12,12,12,12,12
280206,0,1,2000,20,0,0,0,23,0,31,0,0,0
280206,1,1,2000,0,0,0,0,0,0,0,0,0,0
280207,1,1,2000,0,0,11,6,0,0,0,0,0,0
280208,1,1,2000,15,0,30,0,25,0,18,0,10,13
280209,1,1,2000,18,18,18,18,18,18,18,18,18,18
280210,1,1,2000,0,0,0,0,0,0,0,0,0,0
280210,2,1,2000,0,0,0,0,0,0,0,0,0,0
280211,1,1,2000,0,0,0,0,0,0,0,0,0,0
280211,2,1,2000,0,0,0,0,0,0,0,0,0,0
280212,1,1,2000,0,0,0,0,0,0,0,0,0,0
280212,2,1,2000,0,0,0,0,0,0,0,0,6,0
280213,1,1,2000,0,0,0,0,0,0,0,0,0,0
280213,2,1,2000,0,0,0,0,0,0,0,0,0,0
280214,1,1,2000,21,21,21,21,21,21,21,21,21,21
280215,1,1,2000,0,0,0,0,0,0,0,0,0,0
280215,2,1,2000,0,0,0,0,0,0,0,0,0,0
280216,1,1,2000,0,0,0,0,0,0,0,0,0,0
280216,2,1,2000,0,0,0,0,0,0,0,9,0,0
280217,1,1,2000,0,0,0,0,0,0,0,0,0,0
280218,1,1,2000,0,0,0,0,0,0,0,0,0,0
280218,2,1,2000,0,0,0,0,0,0,0,0,0,0
280218,3,1,2000,0,0,0,0,0,0,0,0,0,0
280219,1,1,2000,17,17,17,17,17,17,17,17,17,17
280220,1,1,2000,0,0,0,0,0,0,0,0,0,0
280220,2,1,2000,0,0,0,0,0,0,0,0,0,0
280221,1,1,2000,3,3,3,3,3,3,3,3,3,3
280221,2,1,2000,16,16,16,16,16,16,16,16,16,16
280222,0,1,2000,0,0,0,0,0,0,0,0,0,0
280222,1,1,2000,0,0,0,0,0,0,0,0,0,0
280223,0,1,2000,0,0,0,0,0,0,0,0,0,0
280223,1,1,2000,0,0,0,0,0,0,0,0,0,0
280224,1,1,2000,0,0,0,0,0,0,0,0,0,0
280225,1,1,2000,13,13,13,13,13,13,13,13,13,13
280225,2,1,2000,0,0,0,0,0,0,0,0,0,0
280226,1,1,2000,14,14,14,14,14,14,14,14,14,14
280227,1,1,2000,0,0,0,0,0,0,0,0,0,0
280227,2,1,2000,0,0,0,0,0,0,0,0,0,0
280228,1,1,2000,0,0,0,0,0,0,0,0,0,0
280229,1,1,2000,18,18,18,18,18,18,18,18,18,18
280230,1,1,2000,12,12,12,12,12,12,12,12,12,12
280230,2,1,2000,14,14,14,14,14,14,14,14,14,14
280231,1,1,2000,14,14,14,14,14,14,14,14,14,14
280232,1,1,2000,0,0,0,0,0,0,0,0,0,0
280232,2,1,2000,16,16,16,16,16,16,16,16,16,16
280233,1,1,2000,0,0,0,0,0,0,0,0,0,0
280234,1,1,2000,19,19,19,19,19,19,19,19,19,19
280235,1,1,2000,18,18,18,18,18,18,18,18,18,18
280236,1,1,2000,0,0,0,0,0,0,0,0,0,0
280237,1,1,2000,0,0,0,0,0,0,0,0,0,0
280237,2,1,2000,0,0,0,0,0,0,0,0,0,0
280238,0,1,2000,0,0,0,0,0,0,0,0,0,0
280238,1,1,2000,0,0,0,0,0,0,0,0,0,0
280239,1,1,2000,0,0,0,0,0,0,0,0,0,0
280239,2,1,2000,0,0,0,0,0,0,0,0,0,0
280240,0,1,2000,27,27,27,27,27,27,27,27,27,27
280240,1,1,2000,32,0,9,0,21,28,16,0,0,0
280241,1,1,2000,0,0,0,0,0,0,0,0,0,0
280242,1,1,2000,0,0,0,0,0,0,0,0,0,0
280242,2,1,2000,0,0,0,0,0,0,0,0,0,0
280243,1,1,2000,20,20,20,20,20,20,20,20,20,20
280244,1,1,2000,14,14,14,14,14,14,14,14,14,14
280245,1,1,2000,0,0,0,0,0,0,0,0,0,0
280245,2,1,2000,0,0,0,0,0,0,0,0,0,0
280246,1,1,2000,0,0,0,0,0,0,0,0,0,0
280247,1,1,2000,0,0,0,0,0,0,0,0,0,0
280247,2,1,2000,0,0,0,0,0,0,0,0,0,0
280248,1,1,2000,0,0,0,0,28,0,0,0,0,0
280249,1,1,2000,0,0,0,0,15,0,0,0,11,0
280250,1,1,2000,15,0,31,33,0,17,7,12,18,39
280251,1,1,2000,0,0,0,0,0,0,0,0,0,0
280251,2,1,2000,0,0,0,0,0,0,0,0,0,0
280252,1,1,2000,25,0,8,22,21,21,5,21,0,19
280253,1,1,2000,0,0,0,0,0,0,0,0,0,0
280253,2,1,2000,0,0,0,0,0,0,0,0,0,0
280253,3,1,2000,0,0,0,0,0,0,0,0,0,0
280254,1,1,2000,0,0,0,0,0,0,0,0,0,0
280254,2,1,2000,0,0,0,0,0,0,0,0,0,0
280255,0,1,2000,30,30,30,30,30,30,30,30,30,30
280255,1,1,2000,0,0,0,0,6,5,0,0,0,0
280256,1,1,2000,0,0,0,0,0,0,0,0,0,0
280256,2,1,2000,0,0,0,0,0,0,0,0,0,0
280257,0,1,2000,27,0,17,0,0,3,12,37,0,0
280257,1,1,2000,0,0,0,0,0,23,0,9,0,0
280258,1,1,2000,6,6,6,6,6,6,6,6,6,6
280259,1,1,2000,8,8,8,8,8,8,8,8,8,8
280260,1,1,2000,0,0,0,0,0,0,0,0,0,0
280260,2,1,2000,0,0,0,0,0,0,0,0,0,0
280261,1,1,2000,0,0,0,0,0,0,0,0,0,0