ST_CASE,VEH_NO,PER_NO,YEAR,P1,P2,P3,P4,P5,P6,P7,P8,P9,P10
290285,1,1,2000,0,0,0,0,0,0,0,0,0,0
290286,1,1,2000,0,0,0,0,0,0,0,0,0,0
290287,1,1,2000,21,21,21,21,21,21,21,21,21,21
290287,2,1,2000,0,7,0,0,0,0,0,7,0,23
290288,1,1,2000,0,0,0,0,0,0,0,0,0,0
290288,2,1,2000,0,0,0,0,0,0,5,0,0,0
290289,1,1,2000,0,0,0,0,0,0,0,0,0,0
290289,2,1,2000,0,0,0,0,0,0,0,0,0,0
290290,1,1,2000,0,0,0,0,0,0,0,0,0,0
290290,2,1,2000,0,0,0,0,0,0,0,0,0,0
290291,1,1,2000,0,0,0,0,0,0,0,0,0,0
290292,0,1,2000,0,0,0,0,0,0,0,0,0,0
290292,1,1,2000,0,0,0,0,0,0,0,0,0,0
290293,1,1,2000,0,0,0,0,0,0,0,0,0,17
290293,2,1,2000,0,0,0,0,0,0,0,0,0,0
290293,3,1,2000,0,0,0,0,0,0,0,0,0,0
290294,0,1,2000,0,0,0,0,0,0,0,0,0,0
290294,1,1,2000,0,0,0,0,0,0,0,0,0,4
290295,1,1,2000,0,14,12,17,16,7,22,13,13,4
290295,2,1,2000,0,0,0,0,0,8,0,0,0,0
290296,0,1,2000,4,4,4,4,4,4,4,4,4,4
290296,1,1,2000,0,0,0,0,0,20,0,0,0,0
290297,1,1,2000,0,0,15,0,0,6,0,0,20,0
290298,1,1,2000,0,0,0,0,0,0,0,0,0,0
290298,2,1,2000,0,0,0,0,0,0,0,0,0,0
290298,3,1,2000,0,0,0,0,0,0,0,0,0,0
290299,0,1,2000,0,0,0,0,0,0,0,0,0,0
290299,1,1,2000,0,0,0,0,0,0,0,0,0,0
290300,1,1,2000,0,0,0,0,0,0,0,0,0,0
290300,2,1,2000,0,0,0,0,0,0,0,0,0,19
290301,1,1,2000,0,0,0,0,0,0,0,0,0,0
290301,2,1,2000,18,0,17,0,8,0,19,0,0,18
290302,1,1,2000,24,18,26,33,44,27,40,53,21,17
290303,1,1,2000,32,32,32,32,32,32,32,32,32,32
290304,1,1,2000,0,0,0,0,0,0,0,0,0,0
290305,1,1,2000,16,16,16,16,16,16,16,16,16,16
290306,1,1,2000,9,0,0,0,0,23,0,0,0,0
290307,1,1,2000,0,0,0,0,0,0,0,0,0,0
290308,1,1,2000,0,0,0,0,0,0,0,0,0,0
290308,2,1,2000,0,0,0,0,0,0,0,0,0,0
290309,1,1,2000,0,0,0,0,0,0,0,0,0,0
290309,2,1,2000,0,0,0,0,0,0,0,0,0,0
290309,3,1,2000,0,0,0,0,0,0,10,0,0,0
290310,1,1,2000,0,8,0,0,0,0,0,0,0,0
290310,2,1,2000,0,0,0,0,0,0,0,0,0,0
290311,1,1,2000,0,0,0,0,0,0,0,0,0,0
290312,1,1,2000,0,0,0,0,0,0,0,0,0,0
290313,1,1,2000,0,0,0,0,0,0,13,16,0,0
290313,2,1,2000,0,0,0,0,0,0,0,0,0,0
290314,1,1,2000,0,0,0,0,0,0,0,0,0,0
290314,2,1,2000,0,0,0,0,0,0,0,0,0,0
290314,3,1,2000,0,0,0,0,0,0,22,0,0,0
290315,1,1,2000,0,0,0,0,0,0,0,0,0,0
290316,1,1,2000,0,0,0,0,0,0,0,0,0,0
290316,2,1,2000,0,0,0,0,0,0,0,0,0,0
290316,3,1,2000,0,0,0,0,0,0,0,0,0,0
290316,4,1,2000,0,0,0,0,0,0,0,0,0,0
290316,5,1,2000,0,0,0,0,0,2,0,0,0,0
290317,1,1,2000,0,0,0,0,0,0,0,0,0,0
290317,2,1,2000,0,0,0,0,0,0,0,0,0,0
290318,1,1,2000,0,0,0,0,0,0,0,0,0,0
290318,2,1,2000,0,0,0,0,0,0,0,0,0,7
290319,1,1,2000,6,6,6,6,6,6,6,6,6,6
290320,1,1,2000,6,7,12,42,19,11,0,35,39,42
290321,1,1,2000,6,6,6,6,6,6,6,6,6,6
290321,2,1,2000,0,0,0,0,0,0,0,0,0,0
290322,1,1,2000,0,0,0,0,0,0,0,0,0,0
290323,1,1,2000,0,0,0,0,0,18,0,0,0,0
290323,2,1,2000,0,0,0,0,0,0,0,0,0,0
290324,1,1,2000,26,26,26,26,26,26,26,26,26,26
290325,1,1,2000,9,9,9,9,9,9,9,9,9,9
290326,1,1,2000,21,21,21,21,21,21,21,21,21,21
290326,2,1,2000,19,0,0,0,0,8,0,0,24,12
290327,1,1,2000,0,0,8,20,0,0,0,14,0,0
290327,2,1,2000,16,16,16,16,16,16,16,16,16,16
290328,1,1,2000,20,13,13,24,16,16,15,21,0,0
290329,1,1,2000,0,0,0,0,0,0,0,0,0,0
290330,1,1,2000,9,9,9,9,9,9,9,9,9,9
290331,1,1,2000,0,0,0,0,0,0,0,0,0,0
290332,1,1,2000,0,0,0,0,0,0,0,0,0,0
290332,2,1,2000,0,0,0,0,7,0,0,0,0,0
290332,3,1,2000,0,0,0,0,0,0,0,0,0,0
290333,1,1,2000,0,0,0,0,0,0,0,0,0,0
290333,2,1,2000,0,0,0,12,0,0,0,0,0,0
290334,1,1,2000,27,27,27,27,27,27,27,27,27,27
290335,1,1,2000,0,0,0,0,0,0,0,0,0,0
290335,2,1,2000,0,0,0,0,0,0,0,0,0,0
290336,1,1,2000,0,0,0,0,0,0,0,0,0,0
290336,2,1,2000,0,0,0,0,0,0,0,4,0,0
290337,1,1,2000,0,0,0,0,0,0,0,0,0,0
290337,2,1,2000,0,0,0,26,0,0,0,0,0,0
290338,1,1,2000,23,0,0,16,25,0,16,0,0,42
290338,2,1,2000,0,18,15,7,0,0,0,0,0,18
290339,1,1,2000,26,26,26,26,26,26,26,26,26,26
290340,1,1,2000,6,6,6,6,6,6,6,6,6,6
290340,2,1,2000,0,0,0,0,0,0,0,0,0,0
290341,1,1,2000,16,0,0,0,30,0,0,0,0,0
290341,2,1,2000,0,0,0,0,0,7,0,0,0,0
290342,1,1,2000,0,0,0,0,0,0,0,26,0,0
290342,2,1,2000,27,0,0,0,0,0,0,22,0,0
290343,1,1,2000,0,0,2,0,11,0,0,0,8,17
290343,2,1,2000,1,1,1,1,1,1,1,1,1,1
290344,1,1,2000,27,0,14,8,15,6,23,20,0,24
290345,1,1,2000,0,0,18,0,0,26,0,9,19,10
290346,1,1,2000,0,0,0,0,0,0,0,0,0,0
290346,2,1,2000,0,0,0,0,0,0,0,0,0,0
290347,0,1,2000,0,0,0,0,0,0,0,0,0,0
290347,1,1,2000,9,0,0,0,0,0,0,0,0,0
290348,1,1,2000,30,30,30,30,30,30,30,30,30,30
290348,2,1,2000,0,0,0,0,0,0,0,0,0,0
290349,1,1,2000,16,16,16,16,16,16,16,16,16,16
290350,1,1,2000,0,0,0,0,0,0,0,0,0,0
290351,1,1,2000,0,0,0,0,12,0,14,0,0,0
290352,1,1,2000,15,15,15,15,15,15,15,15,15,15
290353,1,1,2000,0,5,19,33,12,9,53,20,36,0
290353,2,1,2000,0,0,0,0,0,0,0,0,0,0
290354,1,1,2000,0,0,0,0,0,0,0,0,0,0
290354,2,1,2000,0,0,0,0,0,0,0,0,0,0
290355,1,1,2000,0,0,0,0,0,0,0,0,0,0
290356,1,1,2000,0,16,7,0,6,0,14,0,0,7
290357,1,1,2000,11,11,11,11,11,11,11,11,11,11
290358,1,1,2000,13,13,13,13,13,13,13,13,13,13
290359,1,1,2000,0,0,0,0,0,0,0,0,0,0
290359,2,1,2000,0,0,0,0,0,0,16,0,0,0
290360,1,1,2000,13,13,21,0,0,0,0,0,0,0
290361,1,1,2000,0,0,0,0,0,0,0,0,0,0
290361,2,1,2000,5,5,5,5,5,5,5,5,5,5
290362,1,1,2000,0,0,0,0,0,0,0,0,0,0
290362,2,1,2000,0,0,0,0,0,0,0,0,0,0
290363,1,1,2000,8,15,19,27,12,16,15,10,0,13
290363,2,1,2000,0,0,0,0,0,0,0,0,0,0
290364,1,1,2000,15,15,15,15,15,15,15,15,15,15
290365,1,1,2000,13,0,0,0,0,0,0,0,0,0
290365,2,1,2000,0,0,0,0,0,0,0,0,0,0
290366,1,1,2000,0,0,0,0,0,0,0,0,0,0
290366,2,1,2000,0,0,0,0,0,0,0,0,0,0
290366,3,1,2000,0,3,0,5,0,0,0,0,0,25
290367,1,1,2000,0,0,0,0,0,0,0,0,0,0
290367,2,1,2000,0,0,16,0,0,0,0,0,0,0
290368,1,1,2000,0,0,0,0,0,0,0,0,0,0
290369,1,1,2000,13,13,0,0,17,0,19,0,0,0
290370,0,1,2000,4,4,4,4,4,4,4,4,4,4
290370,1,1,2000,0,0,0,0,0,0,0,0,0,0
290371,1,1,2000,0,0,0,0,0,0,0,0,0,0
290371,2,1,2000,0,0,0,0,0,0,0,0,0,0
290372,1,1,2000,0,0,0,0,0,0,0,0,0,0
290372,2,1,2000,13,0,0,0,0,0,0,0,0,0
290373,1,1,2000,24,24,24,24,24,24,24,24,24,24
290373,2,1,2000,0,0,0,0,0,0,0,0,0,0
290374,1,1,2000,0,0,0,0,0,0,0,19,4,0
290375,1,1,2000,0,0,0,0,0,0,0,0,0,0
290376,1,1,2000,0,0,0,0,0,0,0,0,0,0
290376,2,1,2000,0,0,0,0,0,0,0,0,0,0
290376,3,1,2000,0,0,0,0,0,0,0,0,0,0
290377,1,1,2000,0,0,0,0,0,0,0,0,0,0
290378,1,1,2000,0,0,22,0,0,0,0,0,0,0
290378,2,1,2000,0,0,0,0,0,0,0,0,0,0
290379,1,1,2000,0,13,32,0,13,23,0,0,9,16
290379,2,1,2000,0,0,0,0,0,0,0,0,0,0
290379,3,1,2000,18,0,0,0,26,0,1,0,0,0
290379,4,1,2000,17,0,0,6,0,0,0,0,4,0
290379,5,1,2000,0,0,0,0,0,7,0,0,0,17
290380,0,1,2000,0,0,0,0,0,0,0,0,0,0
290380,0,2,2000,13,21,28,14,0,48,28,0,2,24
290380,0,3,2000,10,21,0,10,14,8,0,28,23,12
290380,1,1,2000,0,0,0,8,0,0,0,0,0,0
290381,1,1,2000,0,0,0,0,0,0,0,0,0,0
290382,1,1,2000,0,0,0,0,0,0,0,0,0,0
290383,1,1,2000,21,21,21,21,21,21,21,21,21,21
290384,1,1,2000,6,6,6,6,6,6,6,6,6,6
290385,1,1,2000,0,0,0,0,0,0,0,0,0,0
290385,2,1,2000,0,0,0,0,0,0,0,0,0,0
290386,1,1,2000,0,0,0,0,0,0,11,0,0,0
290387,1,1,2000,20,20,20,20,20,20,20,20,20,20
290388,1,1,2000,21,21,21,21,21,21,21,21,21,21
290389,1,1,2000,0,0,0,0,4,0,22,0,0,15
290389,2,1,2000,0,0,0,0,0,0,0,0,0,0
290390,1,1,2000,17,17,17,17,17,17,17,17,17,17
290391,1,1,2000,30,30,30,30,30,30,30,30,30,30
290392,1,1,2000,9,9,9,9,9,9,9,9,9,9
290393,1,1,2000,0,0,11,0,11,0,0,0,20,0
290393,2,1,2000,0,0,0,0,0,0,0,0,0,0
290394,1,1,2000,0,0,0,0,0,0,0,0,0,0
290395,1,1,2000,24,24,24,24,24,24,24,24,24,24
290396,1,1,2000,12,12,12,12,12,12,12,12,12,12
290396,2,1,2000,14,22,0,0,17,15,28,19,0,0
290397,1,1,2000,16,16,16,16,16,16,16,16,16,16
290397,2,1,2000,0,0,0,0,0,0,0,0,0,0
290398,1,1,2000,0,0,0,0,0,0,0,0,0,0
290399,1,1,2000,22,0,12,31,11,0,13,0,19,18
290399,2,1,2000,0,0,0,0,9,0,0,32,0,0
290400,1,1,2000,0,0,0,0,0,0,6,16,0,18
290401,1,1,2000,0,0,0,0,0,0,0,0,0,0
290402,1,1,2000,18,18,18,18,18,18,18,18,18,18
290402,2,1,2000,0,0,0,0,0,0,0,0,0,0
290403,1,1,2000,16,16,16,16,16,16,16,16,16,16
290404,1,1,2000,0,0,0,0,0,0,0,0,0,0
290405,1,1,2000,11,11,11,11,11,11,11,11,11,11
290406,0,1,2000,22,33,44,0,0,18,0,0,9,31
290406,1,1,2000,17,17,17,17,17,17,17,17,17,17
290407,1,1,2000,0,0,0,0,0,0,0,0,0,0
290407,2,1,2000,0,0,0,0,0,22,0,0,0,0
290408,1,1,2000,0,0,0,0,0,0,0,0,0,0
290408,2,1,2000,0,0,0,0,0,0,0,0,0,0
290409,1,1,2000,0,0,0,0,0,0,0,0,0,0
290409,2,1,2000,0,0,0,0,0,0,0,0,0,0
290410,1,1,2000,13,13,13,13,13,13,13,13,13,13
290411,0,1,2000,0,0,0,0,0,0,0,0,0,0
290411,1,1,2000,0,0,0,28,0,0,0,0,4,0
290412,1,1,2000,24,24,24,24,24,24,24,24,24,24
290413,1,1,2000,43,43,43,43,43,43,43,43,43,43
290413,2,1,2000,0,0,0,4,0,0,0,0,0,0
290414,1,1,2000,11,11,11,11,11,11,11,11,11,11
290415,1,1,2000,9,9,9,9,9,9,9,9,9,9
290416,1,1,2000,3,3,3,3,3,3,3,3,3,3
290417,1,1,2000,0,0,0,0,0,0,0,0,0,0
290417,2,1,2000,0,0,0,0,0,0,0,0,0,0
290418,1,1,2000,0,0,0,0,0,0,0,0,0,14
290418,2,1,2000,0,0,0,0,0,0,0,0,0,0
290419,1,1,2000,0,0,0,0,0,0,0,0,0,0
290420,1,1,2000,0,0,0,0,0,0,0,0,0,0
290420,2,1,2000,0,0,0,0,0,0,0,0,0,0
290421,1,1,2000,0,0,0,0,0,0,0,0,0,0
290421,2,1,2000,0,0,0,0,0,0,0,0,0,0
290422,1,1,2000,0,0,0,0,0,0,0,0,0,0
290422,2,1,2000,0,0,0,0,0,0,0,0,0,0
290423,1,1,2000,0,0,0,0,0,0,0,0,0,0
290423,2,1,2000,0,0,0,0,10,0,26,0,0,0
290424,0,1,2000,0,0,0,0,0,0,0,0,0,0
290424,1,1,2000,0,0,0,0,16,0,0,0,0,0
290425,1,1,2000,0,0,0,21,0,0,14,0,0,9
290426,1,1,2000,0,0,0,0,0,0,0,0,0,0
290426,2,1,2000,17,17,17,17,17,17,17,17,17,17
290427,1,1,2000,0,0,0,0,0,0,0,0,9,0
290427,2,1,2000,0,0,0,0,0,0,0,0,0,0
290427,3,1,2000,0,0,0,0,0,0,0,0,0,0
290428,1,1,2000,0,0,0,0,0,0,0,0,0,0
290428,2,1,2000,0,0,0,0,0,0,0,0,0,0
290429,1,1,2000,0,0,0,0,0,0,0,0,0,0
290429,2,1,2000,0,0,0,0,0,0,0,0,0,0
290430,1,1,2000,0,0,0,0,0,0,0,0,0,0
290431,0,1,2000,11,11,11,11,11,11,11,11,11,11
290431,1,1,2000,13,27,0,0,20,22,10,21,29,27
290432,1,1,2000,31,31,31,31,31,31,31,31,31,31
290433,1,1,2000,25,25,25,25,25,25,25,25,25,25
290434,1,1,2000,8,8,8,8,8,8,8,8,8,8
290435,1,1,2000,0,0,0,0,0,0,0,0,17,0
290436,1,1,2000,16,16,16,16,16,16,16,16,16,16
290437,1,1,2000,0,0,0,0,31,0,0,21,14,0
290438,1,1,2000,0,0,0,0,0,0,0,0,0,0
290439,1,1,2000,0,10,0,5,0,14,26,0,0,0
290439,2,1,2000,13,13,13,13,13,13,13,13,13,13
290440,0,1,2000,0,0,0,0,0,0,0,0,0,0
290440,1,1,2000,16,8,3,21,0,0,0,0,0,0
290441,0,1,2000,0,0,0,0,0,0,0,0,0,0
290441,1,1,2000,6,6,6,6,6,6,6,6,6,6
290442,1,1,2000,0,0,0,0,0,0,0,0,0,0
290442,2,1,2000,0,0,0,0,0,0,0,0,0,0
290442,3,1,2000,0,0,0,0,0,13,0,0,0,0
290443,1,1,2000,12,12,12,12,12,12,12,12,12,12
290444,1,1,2000,12,0,7,0,0,0,10,12,13,16
290445,1,1,2000,0,0,0,0,0,0,0,0,0,0
290445,2,1,2000,0,0,0,0,0,0,0,0,0,0
290446,1,1,2000,0,0,0,0,0,0,0,0,0,0
290447,1,1,2000,0,0,0,0,0,0,0,0,0,0
290448,1,1,2000,0,0,15,14,16,0,14,0,0,6
290449,1,1,2000,12,12,12,12,12,12,12,12,12,12
290450,1,1,2000,26,26,26,26,26,26,26,26,26,26
290451,1,1,2000,8,8,8,8,8,8,8,8,8,8
290452,0,1,2000,33,33,33,33,33,33,33,33,33,33
290452,1,1,2000,5,5,5,5,5,5,5,5,5,5
290452,2,1,2000,0,11,0,0,13,12,12,0,18,6
290452,3,1,2000,0,0,9,0,0,0,0,10,0,0
290453,1,1,2000,0,0,0,0,0,0,0,0,0,0
290454,1,1,2000,0,0,0,0,0,0,0,0,0,0
290455,1,1,2000,18,18,18,18,18,18,18,18,18,18
290456,1,1,2000,0,0,0,0,0,0,0,0,0,0
290457,1,1,2000,10,10,10,10,10,10,10,10,10,10
290458,1,1,2000,0,0,0,0,0,0,0,0,0,0
290458,2,1,2000,0,0,0,0,0,0,8,5,0,0
290459,1,1,2000,0,0,0,0,0,0,0,0,0,0
290460,1,1,2000,18,18,18,18,18,18,18,18,18,18
290461,1,1,2000,0,0,0,0,0,0,0,0,0,0
290462,1,1,2000,0,0,0,0,0,0,0,0,0,0
290463,1,1,2000,0,0,0,0,0,0,0,0,0,0
290463,2,1,2000,0,0,0,0,13,0,0,0,12,0
290464,1,1,2000,0,0,0,0,0,0,0,0,0,0
290464,2,1,2000,0,0,0,13,0,0,0,0,0,0
290465,1,1,2000,0,0,0,0,0,0,0,15,0,0
290465,2,1,2000,0,0,0,0,0,0,0,0,0,0
290465,3,1,2000,0,0,0,0,0,0,0,0,0,0
290466,1,1,2000,0,0,0,0,6,0,0,0,0,0
290466,2,1,2000,0,0,0,0,0,0,12,0,0,0
290466,3,1,2000,0,0,0,0,0,0,0,0,0,0
290466,4,1,2000,0,0,0,14,0,0,0,0,0,18
290467,1,1,2000,0,0,0,0,0,0,0,0,0,0
290468,1,1,2000,0,0,0,0,0,0,0,0,0,0
290468,2,1,2000,0,0,0,0,0,0,0,0,0,0
290468,3,1,2000,0,0,0,0,0,0,0,0,0,0
290468,4,1,2000,0,0,0,0,0,0,0,0,0,0
290468,5,1,2000,0,0,0,0,0,0,0,0,0,0
290468,6,1,2000,0,0,0,0,0,0,0,0,0,0
290468,7,1,2000,0,0,0,0,0,0,0,0,0,0
290468,8,1,2000,0,0,0,0,0,0,0,0,0,0
290469,1,1,2000,0,0,0,0,0,0,0,0,0,0
290470,0,1,2000,0,0,0,0,0,0,0,0,0,0
290470,1,1,2000,11,0,0,0,0,0,0,5,0,0
290471,0,1,2000,23,23,23,23,23,23,23,23,23,23
290472,1,1,2000,0,0,0,0,0,0,0,0,0,0
290473,1,1,2000,0,0,0,0,0,0,0,0,0,0
290474,1,1,2000,0,0,12,0,0,0,0,0,0,0
290474,2,1,2000,0,0,0,0,0,0,0,0,0,0
290475,1,1,2000,18,18,18,18,18,18,18,18,18,18
290476,1,1,2000,23,23,23,23,23,23,23,23,23,23
290477,1,1,2000,17,17,17,17,17,17,17,17,17,17
290478,1,1,2000,0,0,0,0,0,0,0,0,0,0
290479,1,1,2000,0,0,0,0,0,0,0,0,0,0
290479,2,1,2000,0,0,0,12,0,0,0,0,0,0
290480,1,1,2000,0,0,0,0,0,0,0,0,0,0
290481,1,1,2000,0,0,0,0,0,0,0,0,0,0
290481,2,1,2000,0,0,0,0,0,0,0,0,0,0
290482,1,1,2000,0,0,0,0,0,0,0,0,0,0
290482,2,1,2000,0,0,0,0,0,0,0,0,0,0
290483,0,1,2000,0,0,0,0,0,0,0,0,0,0
290483,1,1,2000,16,0,0,0,0,0,0,0,0,0
290484,1,1,2000,25,25,25,25,25,25,25,25,25,25
290485,1,1,2000,0,0,0,0,0,0,0,0,0,0
290486,1,1,2000,0,0,0,0,0,0,0,0,0,0
290486,2,1,2000,0,0,0,0,0,0,0,0,0,0
290486,3,1,2000,0,0,17,0,0,0,0,0,0,0
290486,4,1,2000,0,0,36,0,0,0,0,0,0,0
290487,1,1,2000,16,15,18,26,30,14,10,6,26,17
290487,2,1,2000,0,0,0,0,0,0,0,0,0,0
290487,3,1,2000,0,0,0,0,0,0,0,18,17,0
290488,1,1,2000,17,17,17,17,17,17,17,17,17,17
290489,1,1,2000,15,0,14,0,0,0,8,13,0,17
290489,2,1,2000,0,0,0,0,0,0,0,0,0,0
290490,1,1,2000,0,0,0,0,0,0,0,0,0,0
290490,2,1,2000,0,0,0,0,0,0,0,0,0,0
290490,3,1,2000,0,0,0,0,0,0,0,0,0,0
290490,4,1,2000,0,0,0,0,8,0,0,4,0,0
290490,5,1,2000,0,0,0,0,0,0,0,0,0,6
290490,6,1,2000,0,0,0,0,0,0,0,0,0,0
290491,1,1,2000,19,26,10,0,12,0,0,0,0,0
290491,2,1,2000,0,0,0,0,0,0,0,0,0,0
290492,1,1,2000,0,0,0,0,0,0,0,0,0,0
290493,1,1,2000,0,0,0,0,0,0,0,0,0,0
290493,2,1,2000,0,0,0,0,0,0,0,0,0,0
290494,1,1,2000,0,0,0,0,6,0,0,0,0,0
290494,2,1,2000,0,0,0,0,0,0,0,0,0,0
290495,1,1,2000,0,0,0,0,0,0,0,0,13,13
290496,1,1,2000,7,7,7,7,7,7,7,7,7,7
290497,1,1,2000,17,17,17,17,17,17,17,17,17,17
290498,1,1,2000,0,0,0,0,0,0,0,0,0,0
290498,2,1,2000,10,10,10,10,10,10,10,10,10,10
290499,1,1,2000,0,0,0,0,0,0,0,0,0,0
290499,2,1,2000,0,0,0,0,0,0,0,0,0,0
290500,1,1,2000,0,0,0,0,0,0,0,0,0,0
290501,1,1,2000,0,0,0,0,0,0,0,0,17,0
290501,2,1,2000,29,14,0,0,0,0,0,16,0,14
290502,1,1,2000,0,0,0,0,0,0,14,6,0,0
290503,1,1,2000,0,0,0,0,0,0,0,0,0,0
290503,2,1,2000,16,0,0,0,0,0,0,0,0,12
290504,1,1,2000,1,1,1,1,1,1,1,1,1,1
290504,2,1,2000,0,0,0,0,0,0,0,0,0,0
290505,1,1,2000,0,0,0,0,0,6,0,0,0,0
290505,2,1,2000,0,0,0,0,0,0,0,0,0,14
290506,1,1,2000,0,0,0,0,0,0,0,0,0,0
290506,2,1,2000,2,2,2,2,2,2,2,2,2,2
290506,3,1,2000,0,0,0,0,0,0,0,0,0,0
290507,1,1,2000,13,13,13,13,13,13,13,13,13,13
290508,1,1,2000,10,0,0,30,29,28,0,10,14,21
290508,2,1,2000,0,0,0,0,0,0,0,0,0,0
290509,1,1,2000,0,0,0,0,0,0,0,0,0,0
290510,1,1,2000,0,0,0,0,0,0,0,0,0,0
290511,1,1,2000,0,0,0,0,0,0,0,0,0,0
290512,1,1,2000,0,0,0,0,0,0,0,0,0,0
290512,2,1,2000,0,20,0,0,0,0,0,0,9,0
290513,1,1,2000,0,0,0,0,0,0,0,0,0,0
290514,1,1,2000,0,0,0,0,0,0,0,0,0,0
290514,2,1,2000,0,0,0,0,0,0,0,0,0,0
290515,1,1,2000,0,8,8,0,0,0,0,4,0,0
290515,2,1,2000,0,0,8,0,0,0,0,0,0,21
290516,1,1,2000,0,0,0,0,0,0,0,0,0,0
290516,2,1,2000,0,0,0,0,0,0,0,0,0,0
290517,1,1,2000,0,0,0,0,0,0,0,0,0,0
290517,2,1,2000,18,0,0,0,23,20,0,0,10,23
290517,3,1,2000,0,0,0,0,0,8,0,0,0,0
290518,1,1,2000,14,14,14,14,14,14,14,14,14,14
290519,1,1,2000,0,0,0,0,14,0,0,0,14,0
290520,1,1,2000,0,0,0,0,0,0,0,0,0,0
290520,2,1,2000,0,0,0,0,0,0,0,0,0,0
290521,1,1,2000,0,0,0,0,0,0,0,0,0,0
290521,2,1,2000,0,0,0,0,10,0,0,0,0,0
290522,1,1,2000,0,19,15,16,0,9,19,16,0,0
290523,0,1,2000,0,0,0,0,0,0,0,0,0,0
290523,1,1,2000,0,0,0,0,0,0,0,0,0,0
290524,1,1,2000,13,10,15,6,18,11,14,12,0,17
290524,2,1,2000,15,15,15,15,15,15,15,15,15,15
290525,1,1,2000,17,17,17,17,17,17,17,17,17,17
290526,1,1,2000,20,20,20,20,20,20,20,20,20,20
290527,1,1,2000,0,0,0,0,0,0,0,0,0,0
290527,2,1,2000,9,19,9,0,39,16,0,0,23,8
290528,1,1,2000,22,0,22,6,0,7,8,0,0,0
290529,1,1,2000,22,22,22,22,22,22,22,22,22,22
290530,1,1,2000,0,0,0,0,0,0,0,0,0,0
290531,1,1,2000,0,0,0,0,0,0,0,0,0,0
290531,2,1,2000,0,0,0,0,0,0,0,0,0,0
290532,1,1,2000,0,0,0,0,0,0,0,0,0,0
290532,2,1,2000,0,0,0,6,0,7,0,0,0,0
290532,3,1,2000,0,0,0,0,0,0,0,0,0,0
290533,1,1,2000,0,11,9,32,2,14,22,28,9,8
290534,1,1,2000,0,0,0,0,0,0,0,0,0,0
290534,2,1,2000,5,0,0,0,0,0,0,0,0,0
290535,1,1,2000,0,16,10,0,0,20,0,19,10,21
290536,0,1,2000,0,0,0,0,0,0,0,0,0,0
290536,0,2,2000,0,0,0,0,0,0,0,0,0,0
290536,0,3,2000,11,0,0,11,0,0,9,0,0,0
290536,1,1,2000,0,0,0,0,0,0,0,0,0,0
290537,0,1,2000,18,34,5,14,23,24,35,22,21,19
290537,1,1,2000,15,0,0,11,0,0,0,0,17,0
290538,1,1,2000,0,0,0,0,0,0,0,0,0,0
290539,1,1,2000,0,0,0,0,0,0,0,0,0,0
290539,2,1,2000,0,0,0,0,20,31,30,0,0,0
290540,1,1,2000,0,0,0,0,0,0,0,0,0,0
290540,2,1,2000,0,0,0,0,0,0,0,5,0,0
290541,1,1,2000,0,0,0,0,0,0,15,0,0,0
290541,2,1,2000,11,0,0,0,0,0,33,0,0,0
290542,1,1,2000,0,0,0,0,0,0,0,0,0,0
290543,1,1,2000,0,0,0,0,0,0,0,0,0,0
290543,2,1,2000,22,0,0,0,0,12,0,0,22,0
290544,1,1,2000,17,17,17,17,17,17,17,17,17,17
290545,1,1,2000,0,0,0,0,23,0,0,10,0,17
290545,2,1,2000,0,0,0,0,0,0,0,0,0,0
290546,1,1,2000,23,23,23,23,23,23,23,23,23,23
290546,2,1,2000,0,0,0,0,0,0,0,0,0,0
290547,1,1,2000,1,1,1,1,1,1,1,1,1,1
290547,2,1,2000,15,0,0,0,0,0,0,0,0,0
290548,1,1,2000,0,0,0,0,0,0,0,0,0,0
290548,2,1,2000,0,0,0,0,0,0,0,0,0,0
290548,3,1,2000,0,0,0,0,0,0,0,0,0,0
290549,1,1,2000,0,0,0,0,0,0,0,0,0,0
290549,2,1,2000,0,20,0,0,0,16,0,11,10,6
290550,1,1,2000,0,0,0,0,0,0,0,0,0,0
290551,1,1,2000,27,27,27,27,27,27,27,27,27,27
290551,2,1,2000,0,0,30,7,6,0,14,0,0,13
290552,1,1,2000,22,22,22,22,22,22,22,22,22,22
290553,1,1,2000,0,0,40,11,0,8,0,5,9,22
290553,2,1,2000,0,0,0,0,0,0,0,0,0,0
290554,1,1,2000,0,0,0,0,0,0,0,0,0,0
290554,2,1,2000,0,0,0,0,9,0,0,0,0,0
290555,1,1,2000,0,0,0,16,0,0,10,0,19,0
290556,1,1,2000,0,0,0,0,0,0,0,0,0,0
290556,2,1,2000,0,0,0,4,0,0,0,0,0,0
290556,3,1,2000,0,0,0,0,9,0,0,0,0,0
290557,1,1,2000,20,15,27,20,19,18,19,23,40,16
290558,1,1,2000,0,0,0,0,0,0,0,0,0,0
290558,2,1,2000,0,0,0,0,0,0,0,0,0,0
290558,3,1,2000,0,0,0,0,0,0,0,0,0,0
290559,0,1,2000,0,0,0,0,0,0,0,0,0,0
290559,0,2,2000,21,30,0,9,0,11,35,27,0,18