ST_CASE,VEH_NO,PER_NO,YEAR,P1,P2,P3,P4,P5,P6,P7,P8,P9,P10
300117,0,1,2000,26,0,23,0,0,0,0,0,21,0
300117,1,1,2000,0,0,0,0,0,0,0,0,0,0
300118,1,1,2000,9,20,5,4,13,26,24,9,7,8
300119,1,1,2000,27,11,7,14,23,10,19,17,17,23
300120,1,1,2000,0,15,33,18,19,18,25,23,6,20
300121,1,1,2000,0,0,0,0,0,0,0,0,0,0
300122,1,1,2000,0,16,11,4,17,0,12,4,9,16
300123,1,1,2000,0,0,0,0,0,0,0,0,0,0
300123,2,1,2000,0,0,0,0,0,0,0,0,0,0
300124,1,1,2000,20,20,20,20,20,20,20,20,20,20
300125,1,1,2000,24,18,15,17,5,17,8,23,6,11
300126,1,1,2000,10,10,18,0,25,15,12,12,15,13
300127,1,1,2000,0,27,0,0,0,0,0,0,0,0
300127,2,1,2000,0,0,0,0,0,0,0,0,0,0
300128,1,1,2000,12,14,15,20,18,20,0,30,21,14
300129,1,1,2000,0,0,0,29,0,0,0,0,0,13
300129,2,1,2000,0,0,0,5,0,0,0,0,8,0
300129,3,1,2000,0,0,0,0,0,0,0,0,0,0
300130,0,1,2000,0,0,0,0,0,0,0,0,0,0
300130,1,1,2000,0,0,0,0,17,0,0,22,0,12
300131,1,1,2000,13,10,4,11,13,26,9,13,3,13
300132,0,1,2000,0,0,0,0,0,0,0,0,0,0
300132,1,1,2000,0,0,0,0,0,0,0,0,0,0
300133,1,1,2000,0,0,0,0,0,0,35,0,0,0
300134,1,1,2000,0,0,0,0,6,0,0,0,0,0
300135,1,1,2000,12,12,12,12,12,12,12,12,12,12
300136,0,1,2000,0,20,10,8,7,21,12,14,19,10
300136,1,1,2000,10,25,6,23,15,20,17,0,15,13
300137,1,1,2000,0,0,0,0,0,0,0,0,0,0
300137,2,1,2000,0,0,0,0,0,0,0,0,0,0
300138,1,1,2000,0,0,0,0,0,0,0,0,0,0
300138,2,1,2000,0,0,0,0,0,0,0,0,0,19
300139,1,1,2000,21,13,22,12,18,16,8,15,6,0
300139,2,1,2000,0,0,0,0,0,0,0,0,0,0
300140,1,1,2000,9,9,9,9,9,9,9,9,9,9
300141,1,1,2000,0,0,0,0,0,0,0,0,0,18
300142,1,1,2000,9,9,9,9,9,9,9,9,9,9
300143,0,1,2000,0,0,0,0,0,0,0,0,0,0
300143,1,1,2000,0,7,0,0,0,0,0,0,0,0
300144,1,1,2000,21,20,21,42,15,21,27,22,15,22
300145,1,1,2000,14,0,22,13,26,14,7,19,19,17
300146,1,1,2000,0,0,0,0,0,0,0,0,0,0
300147,0,1,2000,0,0,0,0,0,0,0,0,0,0
300147,1,1,2000,0,0,0,0,4,0,0,0,0,0
300147,3,1,2000,0,0,0,0,0,0,0,0,0,0
300148,1,1,2000,0,0,0,0,0,0,0,0,0,15
300148,2,1,2000,0,0,0,0,0,0,0,0,0,0
300149,1,1,2000,3,3,3,3,3,3,3,3,3,3
300149,2,1,2000,0,0,0,0,0,0,26,0,0,0
300150,1,1,2000,0,0,0,0,0,0,0,0,0,0
300150,2,1,2000,0,0,0,0,0,0,0,0,0,0
300151,1,1,2000,0,0,36,0,0,0,0,10,0,0
300151,2,1,2000,0,0,0,0,0,0,0,0,0,0
300152,1,1,2000,41,18,21,0,34,9,0,16,17,0
300153,1,1,2000,0,0,0,0,0,0,0,0,0,0
300153,2,1,2000,0,0,0,0,0,0,0,0,0,0
300154,1,1,2000,0,0,0,0,0,11,0,0,0,0
300154,2,1,2000,0,0,0,0,0,0,0,0,0,0
300155,1,1,2000,19,20,0,17,15,16,15,32,0,29
300156,1,1,2000,24,24,24,24,24,24,24,24,24,24
300157,1,1,2000,3,32,0,0,18,30,13,7,4,0
300158,0,1,2000,0,30,0,0,0,0,0,0,0,0
300158,1,1,2000,18,6,22,17,11,17,12,20,0,5
300159,1,1,2000,0,0,0,0,0,0,0,0,0,0
300160,1,1,2000,0,0,0,0,0,0,0,0,0,0
300160,2,1,2000,0,0,0,0,0,0,0,0,0,0
300161,1,1,2000,0,0,0,0,0,0,0,0,0,0
300162,1,1,2000,5,22,28,10,12,27,2,8,21,13
300163,1,1,2000,40,40,40,40,40,40,40,40,40,40
300164,0,1,2000,15,15,30,29,16,27,17,27,26,23
300164,1,1,2000,0,0,0,0,0,0,0,0,0,0
300165,1,1,2000,0,0,0,0,0,0,0,0,0,0
300166,1,1,2000,3,3,3,3,3,3,3,3,3,3
300167,1,1,2000,0,0,0,0,0,0,0,0,0,0
300167,2,1,2000,0,0,0,0,0,0,0,0,0,0
300168,1,1,2000,0,0,0,0,0,0,0,0,0,0
300169,1,1,2000,23,24,23,6,14,9,20,7,8,19
300169,2,1,2000,0,0,0,6,0,0,0,0,0,0
300170,1,1,2000,17,30,12,16,11,21,23,15,11,23
300171,1,1,2000,16,28,9,16,14,14,18,0,17,24
300172,0,1,2000,0,0,0,0,0,0,0,0,0,0
300172,1,1,2000,0,0,0,0,0,0,0,0,0,0
300173,1,1,2000,0,0,0,0,0,0,0,0,0,0
300173,2,1,2000,0,0,0,0,0,0,0,0,0,0
300173,3,1,2000,0,0,0,0,0,0,0,0,0,0
300174,1,1,2000,0,0,0,0,0,0,0,0,0,0
300175,0,1,2000,0,0,11,16,13,12,0,9,4,0
300175,0,2,2000,3,0,13,0,7,8,0,0,0,0
300175,1,1,2000,16,9,24,15,6,19,31,13,15,10
300176,1,1,2000,0,0,0,0,0,0,0,0,0,0
300176,2,1,2000,0,0,0,0,0,0,0,15,0,0
300177,1,1,2000,0,0,0,0,0,0,0,0,0,0
300178,1,2,2000,0,14,12,0,0,0,11,0,0,0
300179,1,1,2000,35,8,19,0,22,34,31,6,12,25
300180,1,1,2000,0,16,0,0,18,0,0,13,0,0
300180,2,1,2000,0,12,0,0,0,0,0,0,0,0
300180,3,1,2000,0,0,0,0,0,0,0,0,0,0
300180,4,1,2000,0,0,0,0,0,0,0,0,0,0
300181,2,1,2000,16,16,16,16,16,16,16,16,16,16
300182,1,1,2000,0,0,0,0,0,0,0,0,0,0
300183,1,1,2000,11,24,9,0,20,9,18,28,11,18
300184,1,1,2000,11,11,11,11,11,11,11,11,11,11
300185,1,1,2000,0,0,0,0,0,0,0,0,0,0
300185,2,1,2000,0,0,0,0,0,0,0,0,0,0
300186,1,1,2000,0,29,29,19,12,9,16,15,0,34
300187,1,1,2000,21,21,21,21,21,21,21,21,21,21
300187,2,1,2000,0,0,6,0,0,0,0,0,0,0
300188,1,1,2000,16,0,12,9,0,9,0,0,0,0
300189,1,1,2000,0,0,0,0,0,0,0,0,0,0
300190,1,1,2000,0,0,0,0,0,0,0,0,0,0
300190,2,1,2000,0,0,0,0,0,0,0,0,0,0
300191,0,1,2000,0,0,0,0,0,0,0,0,0,0
300191,1,1,2000,0,0,0,0,0,0,0,0,0,0
300192,1,1,2000,0,0,8,0,0,0,0,0,0,0
300192,2,1,2000,0,0,0,0,0,0,0,0,0,0
300192,3,1,2000,0,0,0,0,0,0,0,0,0,0
300193,1,1,2000,26,25,22,22,20,14,13,21,24,9
300194,1,1,2000,18,11,12,8,26,0,33,8,6,18
300194,2,1,2000,0,0,0,0,0,0,0,0,0,0
300195,1,1,2000,0,0,0,0,0,0,0,0,0,0
300195,2,1,2000,0,0,0,0,0,0,0,0,0,0
300196,1,1,2000,0,0,0,14,0,0,0,0,0,5
300196,2,1,2000,0,0,17,0,0,0,0,0,0,0
300197,1,1,2000,0,0,0,0,0,0,0,0,0,0
300197,2,1,2000,0,0,0,0,0,0,0,0,0,0
300198,1,1,2000,0,0,0,0,0,0,0,0,0,0
300198,2,1,2000,0,0,0,0,0,0,0,0,0,0
300199,1,1,2000,18,18,18,18,18,18,18,18,18,18
300200,1,2,2000,0,0,0,0,0,0,10,0,22,7
300201,1,1,2000,0,0,0,0,0,0,0,3,0,0
300202,1,1,2000,0,0,0,0,0,0,0,0,0,0
300202,2,1,2000,0,0,0,0,0,0,0,0,0,0
300203,1,1,2000,0,0,0,0,0,0,0,0,0,0
300203,2,1,2000,0,0,0,0,0,0,0,0,0,0
300204,1,1,2000,0,0,0,0,0,0,0,0,0,0
300205,0,1,2000,0,0,0,0,0,0,0,0,0,0
300205,1,1,2000,16,15,7,19,0,26,25,17,3,27
310001,1,1,2000,24,24,24,24,24,24,24,24,24,24
310002,1,1,2000,0,0,0,0,0,0,0,0,0,0
310003,1,1,2000,0,0,0,0,0,0,0,0,0,0
310004,1,1,2000,0,0,0,0,0,0,20,0,21,16
310005,1,1,2000,0,0,0,0,0,0,0,0,0,0
310005,2,1,2000,0,0,0,0,0,0,0,0,0,0
310006,1,1,2000,0,0,0,0,0,0,0,0,0,0
310007,1,1,2000,0,0,0,0,0,0,0,0,0,0
310007,2,1,2000,0,0,0,0,0,0,0,0,0,0
310008,1,1,2000,0,0,0,0,0,0,0,0,0,0
310009,1,1,2000,20,20,20,20,20,20,20,20,20,20
310010,1,1,2000,22,22,22,22,22,22,22,22,22,22
310011,1,1,2000,0,0,0,0,0,0,0,0,0,0
310011,2,1,2000,0,0,0,0,0,0,0,0,0,0
310012,1,1,2000,0,0,0,0,0,0,0,0,0,0
310013,1,1,2000,0,0,0,0,0,0,0,0,0,0
310013,2,1,2000,0,0,0,0,0,0,0,0,0,0
310014,1,1,2000,0,0,0,0,0,0,0,0,0,0
310015,1,1,2000,0,0,0,0,0,0,0,0,0,0
310016,1,1,2000,0,0,0,16,0,22,0,0,0,0
310017,1,1,2000,0,0,0,0,0,0,0,0,0,0
310017,2,1,2000,0,0,0,0,0,0,0,0,0,0
310018,1,1,2000,0,0,0,0,0,0,0,0,0,0
310018,2,1,2000,0,0,0,0,0,0,0,0,0,0
310019,1,1,2000,0,0,0,0,0,0,0,0,0,0
310020,1,1,2000,0,0,0,0,0,0,0,0,0,0
310020,2,1,2000,0,0,0,0,0,0,0,0,0,0
310021,1,1,2000,0,0,0,0,0,0,0,0,0,0
310021,2,1,2000,0,0,0,0,0,0,0,0,0,0
310021,3,1,2000,0,0,0,0,0,0,0,0,0,0
310022,1,1,2000,0,0,0,0,0,0,0,0,0,0
310022,2,1,2000,0,0,0,0,0,0,0,0,0,0
310023,1,1,2000,30,30,30,30,30,30,30,30,30,30
310024,1,1,2000,0,0,0,0,0,0,0,0,0,0
310024,2,1,2000,0,0,0,0,0,0,0,0,0,0
310025,1,1,2000,0,0,0,0,0,0,0,0,0,0
310025,2,1,2000,0,0,0,0,0,0,0,0,0,0
310026,1,1,2000,10,10,10,10,10,10,10,10,10,10
310027,1,1,2000,0,0,0,0,0,0,0,0,0,0
310027,2,1,2000,21,21,21,21,21,21,21,21,21,21
310028,1,1,2000,1,1,1,1,1,1,1,1,1,1
310029,1,1,2000,0,0,0,0,0,0,0,0,0,0
310030,1,1,2000,0,0,0,0,0,0,0,0,0,0
310030,2,1,2000,0,0,0,0,0,0,0,0,0,0
310031,0,1,2000,0,0,0,0,0,0,0,0,0,0
310031,1,1,2000,0,0,0,0,0,0,0,0,0,0
310032,1,1,2000,0,0,0,0,0,0,0,0,0,0
310032,2,1,2000,0,0,0,0,0,0,0,0,16,0
310033,0,1,2000,21,21,21,21,21,21,21,21,21,21
310033,1,1,2000,0,0,0,0,0,0,0,0,0,0
310034,1,1,2000,22,22,22,22,22,22,22,22,22,22
310035,1,1,2000,26,26,26,26,26,26,26,26,26,26
310036,1,1,2000,0,0,0,0,0,0,0,0,0,0
310037,1,1,2000,0,0,0,0,0,0,0,0,0,0
310037,2,1,2000,13,13,13,13,13,13,13,13,13,13
310038,1,1,2000,0,0,0,0,0,0,0,0,0,0
310038,2,1,2000,0,0,0,0,0,0,0,0,0,0
310039,1,1,2000,0,0,0,0,0,0,0,0,0,0
310040,1,1,2000,15,15,15,15,15,15,15,15,15,15
310041,1,1,2000,0,0,0,0,0,0,0,0,0,0
310041,2,1,2000,0,0,0,0,0,0,0,0,0,0
310042,1,1,2000,20,20,20,20,20,20,20,20,20,20
310042,2,1,2000,0,0,0,0,0,0,0,0,0,0
310042,3,1,2000,0,0,0,0,0,0,0,0,0,0
310043,1,1,2000,0,0,0,0,0,16,0,0,0,0
310044,1,1,2000,0,0,0,0,0,0,0,0,0,0
310045,1,1,2000,0,0,0,0,0,0,0,0,0,0
310046,1,1,2000,7,7,7,7,7,7,7,7,7,7
310046,2,1,2000,0,0,0,0,0,0,0,0,0,0
310047,1,1,2000,0,0,6,0,0,0,0,6,4,10
310048,1,1,2000,15,15,15,15,15,15,15,15,15,15
310049,0,1,2000,0,0,0,0,0,0,0,0,0,0
310049,1,1,2000,10,10,10,10,10,10,10,10,10,10
310050,1,1,2000,9,9,9,9,9,9,9,9,9,9
310051,1,1,2000,24,24,24,24,24,24,24,24,24,24
310052,1,1,2000,8,8,8,8,8,8,8,8,8,8
310053,1,1,2000,24,24,24,24,24,24,24,24,24,24
310054,1,1,2000,0,0,0,0,0,0,0,0,0,0
310055,1,1,2000,0,0,0,0,0,0,0,0,0,0
310055,2,1,2000,0,0,0,0,0,0,0,0,0,0
310056,0,1,2000,21,21,21,21,21,21,21,21,21,21
310056,1,1,2000,0,0,0,0,0,0,0,0,0,0
310057,1,1,2000,0,0,0,0,0,0,0,0,0,0
310057,2,1,2000,0,0,0,0,0,0,0,0,0,0
310057,3,1,2000,0,0,0,0,0,0,0,0,0,0
310058,1,1,2000,0,0,0,0,0,0,0,0,0,0
310059,1,1,2000,9,9,9,9,9,9,9,9,9,9
310060,1,1,2000,14,14,14,14,14,14,14,14,14,14
310061,1,1,2000,16,16,16,16,16,16,16,16,16,16
310062,1,1,2000,0,0,0,0,0,0,0,0,0,0
310062,2,1,2000,0,0,0,0,0,0,0,0,0,0
310063,1,1,2000,13,13,13,13,13,13,13,13,13,13
310063,2,1,2000,0,0,0,0,0,0,0,0,0,0
310064,0,1,2000,28,28,28,28,28,28,28,28,28,28
310064,1,1,2000,0,0,0,0,0,0,0,0,0,0
310065,1,1,2000,0,0,0,0,0,0,0,0,0,0
310065,2,1,2000,0,0,0,0,0,0,0,0,0,0
310066,1,1,2000,0,0,0,0,0,0,0,0,0,0
310066,2,1,2000,0,0,0,0,0,0,0,0,0,0
310067,1,1,2000,22,22,22,22,22,22,22,22,22,22
310068,1,1,2000,0,0,0,0,0,0,0,0,0,0
310069,1,1,2000,0,0,0,0,0,0,0,0,0,0
310069,2,1,2000,0,0,0,0,0,0,0,0,0,0
310069,3,1,2000,0,0,0,0,0,0,0,0,0,0
310070,1,1,2000,0,0,0,0,0,0,0,0,0,0
310071,1,1,2000,17,17,17,17,17,17,17,17,17,17
310072,1,1,2000,17,17,17,17,17,17,17,17,17,17
310073,1,1,2000,0,0,0,0,0,0,0,0,0,0
310073,2,1,2000,22,22,22,22,22,22,22,22,22,22
310074,1,1,2000,0,0,19,0,0,0,0,0,21,7
310075,1,1,2000,9,9,9,9,9,9,9,9,9,9
310076,1,1,2000,0,0,0,0,0,0,0,0,0,0
310076,2,1,2000,0,0,0,0,0,0,0,0,0,0
310077,1,1,2000,0,0,0,0,0,0,0,0,0,0
310077,2,1,2000,0,0,0,0,0,0,0,0,0,0
310078,1,1,2000,14,12,0,11,26,0,10,0,0,19
310078,2,1,2000,14,0,0,0,0,0,0,0,0,0
310079,0,1,2000,0,0,0,0,0,0,0,0,0,0
310079,1,1,2000,0,0,0,0,0,0,0,0,0,0
310080,1,1,2000,14,14,14,14,14,14,14,14,14,14
310080,2,1,2000,2,2,2,2,2,2,2,2,2,2
310081,0,1,2000,14,14,14,14,14,14,14,14,14,14
310081,1,1,2000,11,13,10,21,16,7,13,22,18,29
310082,1,1,2000,25,25,25,25,25,25,25,25,25,25
310083,0,1,2000,19,19,14,22,19,12,26,13,17,0
310083,1,1,2000,0,3,0,0,0,0,0,0,0,0
310084,1,1,2000,0,0,0,0,0,0,0,0,0,0
310084,2,1,2000,0,0,0,0,0,0,0,0,0,0
310085,1,1,2000,0,0,6,0,0,0,0,0,0,0
310086,1,1,2000,10,10,10,10,10,10,10,10,10,10
310086,2,1,2000,0,0,0,0,0,0,0,0,0,0
310087,1,1,2000,0,0,0,0,0,0,0,0,0,0
310087,2,1,2000,0,0,0,0,0,0,0,0,0,0
310088,1,1,2000,4,4,4,4,4,4,4,4,4,4
310088,2,1,2000,0,0,0,0,0,0,0,0,0,0
310089,1,1,2000,0,0,0,0,0,0,0,0,0,0
310089,2,1,2000,0,0,0,0,0,0,0,0,0,0
310089,3,1,2000,0,0,0,0,0,0,0,0,0,0
310090,1,1,2000,0,0,0,0,0,0,0,0,0,0
310091,1,1,2000,0,0,0,0,0,0,0,0,0,0
310092,1,1,2000,21,21,21,21,21,21,21,21,21,21
310093,0,1,2000,0,0,0,0,0,0,0,0,0,0
310093,1,1,2000,0,0,0,0,0,0,0,0,0,0
310094,1,1,2000,0,0,0,0,0,0,0,0,0,0
310095,1,1,2000,0,0,0,0,0,0,0,0,0,0
310095,2,1,2000,0,0,0,0,0,0,0,0,0,0
310096,1,1,2000,0,0,0,0,0,0,0,0,0,0
310096,2,1,2000,0,0,0,0,0,0,0,0,0,0
310097,1,1,2000,0,0,0,0,0,0,0,0,0,0
310097,2,1,2000,27,0,0,30,0,0,8,0,0,0
310098,0,1,2000,0,0,0,0,0,0,0,0,0,0
310098,1,1,2000,0,0,0,0,0,0,0,0,0,24
310099,1,1,2000,0,0,0,0,0,0,0,0,0,0
310099,2,1,2000,0,0,0,0,0,0,0,0,0,0
310099,3,1,2000,0,0,0,0,0,0,0,0,0,0
310100,1,1,2000,0,0,0,0,0,0,0,0,0,0
310100,2,1,2000,0,0,0,0,0,0,0,0,0,0
310101,1,1,2000,0,0,0,0,0,0,0,0,0,0
310101,2,1,2000,0,0,0,0,0,0,0,0,0,0
310102,1,1,2000,0,0,0,0,0,0,0,0,0,0
310102,2,1,2000,0,0,0,0,0,0,0,0,0,0
310103,1,1,2000,0,19,0,0,0,0,0,0,0,0
310104,1,1,2000,0,0,0,0,0,0,0,0,0,0
310104,2,1,2000,0,0,0,0,0,0,0,0,0,0
310105,1,1,2000,9,9,9,9,9,9,9,9,9,9
310106,1,1,2000,0,0,0,0,0,0,0,0,0,0
310107,1,1,2000,0,0,0,0,0,0,0,0,0,0
310107,2,1,2000,0,0,0,0,0,0,0,0,0,0
310108,0,1,2000,26,26,26,26,26,26,26,26,26,26
310108,1,1,2000,0,0,0,0,0,0,0,0,0,0
310109,1,1,2000,0,0,0,0,0,0,0,0,0,0
310109,2,1,2000,0,0,0,0,0,0,0,0,0,0
310110,1,1,2000,0,0,11,0,0,0,0,0,0,0
310110,2,1,2000,0,0,0,0,0,0,0,0,0,0
310111,1,1,2000,0,0,0,0,0,0,0,0,0,0
310111,2,1,2000,0,0,0,0,0,0,0,0,0,0
310112,1,1,2000,0,0,0,0,0,0,0,0,0,0
310112,2,1,2000,0,11,0,0,0,0,0,0,0,0
310113,1,1,2000,0,0,0,0,0,0,0,0,0,0
310113,2,1,2000,0,0,0,0,0,0,0,0,0,0
310114,1,1,2000,0,0,0,0,0,0,0,0,0,0
310115,1,1,2000,0,0,0,0,0,0,0,0,0,0
310116,1,1,2000,0,0,0,0,0,0,0,0,0,0
310116,2,1,2000,0,0,0,0,0,0,0,0,0,0
310117,1,1,2000,13,13,13,13,13,13,13,13,13,13
310118,1,1,2000,0,0,0,0,0,0,0,0,0,0
310118,2,1,2000,0,0,0,0,0,0,0,0,0,0
310119,1,1,2000,0,0,0,0,0,6,0,0,0,0
310119,2,1,2000,0,0,0,0,10,14,0,0,0,0
310119,3,1,2000,0,0,0,0,0,0,0,0,0,0
310120,1,1,2000,0,0,0,0,0,0,0,0,0,0
310121,0,1,2000,0,0,0,0,0,0,0,0,0,0
310121,1,1,2000,0,0,0,0,0,0,0,0,0,0
310122,1,1,2000,0,0,0,0,0,0,0,0,0,0
310123,1,1,2000,0,0,0,0,0,0,0,0,0,0
310123,2,1,2000,16,0,0,0,6,0,0,0,0,0
310124,1,1,2000,20,20,20,20,20,20,20,20,20,20
310125,1,1,2000,0,0,0,0,0,0,0,0,0,0
310125,2,1,2000,0,0,0,0,0,0,0,0,0,0
310126,1,1,2000,0,0,0,0,0,0,0,0,0,0
310127,0,1,2000,1,1,1,1,1,1,1,1,1,1
310127,1,1,2000,6,6,6,6,6,6,6,6,6,6
310127,2,1,2000,0,0,0,0,0,0,0,0,22,0
310128,1,1,2000,0,0,0,0,0,0,0,0,0,0
310128,2,1,2000,0,0,0,0,0,0,0,0,0,0
310128,3,1,2000,0,0,0,0,0,0,0,0,0,0
310128,4,1,2000,0,0,0,0,0,0,0,0,0,0
310129,1,1,2000,0,0,0,0,0,0,0,0,0,0
310129,2,1,2000,0,0,0,0,16,0,0,0,0,0
310130,1,1,2000,2,2,2,2,2,2,2,2,2,2
310130,2,1,2000,0,0,0,0,0,0,0,0,0,0
310131,1,1,2000,5,5,5,5,5,5,5,5,5,5
310131,2,1,2000,0,0,0,0,0,0,0,0,0,0
310132,1,1,2000,0,0,0,0,0,0,0,0,0,0
310132,2,1,2000,0,0,0,0,0,0,0,0,0,0
310133,1,1,2000,4,4,4,4,4,4,4,4,4,4
310134,1,1,2000,9,9,9,9,9,9,9,9,9,9
310135,0,1,2000,0,0,0,0,0,0,0,0,0,0
310135,1,1,2000,0,0,0,0,0,0,0,0,0,0
310136,1,1,2000,0,0,0,0,0,0,0,0,0,0
310137,1,1,2000,19,19,19,19,19,19,19,19,19,19
310138,0,1,2000,0,0,0,0,0,0,0,0,0,0
310138,1,1,2000,0,0,0,0,0,0,0,0,0,0
310139,1,1,2000,0,0,0,0,0,0,0,0,0,0
310139,2,1,2000,0,0,0,0,0,0,0,0,0,0
310140,1,1,2000,0,0,0,0,0,0,0,0,0,0
310141,1,1,2000,15,15,15,15,15,15,15,15,15,15
310141,2,1,2000,0,0,0,0,0,0,0,0,0,0
310141,3,1,2000,0,0,0,0,0,0,0,0,0,0
310142,1,1,2000,0,0,0,0,0,0,0,0,0,0
310142,2,1,2000,0,0,0,0,0,0,0,0,0,0
310143,1,1,2000,0,0,0,0,0,0,0,0,0,0
310143,2,1,2000,0,0,0,0,0,0,0,0,0,0
310144,1,1,2000,0,0,0,0,0,0,0,0,0,0
310144,2,1,2000,0,0,0,0,0,0,0,0,0,0
310144,3,1,2000,0,0,0,0,0,0,0,0,0,0
310145,1,1,2000,0,0,0,14,0,0,12,0,0,0
310146,1,1,2000,0,0,0,0,0,0,0,0,0,0
310146,2,1,2000,0,0,0,0,0,0,0,0,0,0
310147,1,1,2000,0,0,0,0,0,0,0,0,0,0
310147,2,1,2000,0,0,0,0,0,0,0,0,0,0
310148,1,1,2000,0,0,0,0,0,0,0,0,0,0
310148,2,1,2000,0,0,0,0,0,0,0,0,0,0
310149,1,1,2000,0,0,0,0,0,0,0,0,0,0
310149,2,1,2000,0,0,0,0,0,0,0,0,4,0
310150,1,1,2000,0,0,0,0,0,0,0,0,0,0
310150,2,1,2000,2,2,2,2,2,2,2,2,2,2
310151,1,1,2000,0,0,0,0,0,0,0,0,0,0
310152,1,1,2000,0,0,0,0,0,0,0,0,0,0
310152,2,1,2000,0,0,0,0,0,0,0,0,0,7
310153,1,1,2000,24,24,24,24,24,24,24,24,24,24
310153,2,1,2000,0,0,0,0,0,0,0,0,0,0
310154,1,1,2000,26,26,26,26,26,26,26,26,26,26
310155,1,1,2000,15,15,15,15,15,15,15,15,15,15
310155,2,1,2000,0,0,0,0,0,0,0,0,0,0
310156,1,1,2000,0,0,0,0,0,0,0,0,0,0
310156,2,1,2000,0,0,0,0,0,0,0,0,0,0
310157,1,1,2000,0,0,0,0,0,0,0,0,0,0
310157,2,1,2000,0,0,0,0,0,0,0,0,0,0
310158,0,1,2000,0,0,0,0,0,0,0,0,0,0
310158,1,1,2000,0,0,0,0,0,0,0,0,0,0
310159,1,1,2000,0,0,0,0,0,0,0,0,0,0
310160,1,1,2000,0,0,0,0,0,0,0,0,0,0
310161,1,1,2000,0,0,0,0,0,0,0,0,0,0
310162,1,1,2000,14,14,14,14,14,14,14,14,14,14
310162,2,1,2000,0,0,0,0,0,0,0,0,0,0
310163,1,1,2000,21,21,21,21,21,21,21,21,21,21
310164,1,1,2000,21,21,21,21,21,21,21,21,21,21
310165,1,1,2000,0,0,0,0,0,0,0,0,0,0
310165,2,1,2000,0,0,0,0,0,0,0,0,0,0
310166,1,1,2000,2,2,2,2,2,2,2,2,2,2
310166,2,1,2000,0,0,0,0,0,0,0,0,0,0
310167,1,1,2000,27,27,27,27,27,27,27,27,27,27
310168,1,1,2000,0,0,0,0,0,0,0,0,0,0
310168,2,1,2000,0,0,0,0,0,0,0,0,0,0
310169,1,1,2000,0,0,0,0,0,0,0,0,0,0
310169,2,1,2000,0,0,0,0,0,0,0,0,0,0
310170,1,1,2000,0,0,0,0,0,0,0,16,0,0
310170,2,1,2000,0,0,0,0,0,0,0,0,0,0
310171,1,1,2000,0,0,0,0,0,0,0,0,0,0
310171,2,1,2000,0,0,0,0,0,0,0,0,0,0
310172,1,1,2000,15,15,15,15,15,15,15,15,15,15
310173,1,1,2000,0,0,0,0,0,0,0,0,0,0
310174,1,1,2000,0,0,0,0,0,0,0,0,0,0
310175,1,1,2000,0,0,0,0,0,0,0,0,0,0
310176,1,1,2000,0,0,0,0,0,0,0,0,0,0
310177,1,1,2000,0,0,0,34,0,3,21,26,31,28
310178,1,1,2000,13,13,13,13,13,13,13,13,13,13
310179,1,1,2000,9,0,0,37,0,0,0,0,0,0
310180,1,1,2000,0,0,0,0,0,0,0,0,0,0
310180,2,1,2000,0,0,0,0,0,0,0,0,0,0
310181,1,1,2000,0,0,0,0,0,0,0,0,0,0
310181,2,1,2000,0,0,0,0,0,0,0,0,0,0
310182,1,1,2000,23,23,23,23,23,23,23,23,23,23
310183,1,1,2000,0,0,0,0,0,0,0,0,0,0
310183,2,1,2000,11,11,11,11,11,11,11,11,11,11
310184,1,1,2000,0,0,0,0,0,0,0,0,0,0
310184,2,1,2000,0,0,0,0,0,0,0,0,0,0
310185,1,1,2000,0,0,0,0,0,0,0,0,0,0
310186,1,1,2000,6,6,6,6,6,6,6,6,6,6
310186,2,1,2000,0,0,0,0,0,0,0,0,0,0
310187,1,1,2000,0,0,0,0,0,0,0,0,0,0
310187,2,1,2000,0,0,0,0,0,0,0,0,0,0
310188,0,1,2000,0,0,0,0,0,0,0,0,0,0
310188,1,1,2000,0,0,0,0,0,0,0,0,0,0
310189,1,1,2000,11,11,11,11,11,11,11,11,11,11
310189,2,1,2000,0,0,0,0,0,0,0,0,0,0
310190,1,1,2000,0,0,0,0,0,0,0,0,0,0
310190,2,1,2000,0,0,0,0,0,0,0,0,0,0
310191,1,1,2000,0,0,0,0,0,0,0,0,0,0
310191,2,1,2000,0,0,0,0,0,0,0,0,0,0
310192,1,1,2000,0,0,0,0,0,0,0,0,0,26
310193,1,1,2000,0,0,0,0,0,0,0,0,0,0
310193,2,1,2000,0,0,0,0,0,0,0,0,0,0
310193,3,1,2000,0,0,0,0,0,0,0,0,0,0
310194,1,1,2000,0,0,0,0,0,0,0,0,0,0
310195,1,1,2000,0,0,0,0,0,0,0,0,0,0
310196,1,1,2000,0,0,0,0,0,0,0,0,0,0
310196,2,1,2000,0,0,0,0,0,0,0,0,0,0
310197,1,1,2000,9,9,9,9,9,9,9,9,9,9
310198,1,1,2000,7,7,7,7,7,7,7,7,7,7
310198,2,1,2000,0,0,0,0,0,0,0,0,0,0
310199,1,1,2000,0,0,0,0,0,0,0,0,0,0
310199,2,1,2000,0,0,0,0,0,0,0,0,0,0
310200,0,1,2000,0,0,0,0,0,0,0,0,0,0
310200,0,2,2000,0,0,0,0,0,0,0,0,0,0
310200,1,1,2000,0,0,0,0,0,0,0,0,0,0