ST_CASE,VEH_NO,PER_NO,YEAR,P1,P2,P3,P4,P5,P6,P7,P8,P9,P10
320226,1,1,2000,0,0,0,0,0,0,0,0,0,0
320227,1,1,2000,0,0,0,0,0,0,0,0,0,0
320228,0,1,2000,0,0,0,0,0,0,0,0,0,0
320228,0,2,2000,0,0,0,0,0,0,0,0,0,0
320228,1,1,2000,13,0,0,5,0,0,0,0,0,0
320229,1,1,2000,0,0,0,0,0,0,0,0,0,0
320230,1,1,2000,25,19,13,17,39,15,16,43,31,27
320231,1,1,2000,0,0,0,0,0,0,0,0,0,0
320232,1,1,2000,0,0,0,0,0,0,0,0,0,0
320233,1,1,2000,18,18,18,18,18,18,18,18,18,18
320234,1,1,2000,0,0,0,0,0,0,0,0,0,0
320234,2,1,2000,0,0,0,0,0,0,0,0,0,0
320234,3,1,2000,0,0,0,0,0,0,0,0,0,0
320235,1,1,2000,18,18,18,18,18,18,18,18,18,18
320236,1,1,2000,0,0,0,0,0,0,0,0,0,0
320237,1,1,2000,0,0,0,0,0,0,0,0,0,0
320238,1,1,2000,0,0,0,0,0,0,0,0,0,0
320239,0,1,2000,0,0,0,0,0,0,0,0,0,33
320239,1,1,2000,0,19,0,0,0,0,0,0,0,0
320240,1,1,2000,0,0,17,9,4,0,19,11,0,0
320240,2,1,2000,0,0,0,0,0,0,0,0,0,0
320241,1,1,2000,14,14,14,14,14,14,14,14,14,14
320242,0,1,2000,44,44,44,44,44,44,44,44,44,44
320242,1,1,2000,0,0,0,0,0,0,0,0,0,0
320242,2,1,2000,0,0,0,0,0,0,0,0,0,0
320242,3,1,2000,0,0,11,0,0,0,0,0,0,0
320243,1,1,2000,0,0,0,0,0,0,0,0,0,0
320244,1,1,2000,0,0,0,0,18,0,0,0,0,0
320245,1,1,2000,0,0,0,0,19,0,0,0,0,0
320245,2,1,2000,0,0,0,0,0,0,0,0,0,0
320246,1,1,2000,12,0,0,0,0,0,0,0,0,0
320246,2,1,2000,0,0,0,0,0,0,24,19,0,0
320246,3,1,2000,0,32,0,24,0,0,0,11,10,0
320247,1,1,2000,0,0,0,0,0,0,0,0,0,0
320248,1,1,2000,0,0,0,0,0,0,0,0,0,0
320249,1,1,2000,0,17,9,25,0,17,23,0,31,0
320250,1,1,2000,31,31,31,31,31,31,31,31,31,31
320251,1,1,2000,19,0,18,13,0,14,21,0,20,23
320252,1,1,2000,24,24,24,24,24,24,24,24,24,24
320252,2,1,2000,0,0,0,0,0,0,0,0,0,0
320252,3,1,2000,0,0,0,0,0,0,0,0,0,0
320253,1,1,2000,0,0,0,0,0,0,0,0,0,0
320253,2,1,2000,0,0,0,0,0,0,0,0,0,0
320254,1,1,2000,0,0,0,0,0,0,0,0,0,0
320255,1,1,2000,0,0,0,16,0,0,0,0,0,0
320255,2,1,2000,0,0,0,0,0,0,0,0,0,0
320256,1,1,2000,0,11,0,0,0,0,0,0,0,0
320257,1,1,2000,0,0,0,0,0,0,0,0,0,0
320258,1,1,2000,0,0,0,0,0,0,0,0,0,0
320258,2,1,2000,0,0,0,0,0,0,0,0,0,0
320259,1,1,2000,2,2,2,2,2,2,2,2,2,2
320260,1,1,2000,10,10,10,10,10,10,10,10,10,10
320260,2,1,2000,0,0,0,0,0,0,0,0,0,0
320260,3,1,2000,0,0,0,0,0,0,0,0,0,0
320261,0,1,2000,0,0,0,0,0,0,0,0,0,0
320261,1,1,2000,0,0,0,0,0,0,0,0,17,0
320262,0,1,2000,0,0,0,0,0,0,0,0,0,0
320262,1,1,2000,0,0,0,0,0,0,0,0,0,0
320263,1,1,2000,14,21,9,13,12,15,0,0,0,17
320264,1,1,2000,20,0,0,0,0,0,0,0,0,15
320264,2,1,2000,0,0,0,0,0,0,0,0,0,0
320265,1,1,2000,0,0,0,0,0,0,0,0,0,0
320265,2,1,2000,0,0,0,0,0,0,0,0,0,0
320265,3,1,2000,0,0,0,0,0,0,0,0,0,0
320265,4,1,2000,0,0,0,0,0,0,0,0,0,0
320266,1,1,2000,0,0,0,0,0,0,0,0,0,0
320266,2,1,2000,11,11,11,11,11,11,11,11,11,11
330001,1,1,2000,0,0,0,0,0,0,0,0,17,0
330002,1,1,2000,10,10,10,10,10,10,10,10,10,10
330003,1,1,2000,10,10,10,10,10,10,10,10,10,10
330004,0,1,2000,0,0,0,0,0,0,0,0,0,0
330004,1,1,2000,0,0,0,0,0,0,0,0,0,0
330005,1,1,2000,3,3,3,3,3,3,3,3,3,3
330005,2,1,2000,0,0,0,0,0,0,0,0,0,0
330006,1,1,2000,12,31,14,21,15,23,30,16,26,10
330007,1,1,2000,0,0,0,0,0,0,0,0,0,0
330008,1,1,2000,0,0,0,0,0,0,11,0,0,0
330009,1,1,2000,0,0,0,0,0,0,0,0,0,0
330010,1,1,2000,0,0,0,0,0,0,0,0,0,0
330010,2,1,2000,0,0,0,0,0,0,0,0,0,0
330011,1,1,2000,19,19,19,19,19,19,19,19,19,19
330012,1,1,2000,0,0,0,0,0,0,0,0,0,0
330012,2,1,2000,0,0,0,0,0,0,0,0,0,0
330013,1,1,2000,0,16,21,0,0,9,11,14,0,0
330013,2,1,2000,17,0,0,0,10,0,12,0,0,23
330014,1,1,2000,0,0,0,0,0,0,0,0,0,0
330014,2,1,2000,0,0,0,0,0,0,0,0,0,0
330015,1,1,2000,0,0,0,0,0,0,0,0,0,0
330016,1,1,2000,0,0,0,0,0,0,0,0,0,0
330016,2,1,2000,0,0,0,0,0,0,0,0,0,0
330017,1,1,2000,0,0,0,0,0,0,0,0,0,0
330018,0,1,2000,0,0,0,0,0,0,0,0,0,0
330018,1,1,2000,0,0,0,0,0,0,0,0,0,0
330019,1,1,2000,0,0,0,0,0,0,0,0,0,0
330019,2,1,2000,0,0,0,0,0,0,0,0,0,0
330020,0,1,2000,0,0,0,0,0,6,0,15,0,0
330020,2,1,2000,0,0,0,0,0,0,0,0,0,0
330021,1,1,2000,1,1,1,1,1,1,1,1,1,1
330021,2,1,2000,0,0,0,0,0,0,0,0,0,0
330021,3,1,2000,0,0,0,0,0,0,0,0,0,0
330023,1,1,2000,0,0,0,0,0,0,0,0,0,0
330024,1,1,2000,21,21,21,21,21,21,21,21,21,21
330025,1,1,2000,23,23,23,23,23,23,23,23,23,23
330026,1,1,2000,0,0,0,0,0,0,0,0,0,0
330027,1,1,2000,0,0,0,0,0,0,0,0,0,0
330027,2,1,2000,0,0,0,0,0,0,0,0,0,0
330027,3,1,2000,0,0,0,0,0,9,0,0,19,0
330027,4,1,2000,0,0,0,19,0,16,0,0,0,0
330028,1,1,2000,9,9,9,9,9,9,9,9,9,9
330028,2,1,2000,12,12,12,12,12,12,12,12,12,12
330029,2,1,2000,0,0,0,0,0,0,0,0,0,0
330030,1,1,2000,0,0,0,0,0,0,0,0,0,0
330030,2,1,2000,6,6,6,6,6,6,6,6,6,6
330031,1,1,2000,11,11,11,11,11,11,11,11,11,11
330031,2,1,2000,19,0,17,12,38,9,29,22,0,13
330032,1,1,2000,23,23,23,23,23,23,23,23,23,23
330032,2,1,2000,0,0,0,0,0,0,0,0,0,0
330032,3,1,2000,0,0,0,0,0,0,0,0,0,0
330032,4,1,2000,0,0,0,0,0,0,0,14,0,8
330033,1,1,2000,13,13,13,13,13,13,13,13,13,13
330034,1,1,2000,0,0,0,0,0,0,0,0,0,0
330034,2,1,2000,0,0,0,0,0,0,0,0,0,0
330035,1,1,2000,0,0,0,0,0,0,0,0,0,0
330036,1,1,2000,0,0,0,0,18,0,0,0,0,0
330036,2,1,2000,0,0,0,0,0,0,0,0,0,0
330037,1,1,2000,15,15,15,15,15,15,15,15,15,15
330037,2,1,2000,0,0,0,0,0,0,0,0,0,0
330038,1,1,2000,0,0,0,0,0,0,0,0,0,0
330039,0,1,2000,20,20,20,20,20,20,20,20,20,20
330039,1,1,2000,10,0,0,12,0,20,0,0,0,20
330040,1,1,2000,10,10,10,10,10,10,10,10,10,10
330040,2,1,2000,0,0,0,0,0,0,0,0,0,0
330041,1,1,2000,0,0,0,0,11,0,0,16,0,0
330042,1,1,2000,0,0,0,0,0,0,0,0,0,0
330042,2,1,2000,0,0,0,0,0,0,0,0,0,0
330043,1,1,2000,22,22,22,22,22,22,22,22,22,22
330044,1,1,2000,7,7,7,7,7,7,7,7,7,7
330045,1,1,2000,0,0,0,0,0,0,0,0,5,0
330046,1,1,2000,0,0,0,0,0,0,0,0,0,0
330047,1,1,2000,0,0,0,0,0,0,0,0,0,0
330047,2,1,2000,0,0,0,0,0,0,0,0,0,0
330048,1,1,2000,20,20,20,20,20,20,20,20,20,20
330049,1,1,2000,0,0,0,15,0,0,0,0,0,10
330049,2,1,2000,18,18,18,18,18,18,18,18,18,18
330050,1,1,2000,11,11,11,11,11,11,11,11,11,11
330051,1,1,2000,24,24,24,24,24,24,24,24,24,24
330052,1,1,2000,0,0,0,0,0,0,0,0,0,0
330053,1,1,2000,0,0,0,0,0,0,0,0,0,0
330054,1,1,2000,0,0,0,0,0,0,0,0,0,0
330054,2,1,2000,0,0,0,0,0,0,0,0,0,0
330055,1,1,2000,0,0,0,0,0,0,0,0,0,0
330056,1,1,2000,0,0,0,0,0,0,0,0,0,0
330057,1,1,2000,0,0,0,0,0,0,0,0,0,0
330057,2,1,2000,0,0,0,0,0,0,0,0,0,0
330058,1,1,2000,24,24,24,24,24,24,24,24,24,24
330059,1,1,2000,0,13,18,5,0,23,26,19,14,0
330060,1,1,2000,28,28,28,28,28,28,28,28,28,28
330062,1,1,2000,0,0,0,0,0,0,0,0,0,0
330063,1,1,2000,0,0,0,0,0,0,0,0,0,0
330064,1,1,2000,17,17,17,17,17,17,17,17,17,17
330065,1,1,2000,0,0,0,23,0,0,0,23,8,0
330065,2,1,2000,0,0,0,0,0,0,0,0,0,0
330066,1,1,2000,5,19,0,7,0,7,0,7,0,7
330066,2,1,2000,0,0,0,0,0,15,29,0,13,14
330066,3,1,2000,10,0,0,0,19,0,0,0,0,0
330066,4,1,2000,23,23,23,23,23,23,23,23,23,23
330067,1,1,2000,13,13,13,13,13,13,13,13,13,13
330068,1,1,2000,12,12,12,12,12,12,12,12,12,12
330069,0,1,2000,0,0,0,21,23,0,0,33,0,0
330069,1,1,2000,0,18,0,0,0,0,0,0,0,10
330070,1,1,2000,0,0,0,0,0,0,0,0,0,0
330070,2,1,2000,0,0,0,0,0,0,0,0,0,0
330071,1,1,2000,13,13,13,13,13,13,13,13,13,13
330072,1,1,2000,8,8,8,8,8,8,8,8,8,8
330073,1,1,2000,13,13,13,13,13,13,13,13,13,13
330074,1,1,2000,0,0,30,13,0,14,0,15,7,14
330075,1,1,2000,22,22,22,22,22,22,22,22,22,22
330076,1,1,2000,0,0,0,0,0,0,0,0,0,0
330076,2,1,2000,0,0,0,0,0,0,0,0,0,0
330077,1,1,2000,0,0,0,0,0,0,0,0,0,0
330078,1,1,2000,0,13,0,10,10,0,10,6,0,33
330079,1,1,2000,0,0,0,0,0,0,0,0,0,0
330080,1,1,2000,1,1,1,1,1,1,1,1,1,1
330080,2,1,2000,19,19,19,19,19,19,19,19,19,19
330081,1,1,2000,0,0,0,0,0,0,0,0,0,0
330082,0,1,2000,19,19,19,19,19,19,19,19,19,19
330082,1,1,2000,0,0,0,0,0,0,8,0,0,0
330083,1,1,2000,0,0,0,0,0,0,0,0,0,0
330084,1,1,2000,0,0,0,0,0,0,0,0,0,0
330085,1,1,2000,22,22,22,22,22,22,22,22,22,22
330086,1,1,2000,23,23,23,23,23,23,23,23,23,23
330087,1,1,2000,0,0,0,0,0,0,0,0,0,0
330088,1,1,2000,0,0,0,0,0,0,0,0,0,0
330088,2,1,2000,0,0,0,0,0,0,0,0,0,0
330089,1,1,2000,0,0,0,0,0,0,0,0,0,0
330089,2,1,2000,0,0,0,0,0,0,0,0,0,0
330090,1,1,2000,0,0,0,0,0,0,0,0,0,0
330091,1,1,2000,0,0,0,0,0,0,0,0,0,0
330091,2,1,2000,0,0,0,0,0,0,0,0,0,0
330092,1,1,2000,0,0,0,0,0,0,0,0,0,0
330093,1,1,2000,0,0,0,0,0,0,0,0,0,0
330094,1,1,2000,0,0,0,0,0,0,0,0,0,0
330094,2,1,2000,0,0,0,0,0,0,0,0,0,0
330095,1,1,2000,0,0,0,0,0,0,0,0,0,0
330095,2,1,2000,0,0,0,0,0,0,0,0,0,0
330096,1,1,2000,20,20,20,20,20,20,20,20,20,20
330097,1,1,2000,12,12,12,12,12,12,12,12,12,12
330098,1,1,2000,0,0,0,0,0,0,0,0,0,0
330098,2,1,2000,0,0,0,0,0,0,0,0,0,0
330098,3,1,2000,0,0,0,0,0,0,0,0,0,0
330099,0,1,2000,0,0,0,0,0,0,0,0,0,0
330099,1,1,2000,0,0,0,0,0,0,0,0,0,0
330100,1,1,2000,0,12,0,3,0,0,0,0,0,0
330100,2,1,2000,0,0,0,0,0,0,0,0,0,0
330101,1,1,2000,0,0,0,0,0,0,0,0,0,0
330101,2,1,2000,0,0,0,0,0,0,18,0,0,0
330101,3,1,2000,0,0,0,0,0,0,0,24,0,0
330102,1,1,2000,0,0,0,0,0,0,0,0,0,0
330102,2,1,2000,0,0,0,0,0,0,0,0,0,0
330103,1,1,2000,0,0,0,0,18,8,0,0,0,25
330104,1,1,2000,0,0,0,0,0,0,0,0,2,0
330104,2,1,2000,0,0,0,0,0,0,0,0,0,0
330105,1,1,2000,0,0,0,0,0,0,0,0,0,0
330106,1,1,2000,20,20,20,20,20,20,20,20,20,20
330107,1,1,2000,0,0,0,0,0,0,0,0,0,0
330108,1,1,2000,0,0,0,0,0,0,0,0,0,0
330109,1,1,2000,26,26,26,26,26,26,26,26,26,26
330110,1,1,2000,0,0,0,0,0,0,0,0,0,0
330111,1,1,2000,9,9,9,9,9,9,9,9,9,9
330112,1,1,2000,24,24,24,24,24,24,24,24,24,24
330112,2,1,2000,0,0,0,0,0,0,0,0,0,0
330112,3,1,2000,0,0,0,0,0,0,0,0,0,0
330113,1,1,2000,0,0,0,0,0,0,0,0,0,0
330113,2,1,2000,0,0,0,0,0,0,0,0,0,0
330114,1,1,2000,0,0,0,0,0,0,0,0,0,0
330115,1,1,2000,13,13,13,13,13,13,13,13,13,13
330116,1,1,2000,0,0,0,0,0,0,0,0,0,0
330117,1,1,2000,0,0,0,0,0,0,0,0,0,0
330117,2,1,2000,0,0,0,0,0,0,0,0,0,0
330118,0,1,2000,23,22,0,0,16,33,0,8,4,17
330118,1,1,2000,0,0,0,0,0,0,11,0,0,0
330119,1,1,2000,0,0,0,0,0,0,0,0,0,0
330119,2,1,2000,0,0,0,0,0,0,0,0,0,0
340001,0,1,2000,0,0,0,0,0,0,0,0,0,0
340001,1,1,2000,0,0,0,9,0,0,0,0,5,0
340002,1,1,2000,0,0,0,0,0,0,0,0,0,0
340003,1,1,2000,24,24,24,24,24,24,24,24,24,24
340003,2,1,2000,0,0,0,0,0,0,0,0,0,0
340004,0,1,2000,0,0,0,0,0,0,0,0,0,0
340004,1,1,2000,0,0,0,0,0,0,0,0,0,0
340005,1,1,2000,0,0,0,0,0,0,0,0,0,0
340006,1,1,2000,0,0,0,0,9,0,0,0,0,0
340006,2,1,2000,0,0,0,0,0,0,0,0,0,0
340007,1,1,2000,0,19,0,0,0,0,0,0,0,14
340007,2,1,2000,0,0,0,0,0,0,0,19,0,0
340008,0,4,2000,5,0,0,14,0,0,0,15,0,0
340008,1,1,2000,22,22,22,22,22,22,22,22,22,22
340009,1,1,2000,0,0,0,0,0,6,0,0,0,0
340010,1,1,2000,0,0,0,0,0,0,0,0,8,0
340010,2,1,2000,0,0,0,0,0,0,0,16,0,0
340010,3,1,2000,0,0,0,0,0,0,0,0,0,0
340011,1,1,2000,0,0,0,0,0,0,0,0,0,0
340011,2,1,2000,0,0,0,0,9,0,0,0,0,0
340011,3,1,2000,0,0,0,12,0,0,0,0,0,0
340011,4,1,2000,0,11,0,0,0,0,8,0,0,0
340012,0,1,2000,0,0,0,0,0,0,0,0,0,0
340012,1,1,2000,0,0,0,0,0,0,0,0,0,0
340013,1,1,2000,0,0,0,0,0,0,0,0,0,0
340013,2,1,2000,0,0,0,0,0,0,0,0,0,2
340014,1,1,2000,0,0,0,0,0,0,0,0,0,0
340015,1,1,2000,0,0,0,0,0,0,0,0,0,0
340016,0,1,2000,0,0,0,0,0,0,0,24,0,0
340016,1,1,2000,0,0,0,0,0,0,0,0,0,0
340017,1,1,2000,0,0,0,0,0,0,0,0,0,0
340018,1,1,2000,0,0,0,0,0,0,0,0,0,0
340018,2,1,2000,7,7,7,7,7,7,7,7,7,7
340019,1,1,2000,21,21,21,21,21,21,21,21,21,21
340020,1,1,2000,28,28,28,28,28,28,28,28,28,28
340021,0,1,2000,0,0,18,0,0,0,0,0,0,0
340021,1,1,2000,0,0,0,0,0,0,0,0,0,0
340022,1,1,2000,0,0,0,31,0,11,0,0,0,0
340022,2,1,2000,0,0,0,0,0,0,0,0,0,0
340023,0,1,2000,18,18,18,18,18,18,18,18,18,18
340023,1,1,2000,0,0,0,0,0,0,0,0,0,0
340024,1,1,2000,0,0,0,0,0,0,0,0,0,0
340024,2,1,2000,25,25,25,25,25,25,25,25,25,25
340025,1,1,2000,0,0,0,0,0,0,0,10,16,0
340025,2,1,2000,24,24,24,24,24,24,24,24,24,24
340027,0,1,2000,0,0,0,0,0,0,0,0,0,0
340027,1,1,2000,0,0,0,0,18,0,0,0,0,0
340028,0,1,2000,0,0,0,0,0,0,0,0,0,0
340028,0,2,2000,26,11,25,34,10,33,0,0,0,20
340028,0,3,2000,0,0,0,0,24,0,0,36,0,14
340028,0,4,2000,11,0,16,0,12,0,0,0,0,0
340028,0,5,2000,23,0,0,17,19,0,0,0,0,0
340028,1,1,2000,0,0,0,0,0,0,0,0,0,0
340029,1,1,2000,20,20,20,20,20,20,20,20,20,20
340030,1,1,2000,12,12,12,12,12,12,12,12,12,12
340030,2,1,2000,0,0,0,0,0,0,13,0,28,0
340030,3,1,2000,0,0,0,0,0,0,0,0,0,0
340031,1,1,2000,0,0,0,0,0,0,0,0,0,0
340031,2,1,2000,0,0,0,0,0,0,0,0,0,0
340032,1,1,2000,20,20,20,20,20,20,20,20,20,20
340033,1,1,2000,0,0,20,0,24,0,0,0,0,0
340033,2,1,2000,0,0,0,0,0,0,6,0,0,0
340034,1,1,2000,0,15,0,0,0,0,0,0,0,0
340034,2,1,2000,20,0,0,0,0,0,9,8,0,0
340035,0,1,2000,0,0,0,0,0,0,0,0,0,0
340035,1,1,2000,0,0,0,0,0,0,0,0,0,0
340036,1,1,2000,0,0,0,0,0,0,0,0,0,0
340036,2,1,2000,0,0,0,0,0,0,0,0,0,0
340037,1,1,2000,0,0,0,0,0,0,0,0,0,0
340038,1,1,2000,11,11,11,11,11,11,11,11,11,11
340039,1,1,2000,0,0,0,0,0,0,0,0,0,0
340039,2,1,2000,0,0,0,0,0,0,0,0,0,0
340040,1,1,2000,2,2,2,2,2,2,2,2,2,2
340040,2,1,2000,15,0,0,8,16,0,0,0,0,25
340041,0,1,2000,0,0,0,0,0,0,0,0,0,0
340041,1,1,2000,0,0,0,0,0,0,0,0,0,0
340042,1,1,2000,0,0,0,0,0,0,0,0,0,0
340042,2,1,2000,0,0,6,0,0,0,0,0,0,0
340043,0,1,2000,0,0,0,0,0,0,0,0,0,0
340043,1,1,2000,0,0,0,0,0,0,0,0,0,0
340044,1,1,2000,0,0,0,0,0,0,0,0,0,0
340044,2,1,2000,0,0,0,0,0,0,0,0,0,0
340045,1,1,2000,15,15,15,15,15,15,15,15,15,15
340045,2,1,2000,0,0,0,0,0,0,0,0,0,0
340045,3,1,2000,12,0,0,0,0,0,0,0,0,0
340046,1,1,2000,2,2,2,2,2,2,2,2,2,2
340046,2,1,2000,0,0,0,0,0,0,0,0,0,0
340047,1,1,2000,6,6,6,6,6,6,6,6,6,6
340048,1,1,2000,0,0,0,0,0,0,0,0,0,0
340048,2,1,2000,0,0,0,0,0,0,0,0,0,0
340049,0,1,2000,9,0,0,0,0,0,0,0,0,0
340049,1,1,2000,0,18,0,5,0,14,0,0,0,0
340050,1,1,2000,0,0,0,0,0,0,0,0,0,0
340050,2,1,2000,0,0,0,0,0,0,0,0,0,0
340051,0,1,2000,0,12,0,0,0,0,0,0,14,0
340051,1,1,2000,0,0,0,0,0,0,0,0,0,0
340052,1,1,2000,5,5,5,5,5,5,5,5,5,5
340053,1,1,2000,19,19,19,19,19,19,19,19,19,19
340054,1,1,2000,26,26,26,26,26,26,26,26,26,26
340054,2,1,2000,0,0,0,0,0,0,0,0,0,0
340055,1,1,2000,0,0,0,0,0,0,0,0,0,0
340056,1,1,2000,0,0,0,0,0,0,0,0,0,0
340057,1,1,2000,0,0,0,0,0,15,0,0,0,0
340057,2,1,2000,0,0,0,0,16,0,0,0,0,0
340057,3,1,2000,0,0,0,0,0,0,0,0,0,0
340058,0,1,2000,28,28,28,28,28,28,28,28,28,28
340058,1,1,2000,0,0,0,0,0,0,0,0,0,0
340059,1,1,2000,0,0,0,0,17,0,0,0,0,0
340059,2,1,2000,0,0,0,0,0,0,0,0,0,0
340060,0,1,2000,0,0,0,0,0,0,0,0,0,0
340060,1,1,2000,0,0,0,13,14,0,0,0,0,0
340061,0,1,2000,0,0,0,0,0,0,0,0,0,0
340061,1,1,2000,0,0,0,0,0,0,3,0,0,0
340062,0,1,2000,0,0,0,0,0,0,0,0,0,0
340062,0,2,2000,16,0,0,0,0,0,0,0,0,5
340062,1,1,2000,0,0,0,0,0,0,0,0,0,0
340063,1,1,2000,6,6,6,6,6,6,6,6,6,6
340064,1,1,2000,0,0,0,0,0,0,0,0,0,0
340064,2,1,2000,0,0,0,0,0,0,0,0,0,0
340064,3,1,2000,0,0,0,0,0,18,0,0,15,0
340065,1,1,2000,0,0,0,0,0,0,0,0,0,0
340065,2,1,2000,0,0,0,0,0,0,0,0,0,0
340066,1,1,2000,0,0,0,0,0,0,0,0,0,0
340067,1,1,2000,13,0,0,0,15,0,12,14,9,15
340068,1,1,2000,0,0,0,0,0,0,0,0,0,0
340070,1,1,2000,0,0,0,0,0,0,0,0,0,0
340071,1,1,2000,4,4,4,4,4,4,4,4,4,4
340072,1,1,2000,20,20,20,20,20,20,20,20,20,20
340073,1,1,2000,28,28,28,28,28,28,28,28,28,28
340073,2,1,2000,0,0,14,19,25,14,9,13,0,0
340074,1,1,2000,0,0,0,0,0,0,0,0,0,0
340074,2,1,2000,0,0,0,0,0,0,0,0,0,0
340075,1,1,2000,0,0,0,0,0,0,0,0,0,0
340075,2,1,2000,0,12,0,11,0,0,0,0,0,0
340076,1,1,2000,0,0,0,0,0,0,0,0,0,0
340076,2,1,2000,0,0,0,0,0,0,0,0,0,0
340077,0,1,2000,0,0,0,0,0,0,0,0,0,0
340077,1,1,2000,0,0,0,0,0,0,0,0,0,0
340079,1,1,2000,0,0,0,0,0,0,0,0,0,0
340079,2,1,2000,0,0,0,0,0,0,0,0,0,0
340080,1,1,2000,0,0,0,0,0,0,0,0,0,0
340080,2,1,2000,0,0,0,0,0,0,0,0,0,30
340080,3,1,2000,0,0,0,0,0,0,0,0,0,0
340081,0,1,2000,0,0,0,0,0,0,0,0,0,17
340081,1,1,2000,0,0,12,12,0,0,0,0,0,0
340082,1,1,2000,0,0,0,0,0,0,0,0,0,0
340082,2,1,2000,0,0,0,0,0,0,0,0,0,0
340083,0,1,2000,0,0,0,0,0,0,0,0,0,0
340083,1,1,2000,0,0,0,0,0,0,0,0,0,0
340084,0,1,2000,0,0,0,0,0,0,0,0,0,0
340084,1,1,2000,0,0,0,24,0,0,25,14,9,0
340085,0,1,2000,1,1,1,1,1,1,1,1,1,1
340085,1,1,2000,6,0,0,0,29,0,5,0,0,0
340086,0,1,2000,0,0,0,0,0,0,0,0,0,0
340086,1,1,2000,0,0,0,0,0,0,0,0,0,0
340087,0,1,2000,0,0,0,0,0,0,0,0,0,0
340087,1,1,2000,0,0,0,0,0,0,9,0,0,17
340088,0,1,2000,0,0,0,0,0,0,0,0,0,0
340088,1,1,2000,0,0,9,0,0,0,0,0,0,0
340089,0,1,2000,34,34,34,34,34,34,34,34,34,34
340089,1,1,2000,0,0,0,0,0,0,0,0,0,0
340090,1,1,2000,13,0,0,0,0,0,0,0,0,0
340090,2,1,2000,0,0,0,0,0,0,0,0,0,0
340091,1,1,2000,0,0,0,0,0,0,0,0,0,0
340091,2,1,2000,0,0,0,17,0,0,0,0,0,0
340092,1,1,2000,0,0,0,0,0,0,0,0,0,0
340092,2,1,2000,0,0,0,0,0,0,0,0,0,0
340093,1,1,2000,0,0,0,0,0,0,0,0,0,0
340094,1,1,2000,18,18,18,18,18,18,18,18,18,18
340095,1,1,2000,0,0,0,0,0,0,0,0,0,0
340096,0,1,2000,0,0,0,0,0,0,0,0,0,0
340096,1,1,2000,0,0,0,0,0,0,0,15,0,0
340097,0,1,2000,18,9,0,0,0,0,26,0,0,0
340097,0,2,2000,0,0,0,10,12,30,0,0,0,4
340097,1,1,2000,0,0,0,0,0,0,0,0,0,0
340101,1,1,2000,0,0,0,0,0,0,0,0,0,0
340101,2,1,2000,0,0,0,0,0,0,0,0,0,0
340102,1,1,2000,0,0,0,0,0,0,0,0,0,0
340102,2,1,2000,0,0,0,0,0,0,0,0,0,0
340102,3,1,2000,0,12,0,0,0,0,0,0,0,5
340103,1,1,2000,15,15,15,15,15,15,15,15,15,15
340104,0,1,2000,33,33,33,33,33,33,33,33,33,33
340104,1,1,2000,0,0,0,0,0,0,0,0,0,0
340105,1,1,2000,14,14,14,14,14,14,14,14,14,14
340106,1,1,2000,0,0,0,0,0,0,0,0,0,0
340106,2,1,2000,0,0,0,11,0,16,5,0,0,0
340107,1,1,2000,17,17,17,17,17,17,17,17,17,17
340108,1,1,2000,0,0,0,0,0,0,0,0,0,0
340108,2,1,2000,0,0,0,0,9,0,0,10,7,0
340109,0,1,2000,0,0,0,0,0,0,0,0,0,0
340109,1,1,2000,0,0,0,24,0,0,12,0,0,0
340110,1,1,2000,0,0,0,0,0,0,0,0,0,0
340110,2,1,2000,0,0,0,0,0,0,0,0,0,0
340111,1,1,2000,9,9,9,9,9,9,9,9,9,9
340112,1,1,2000,16,16,16,16,16,16,16,16,16,16
340113,1,1,2000,0,0,0,0,0,0,0,0,0,0
340113,2,1,2000,0,0,0,0,0,0,0,0,0,0
340114,0,1,2000,21,32,30,34,0,24,0,12,4,29
340114,1,1,2000,10,0,5,0,12,5,0,0,0,2
340115,1,1,2000,22,22,22,22,22,22,22,22,22,22
340116,1,1,2000,0,0,0,0,0,0,0,0,0,0
340116,2,1,2000,4,4,4,4,4,4,4,4,4,4
340117,0,1,2000,0,0,0,0,0,0,0,0,0,0
340117,1,1,2000,0,0,0,0,0,0,0,0,0,0
340118,1,1,2000,10,10,10,10,10,10,10,10,10,10
340119,1,1,2000,0,0,0,0,0,0,0,0,0,0
340119,2,1,2000,0,0,0,0,0,0,0,0,0,0
340119,3,1,2000,0,0,0,0,0,0,0,0,0,0
340120,1,1,2000,0,0,0,0,0,0,0,0,0,0
340121,1,1,2000,3,3,3,3,3,3,3,3,3,3
340122,0,1,2000,0,0,0,0,0,0,0,0,0,0
340122,1,1,2000,0,0,0,0,0,0,0,0,0,0
340123,1,1,2000,0,0,0,0,0,0,0,0,0,0
340124,1,1,2000,21,1,0,42,6,0,5,20,18,9
340125,0,1,2000,0,0,0,24,0,0,0,0,0,0
340125,1,1,2000,0,0,0,0,0,0,13,0,0,0
340126,0,1,2000,25,25,25,25,25,25,25,25,25,25
340126,1,1,2000,0,0,0,0,0,0,0,0,0,0
340127,0,1,2000,22,22,22,22,22,22,22,22,22,22