ST_CASE,VEH_NO,PER_NO,YEAR,P1,P2,P3,P4,P5,P6,P7,P8,P9,P10
360661,1,1,2000,0,0,0,0,0,0,0,0,0,0
360661,2,1,2000,0,0,0,0,0,0,0,0,0,0
360662,1,1,2000,0,0,0,0,0,0,0,0,19,0
360662,2,1,2000,0,0,0,0,0,0,0,0,0,0
360663,1,1,2000,0,0,6,0,0,7,0,3,0,0
360664,1,1,2000,0,0,0,0,0,0,0,0,0,0
360665,0,1,2000,3,3,3,3,3,3,3,3,3,3
360665,1,1,2000,0,0,0,0,0,26,0,0,0,0
360666,1,1,2000,0,0,0,0,0,0,0,0,0,0
360666,2,1,2000,0,0,0,0,0,0,0,0,0,0
360666,3,1,2000,0,0,0,0,0,0,0,0,0,0
360667,1,1,2000,0,0,0,0,0,0,0,0,0,0
360667,2,1,2000,0,0,0,0,0,8,0,0,0,0
360668,0,1,2000,0,0,0,0,0,0,0,0,0,0
360668,1,1,2000,0,0,0,0,0,0,0,0,0,0
360669,0,1,2000,0,0,0,0,0,0,0,0,0,0
360669,1,1,2000,0,0,0,0,0,0,0,0,0,0
360670,0,1,2000,0,0,0,0,0,0,0,0,0,0
360670,1,1,2000,2,13,20,11,0,0,0,0,13,0
360671,1,1,2000,0,0,0,0,0,0,0,0,0,0
360672,1,1,2000,0,0,15,0,2,0,4,0,0,0
360672,2,1,2000,0,0,16,0,6,0,0,0,0,0
360673,1,1,2000,0,0,0,0,0,0,0,0,0,0
360673,2,1,2000,0,0,0,0,0,0,0,0,0,0
360673,3,1,2000,0,0,0,0,0,0,0,0,0,0
360674,0,1,2000,0,0,0,0,0,0,0,0,0,0
360674,1,1,2000,0,0,0,0,0,0,0,10,0,0
360675,1,1,2000,0,0,0,0,0,0,0,0,0,0
360676,1,1,2000,21,21,21,21,21,21,21,21,21,21
360677,1,1,2000,0,0,0,0,0,0,0,0,0,0
360678,0,1,2000,0,0,0,0,0,0,0,0,0,0
360678,1,1,2000,7,6,20,7,24,4,10,13,26,0
360679,0,1,2000,0,0,0,14,0,0,0,0,15,0
360679,1,1,2000,0,0,0,0,0,0,0,0,0,0
360680,0,1,2000,0,23,0,0,22,0,0,0,0,0
360680,1,1,2000,0,0,0,5,0,0,0,0,0,0
360681,1,1,2000,0,0,0,0,0,0,0,0,0,0
360682,1,1,2000,0,0,0,0,0,0,0,0,0,0
360683,1,1,2000,0,0,0,10,0,0,13,0,0,0
360684,1,1,2000,0,0,10,0,0,0,0,0,0,0
360684,2,1,2000,0,0,0,0,0,0,0,0,0,0
360684,3,1,2000,0,0,0,0,0,0,0,0,0,0
360685,1,1,2000,0,0,0,0,0,0,0,0,0,0
360685,2,1,2000,0,0,0,0,0,0,0,0,0,0
360685,3,1,2000,0,0,0,0,0,0,0,0,0,0
360686,0,1,2000,0,0,0,0,0,0,0,0,0,0
360686,1,1,2000,24,0,0,0,0,0,0,0,0,0
360687,1,1,2000,0,0,0,0,0,0,0,0,0,0
360687,2,1,2000,0,0,0,0,0,0,0,0,0,0
360688,1,1,2000,0,0,0,0,0,0,0,0,0,0
360688,2,1,2000,0,0,0,0,0,0,0,0,0,0
360689,0,1,2000,0,0,0,0,0,0,0,0,0,0
360689,1,1,2000,0,0,0,0,0,0,0,0,0,0
360690,1,1,2000,0,0,9,0,0,0,0,14,0,22
360691,1,1,2000,0,0,0,0,0,0,0,0,0,0
360692,1,1,2000,0,13,0,31,5,0,19,0,0,0
360693,1,1,2000,4,4,4,4,4,4,4,4,4,4
360694,0,1,2000,0,0,0,0,0,0,0,0,0,0
360694,1,1,2000,0,0,0,0,0,0,0,0,0,0
360696,1,1,2000,0,0,0,0,0,0,0,0,0,0
360696,2,1,2000,0,0,0,0,0,0,0,0,0,0
360697,1,1,2000,0,0,0,0,0,0,0,0,0,0
360697,2,1,2000,0,0,0,0,0,0,0,0,0,0
360698,1,1,2000,0,0,0,0,0,0,0,0,0,0
360698,2,1,2000,0,0,0,0,0,0,0,0,0,0
360699,1,1,2000,0,13,0,34,0,0,0,0,31,0
360700,0,1,2000,0,0,0,0,0,4,0,0,0,0
360700,1,1,2000,0,0,0,0,0,0,0,0,0,0
360701,1,1,2000,0,0,0,0,0,0,0,0,0,0
360701,2,1,2000,0,0,0,0,0,0,0,0,0,0
360702,1,1,2000,0,0,0,0,0,0,0,0,0,0
360702,2,1,2000,0,0,0,0,0,0,0,0,0,0
360703,1,1,2000,24,22,6,23,22,17,19,0,44,13
360703,2,1,2000,28,0,0,0,0,0,0,0,0,0
360703,3,1,2000,0,0,0,0,0,0,0,3,0,0
360704,1,1,2000,0,0,0,0,0,0,0,0,0,0
360705,1,1,2000,0,0,0,0,0,0,0,0,14,0
360706,1,1,2000,10,8,14,14,19,9,25,11,9,14
360706,2,1,2000,0,0,0,0,0,0,0,0,0,0
360707,0,1,2000,0,0,0,0,0,0,0,0,0,0
360707,1,1,2000,0,0,0,0,0,0,0,0,0,0
360708,1,1,2000,0,0,0,0,0,0,0,0,0,0
360708,2,1,2000,0,0,0,0,0,0,0,0,0,0
360709,0,1,2000,0,0,0,0,0,0,0,0,0,0
360709,1,1,2000,0,0,0,0,0,0,0,0,0,0
360710,0,1,2000,0,0,0,0,0,0,0,0,0,0
360710,1,1,2000,0,0,0,0,0,0,0,0,0,0
360711,1,1,2000,0,0,0,0,0,0,0,0,0,0
360711,2,1,2000,0,13,0,0,0,0,0,0,0,0
360712,0,1,2000,0,0,0,23,34,9,0,0,0,0
360712,1,1,2000,0,0,0,0,0,0,0,0,0,6
360713,1,1,2000,0,0,0,0,0,0,0,0,0,0
360713,2,1,2000,18,5,30,7,26,9,14,14,18,8
360714,1,1,2000,0,0,0,0,0,0,0,0,0,0
360714,2,1,2000,0,0,0,0,0,20,0,0,0,0
360715,1,1,2000,0,0,0,0,0,0,0,0,0,0
360715,2,1,2000,0,0,0,0,0,0,0,0,0,0
360716,0,1,2000,0,0,0,0,0,0,0,0,0,0
360716,1,1,2000,0,0,0,0,0,0,0,0,0,0
360717,1,1,2000,0,0,0,0,0,0,0,0,0,0
360717,2,1,2000,1,1,1,1,1,1,1,1,1,1
360718,1,1,2000,0,0,0,0,0,0,0,0,0,0
360719,1,1,2000,15,15,15,15,15,15,15,15,15,15
360720,1,1,2000,0,0,0,0,0,0,0,0,0,0
360720,2,1,2000,0,0,0,0,0,0,0,0,0,0
360721,1,1,2000,0,0,0,0,0,0,0,0,0,0
360721,2,1,2000,0,0,0,0,0,0,0,0,0,0
360722,0,1,2000,0,0,0,0,0,0,0,0,0,0
360722,1,1,2000,0,0,0,0,0,0,0,0,0,0
360723,1,1,2000,0,0,0,0,0,0,0,0,0,0
360723,2,1,2000,0,21,0,0,0,0,0,0,0,0
360724,1,1,2000,0,0,0,0,0,0,0,0,0,0
360724,2,1,2000,0,0,0,0,0,0,0,0,0,0
360725,1,1,2000,36,36,36,36,36,36,36,36,36,36
360725,2,1,2000,0,0,0,0,0,0,10,0,0,0
360726,1,1,2000,0,0,0,14,0,0,0,0,0,0
360727,1,1,2000,0,0,0,0,0,0,11,0,0,10
360728,1,1,2000,24,0,0,0,0,16,0,0,16,0
360729,1,1,2000,0,0,0,0,0,0,0,0,0,0
360730,1,1,2000,0,0,0,0,0,0,0,0,0,0
360730,2,1,2000,0,0,0,0,0,0,0,0,0,0
360731,1,1,2000,27,27,27,27,27,27,27,27,27,27
360731,2,1,2000,0,0,0,0,0,0,0,0,0,0
360732,1,1,2000,19,19,19,19,19,19,19,19,19,19
360733,0,1,2000,17,17,17,17,17,17,17,17,17,17
360733,1,1,2000,11,14,17,8,18,11,6,14,14,27
360734,1,1,2000,16,16,16,16,16,16,16,16,16,16
360734,2,1,2000,0,0,0,0,0,0,0,0,0,0
360734,3,1,2000,0,0,0,0,0,0,0,0,0,0
360734,4,1,2000,0,0,0,0,0,0,0,0,0,0
360734,5,1,2000,0,0,0,0,0,0,0,0,0,0
360734,6,1,2000,0,0,0,0,7,15,0,0,0,0
360735,1,1,2000,0,0,0,0,0,0,0,0,0,0
360736,1,1,2000,0,0,0,0,0,0,0,0,0,0
360737,1,1,2000,0,0,0,0,0,0,0,0,0,0
360738,1,1,2000,0,0,0,0,0,0,0,0,0,0
360739,1,1,2000,0,13,0,0,0,0,0,0,0,0
360740,1,1,2000,0,0,0,0,0,0,0,0,0,0
360741,0,1,2000,14,0,0,0,0,0,0,11,0,0
360741,1,1,2000,0,0,0,0,0,0,0,0,0,0
360742,1,1,2000,18,18,18,18,18,18,18,18,18,18
360743,1,1,2000,20,0,0,0,0,0,0,0,0,0
360744,0,1,2000,0,0,0,0,0,0,0,0,0,0
360744,1,1,2000,0,0,0,7,0,0,0,0,0,0
360745,1,1,2000,0,0,0,0,0,0,0,0,0,0
360745,2,1,2000,0,0,0,0,0,0,0,0,0,0
360746,0,1,2000,0,0,0,0,0,0,0,0,0,14
360746,1,1,2000,0,0,0,0,0,0,0,0,0,0
360747,1,1,2000,0,0,0,0,0,23,0,0,0,0
360748,1,1,2000,0,0,0,0,0,0,0,0,0,0
360749,1,1,2000,17,4,6,10,10,4,24,15,13,0
360750,1,1,2000,0,0,0,0,0,0,0,0,0,0
360750,2,1,2000,0,0,0,0,0,0,0,0,0,0
360751,1,1,2000,0,0,0,0,0,0,0,0,0,0
360752,1,1,2000,0,0,0,3,0,0,0,0,0,17
360753,1,1,2000,16,16,16,16,16,16,16,16,16,16
360754,1,1,2000,0,0,0,0,0,0,0,0,0,0
360754,2,1,2000,0,0,0,0,0,0,0,0,0,0
360754,3,1,2000,0,0,0,0,0,0,0,0,0,0
360755,0,1,2000,0,0,5,21,0,0,0,0,0,0
360755,1,1,2000,0,0,0,0,0,0,0,0,0,0
360756,1,1,2000,0,0,0,0,0,0,0,0,0,0
360756,2,1,2000,0,0,0,0,0,0,0,0,0,0
360757,1,1,2000,17,17,17,17,17,17,17,17,17,17
360758,1,1,2000,14,6,9,18,22,15,12,11,25,14
360759,1,1,2000,0,0,0,0,0,0,0,0,0,0
360760,1,1,2000,9,9,9,9,9,9,9,9,9,9
360761,1,1,2000,0,0,0,0,0,0,0,0,0,0
360762,1,1,2000,21,21,21,21,21,21,21,21,21,21
360763,1,1,2000,0,0,0,0,0,0,0,0,0,0
360764,1,1,2000,0,0,0,0,0,0,0,0,0,0
360764,2,1,2000,0,0,0,20,0,6,0,0,0,0
360764,3,1,2000,0,0,0,0,0,0,0,0,0,0
360765,0,1,2000,0,0,0,12,0,0,0,26,0,0
360765,1,1,2000,0,0,0,0,0,0,0,0,0,0
360766,1,1,2000,0,0,0,0,0,0,0,0,0,0
360766,2,1,2000,0,0,0,0,0,0,0,0,0,0
360767,0,1,2000,0,0,0,0,0,0,0,0,0,0
360767,1,1,2000,0,0,0,0,0,0,0,0,0,0
360768,0,1,2000,1,0,0,0,0,0,0,0,22,0
360768,0,2,2000,12,0,0,0,0,0,0,0,24,23
360768,1,1,2000,0,0,0,0,0,0,0,0,0,0
360768,2,1,2000,0,0,0,0,0,0,0,0,0,0
360769,0,1,2000,0,0,0,0,0,0,0,0,0,0
360769,1,1,2000,9,0,0,0,0,0,0,0,0,0
360770,1,1,2000,0,0,0,0,0,0,0,0,0,0
360770,2,1,2000,0,0,0,0,0,0,0,0,0,0
360771,0,1,2000,14,6,0,35,0,16,0,22,22,0
360771,1,1,2000,0,0,0,0,0,0,0,0,0,0
360772,1,1,2000,0,0,16,0,0,0,0,0,0,0
360773,1,1,2000,21,21,21,21,21,21,21,21,21,21
360774,1,1,2000,31,14,16,28,31,5,23,18,22,14
360775,0,1,2000,0,0,0,0,0,0,0,0,0,0
360775,1,1,2000,0,0,0,0,0,0,0,0,0,0
360776,1,1,2000,0,0,0,0,0,0,0,0,0,0
360776,2,1,2000,0,0,0,0,0,0,0,0,0,0
360777,1,1,2000,0,0,0,0,0,0,0,0,0,0
360777,2,1,2000,0,0,0,0,0,0,0,0,0,0
360777,3,1,2000,0,0,0,0,0,0,0,0,15,0
360778,0,1,2000,0,0,0,0,0,0,0,0,0,0
360778,1,1,2000,0,0,0,0,0,0,0,0,0,0
360778,2,1,2000,0,0,0,0,0,0,0,0,0,0
360779,1,1,2000,0,0,0,0,0,0,0,0,0,0
360779,2,1,2000,16,16,16,16,16,16,16,16,16,16
360780,1,1,2000,0,0,0,0,0,0,0,0,0,0
360780,2,1,2000,0,0,0,0,0,0,0,0,0,0
360781,1,1,2000,0,0,0,0,24,0,0,0,0,0
360781,2,1,2000,0,0,0,0,0,0,0,0,0,0
360782,0,1,2000,0,0,0,0,0,0,0,0,0,0
360782,1,1,2000,0,0,0,0,0,0,0,0,0,0
360783,1,1,2000,0,0,0,0,0,0,0,0,0,0
360783,2,1,2000,7,6,0,15,8,5,23,18,9,13
360783,3,1,2000,0,0,0,0,0,0,0,0,0,0
360784,1,1,2000,0,0,0,0,0,0,0,7,51,0
360784,2,1,2000,0,0,0,0,0,0,0,0,0,0
360785,0,1,2000,0,0,0,0,0,0,0,0,0,0
360785,0,2,2000,0,0,0,0,0,0,0,0,0,0
360785,1,1,2000,0,0,0,0,0,0,0,0,0,0
360786,0,1,2000,0,4,26,0,0,25,18,0,23,13
360786,0,2,2000,0,0,0,0,0,0,0,0,0,0
360786,0,3,2000,0,0,0,0,0,0,0,0,0,0
360786,1,1,2000,0,0,0,10,12,27,0,0,0,17
360787,1,1,2000,0,0,0,0,0,0,0,0,0,0
360787,2,1,2000,0,0,15,0,0,0,0,0,0,19
360788,1,1,2000,0,0,0,0,0,0,0,0,0,0
360789,1,1,2000,0,0,0,0,0,0,0,0,0,0
360790,1,1,2000,13,25,20,23,0,17,19,30,19,23
360791,1,1,2000,4,3,0,0,6,24,12,27,8,14
360792,1,1,2000,22,11,15,3,5,14,14,36,17,16
360792,2,1,2000,0,0,0,0,0,0,0,0,0,0
360793,0,1,2000,0,0,0,0,0,0,0,0,0,0
360793,1,1,2000,0,0,0,0,0,0,0,0,0,0
360794,0,1,2000,13,0,25,0,9,0,0,0,0,0
360794,0,2,2000,1,1,1,1,1,1,1,1,1,1
360794,1,1,2000,0,0,0,0,0,0,0,0,0,0
360795,0,1,2000,0,0,0,0,0,0,0,0,0,0
360795,1,1,2000,0,0,0,0,0,0,0,0,12,0
360796,0,1,2000,28,28,28,28,28,28,28,28,28,28
360796,1,1,2000,0,0,0,17,0,0,0,0,0,0
360797,0,1,2000,0,0,0,0,0,0,0,0,0,0
360797,1,1,2000,0,0,0,0,0,0,0,0,0,0
360798,0,1,2000,5,0,0,0,25,0,0,0,0,0
360798,0,2,2000,0,0,0,0,0,0,0,0,0,0
360798,0,3,2000,0,0,0,0,0,0,0,0,0,0
360798,2,1,2000,6,0,22,0,0,12,0,0,0,0
360798,3,1,2000,9,0,0,0,0,0,0,0,0,0
360799,1,1,2000,25,25,25,25,25,25,25,25,25,25
360799,2,1,2000,0,0,0,0,0,0,14,0,0,0
360800,0,1,2000,0,0,0,0,0,0,0,0,0,2
360800,1,1,2000,0,0,0,0,4,0,0,6,0,0
360801,0,1,2000,0,0,0,0,0,0,0,0,0,0
360801,1,1,2000,7,0,0,0,10,0,0,18,0,0
360802,1,1,2000,0,0,0,0,0,0,7,0,0,0
360802,2,1,2000,0,0,0,0,0,0,0,0,0,0
360803,0,1,2000,12,12,12,12,12,12,12,12,12,12
360803,1,1,2000,0,0,0,0,0,0,0,0,0,0
360804,0,1,2000,0,0,0,0,0,0,0,0,0,0
360804,1,1,2000,0,0,0,0,0,0,0,0,0,0
360805,1,1,2000,0,0,0,0,0,0,0,0,0,0
360805,2,1,2000,0,0,0,0,0,0,0,0,0,0
360806,1,1,2000,0,0,0,0,0,0,0,0,0,0
360806,2,1,2000,0,0,0,0,0,0,0,0,0,0
360807,1,1,2000,13,14,13,12,14,14,10,8,1,4
360808,0,1,2000,0,0,0,0,0,0,0,0,0,0
360808,1,1,2000,0,0,15,0,14,0,0,0,0,0
360809,0,1,2000,32,32,32,32,32,32,32,32,32,32
360809,1,1,2000,0,0,0,0,0,0,17,0,0,0
360810,1,1,2000,7,18,13,8,16,24,26,15,25,8
360811,1,1,2000,0,0,0,0,0,0,0,0,0,0
360811,2,1,2000,0,0,0,0,0,0,0,0,0,0
360812,1,1,2000,0,0,0,0,0,0,0,0,0,0
360813,1,1,2000,0,0,0,0,0,0,0,0,0,0
360814,1,1,2000,9,9,9,9,9,9,9,9,9,9
360815,0,1,2000,22,0,0,0,0,0,0,0,0,0
360815,1,1,2000,0,0,0,0,0,0,0,0,0,0
360816,1,1,2000,0,0,0,0,0,0,0,0,0,0
360816,2,1,2000,0,0,0,0,0,0,0,0,0,0
360816,3,1,2000,0,0,0,0,0,0,0,0,0,0
360817,0,1,2000,23,23,23,23,23,23,23,23,23,23
360817,1,1,2000,15,0,19,3,14,8,0,0,17,0
360818,1,1,2000,0,0,0,0,0,0,0,0,0,0
360818,2,1,2000,10,10,10,10,10,10,10,10,10,10
360819,1,1,2000,0,0,0,0,0,0,0,0,0,0
360819,2,1,2000,0,0,0,0,0,0,0,0,0,0
360820,1,1,2000,19,19,19,19,19,19,19,19,19,19
360821,1,1,2000,8,17,27,19,9,11,11,21,10,14
360822,1,1,2000,20,20,20,20,20,20,20,20,20,20
360823,0,1,2000,0,0,0,0,0,0,0,0,0,0
360823,1,1,2000,0,0,0,0,0,0,0,0,0,0
360824,1,1,2000,14,24,34,15,14,17,17,22,22,17
360824,2,1,2000,0,0,0,0,0,0,0,0,0,0
360824,3,1,2000,0,0,0,0,0,0,0,0,0,0
360825,0,1,2000,25,0,48,0,33,19,0,27,17,52
360825,1,1,2000,0,0,0,0,0,0,0,0,0,0
360825,2,1,2000,0,0,0,0,12,0,0,0,0,0
360826,1,1,2000,17,8,17,19,32,13,32,13,9,10
360827,1,1,2000,0,0,0,0,0,0,0,0,0,0
360827,2,1,2000,0,0,0,0,0,0,0,0,0,0
360828,1,1,2000,0,0,0,0,0,0,0,0,0,0
360828,2,1,2000,0,0,0,0,0,0,0,0,0,0
360829,1,1,2000,0,0,0,0,0,0,0,0,0,0
360829,2,1,2000,0,0,0,0,0,0,0,0,0,0
360830,1,1,2000,0,6,20,0,14,0,0,0,0,0
360830,2,1,2000,0,0,0,0,0,0,0,0,0,0
360831,1,1,2000,21,11,0,0,24,22,18,0,0,0
360832,0,1,2000,0,0,0,0,0,0,0,0,0,0
360832,1,1,2000,0,0,0,0,0,0,0,0,0,0
360833,1,1,2000,8,0,8,0,4,23,0,0,0,13
360834,1,1,2000,0,0,0,0,0,0,0,0,0,0
360835,1,1,2000,0,0,0,0,0,0,0,0,0,0
360835,2,1,2000,0,0,0,0,0,0,0,0,0,0
360836,0,1,2000,0,0,0,0,0,0,0,0,0,0
360836,1,1,2000,0,0,0,0,0,0,11,0,0,0
360837,1,1,2000,0,0,0,0,0,0,0,0,0,0
360837,2,1,2000,0,0,0,0,0,0,0,0,0,0
360838,0,1,2000,0,0,0,0,0,0,0,0,0,0
360838,1,1,2000,0,0,0,0,0,18,0,0,0,0
360839,1,1,2000,36,16,6,8,18,8,15,8,13,17
360840,1,1,2000,14,14,14,14,14,14,14,14,14,14
360840,2,1,2000,0,0,0,0,0,0,0,25,0,0
360841,0,1,2000,6,6,6,6,6,6,6,6,6,6
360841,0,2,2000,0,0,0,0,0,0,0,0,0,0
360841,0,3,2000,0,0,0,0,0,0,0,0,0,0
360841,0,4,2000,0,0,0,0,0,0,0,0,0,0
360841,1,1,2000,0,0,0,0,0,0,0,0,0,0
360842,1,1,2000,0,0,0,0,0,0,0,0,0,0
360842,2,1,2000,30,30,30,30,30,30,30,30,30,30
360843,1,1,2000,19,19,19,19,19,19,19,19,19,19
360843,2,1,2000,0,17,0,0,0,0,0,11,0,7
360844,1,1,2000,23,23,23,23,23,23,23,23,23,23
360845,1,1,2000,17,17,17,17,17,17,17,17,17,17
360846,1,1,2000,0,0,0,0,0,0,0,0,0,0
360846,2,1,2000,0,0,0,0,0,0,0,0,0,0
360847,0,1,2000,10,0,0,0,18,0,0,0,0,0
360847,1,1,2000,0,0,0,0,0,0,0,0,0,0
360848,0,1,2000,13,0,0,0,0,15,0,0,30,0
360848,1,1,2000,0,0,0,0,0,0,0,0,0,0
360849,0,1,2000,0,0,0,0,0,0,0,0,0,0
360849,1,1,2000,0,21,0,33,28,0,14,15,22,13
360850,0,1,2000,0,0,0,0,0,0,0,0,0,0
360850,1,1,2000,0,0,0,0,0,0,0,9,0,0
360851,1,1,2000,0,0,0,0,0,0,0,0,0,0
360851,2,1,2000,0,0,0,0,0,0,0,0,0,0
360852,1,1,2000,0,0,0,0,0,0,0,0,0,0
360852,2,1,2000,0,0,4,0,0,0,30,0,0,17
360854,1,1,2000,9,16,0,3,26,21,24,18,8,26
360855,0,1,2000,0,0,0,0,0,0,0,0,0,0
360855,1,1,2000,0,0,0,0,0,20,0,0,0,0
360856,1,1,2000,0,0,0,0,0,0,0,0,0,0
360857,0,1,2000,0,0,0,0,0,0,0,0,0,0
360857,1,1,2000,8,0,0,0,0,0,0,0,0,0
360858,1,1,2000,0,0,0,0,0,0,0,0,0,0
360858,2,1,2000,0,0,0,0,0,0,0,0,0,0
360859,1,1,2000,0,0,0,0,0,0,0,0,0,0
360859,2,1,2000,0,0,0,0,0,0,0,0,0,0
360860,1,1,2000,0,0,0,0,0,0,0,0,0,0
360860,2,1,2000,0,0,0,0,0,0,0,0,0,0
360861,0,1,2000,3,3,3,3,3,3,3,3,3,3
360861,1,1,2000,0,0,17,0,0,0,0,3,0,0
360862,0,1,2000,0,0,0,0,0,0,0,0,0,0
360862,1,1,2000,0,0,0,0,0,3,0,0,0,0
360863,0,1,2000,1,1,1,1,1,1,1,1,1,1
360863,1,1,2000,0,0,0,0,0,0,0,0,0,0
360864,0,1,2000,9,0,0,11,0,0,0,0,0,18
360864,0,2,2000,0,0,0,0,0,0,0,0,0,0
360864,1,1,2000,0,0,0,0,0,0,0,0,0,0
360865,1,1,2000,0,0,17,0,0,0,0,12,0,0
360866,0,1,2000,0,0,0,0,0,0,0,0,0,0
360866,1,1,2000,0,0,0,0,0,0,0,0,0,0
360867,0,1,2000,0,0,0,0,0,0,0,0,0,0
360867,1,1,2000,0,0,0,0,5,0,0,0,0,0
360867,2,1,2000,0,0,0,0,0,0,0,0,0,0
360868,0,1,2000,0,0,0,0,0,0,0,0,0,67
360868,1,1,2000,0,0,0,0,0,0,0,0,0,0
360869,0,1,2000,0,0,0,0,0,0,0,0,0,0
360869,1,1,2000,0,0,0,0,0,0,0,0,0,0
360870,0,1,2000,0,0,0,0,0,0,0,0,0,0
360870,1,1,2000,0,0,0,0,0,29,0,0,0,0
360871,1,1,2000,0,0,0,0,0,0,0,0,0,0
360871,2,1,2000,0,0,0,0,0,0,0,0,0,0
360872,0,1,2000,0,0,0,0,0,0,0,0,0,0
360872,1,1,2000,0,0,0,0,0,0,0,0,0,0
360873,1,1,2000,0,0,0,0,0,0,0,0,0,0
360874,1,1,2000,0,0,0,0,0,0,0,0,0,0
360874,2,1,2000,0,0,0,0,0,0,0,8,0,0
360875,1,1,2000,8,8,8,8,8,8,8,8,8,8
360875,2,1,2000,0,0,0,25,0,0,0,0,2,0
360876,1,1,2000,0,0,0,0,0,0,0,0,0,0
360876,2,1,2000,0,0,0,0,0,0,0,0,0,0
360877,1,1,2000,0,0,0,0,0,0,0,0,0,0
360878,1,1,2000,6,20,14,0,12,23,12,14,23,13
360879,1,1,2000,12,12,12,12,12,12,12,12,12,12
360880,1,1,2000,0,0,0,0,0,0,9,0,0,0
360880,2,1,2000,0,0,0,0,0,0,0,0,0,0
360881,1,1,2000,0,0,0,10,0,0,0,0,0,0
360881,2,1,2000,0,0,0,0,0,0,0,0,0,0
360882,1,1,2000,0,0,0,0,0,0,0,0,0,0
360883,1,1,2000,0,0,0,0,0,0,0,0,0,16
360884,1,1,2000,13,13,13,13,13,13,13,13,13,13
360885,1,1,2000,20,20,20,20,20,20,20,20,20,20
360886,1,1,2000,10,10,10,10,10,10,10,10,10,10
360887,1,1,2000,7,0,13,10,3,0,7,13,0,0
360888,1,1,2000,0,0,0,0,0,0,0,0,0,0
360888,2,1,2000,0,20,0,0,0,0,0,0,0,9
360889,1,1,2000,0,0,0,0,0,0,0,0,0,0
360889,2,1,2000,0,0,0,0,0,0,0,0,0,0
360890,0,1,2000,0,0,0,0,0,0,0,0,0,0
360890,1,1,2000,0,0,0,0,0,0,0,0,0,0
360891,1,1,2000,6,6,6,6,6,6,6,6,6,6
360892,1,1,2000,6,6,6,6,6,6,6,6,6,6
360893,1,1,2000,27,27,27,27,27,27,27,27,27,27
360894,0,1,2000,0,0,0,0,0,0,0,0,0,0
360894,1,1,2000,0,0,0,0,0,0,0,0,0,0
360895,1,2,2000,11,10,22,25,19,0,19,14,15,27
360896,1,1,2000,0,0,0,0,0,0,0,0,0,0
360897,0,1,2000,0,0,0,0,0,0,0,12,0,0
360897,1,1,2000,29,29,29,29,29,29,29,29,29,29
360898,1,1,2000,0,0,0,0,0,0,0,0,0,0
360898,2,1,2000,0,0,0,0,0,0,0,0,0,0
360899,1,1,2000,0,0,0,0,0,0,0,0,0,0
360899,2,1,2000,0,0,0,0,0,0,0,0,0,0
360900,0,1,2000,0,0,6,0,0,0,0,0,0,0
360900,0,2,2000,24,0,0,0,0,0,0,0,13,0
360900,1,1,2000,0,0,0,0,0,0,0,0,0,0
360901,1,1,2000,0,0,0,0,0,0,2,0,0,0
360901,2,1,2000,0,0,0,0,0,0,0,0,0,0
360902,0,1,2000,13,13,13,13,13,13,13,13,13,13
360902,1,1,2000,0,0,0,0,0,0,0,0,0,0
360903,1,1,2000,0,0,0,0,0,0,0,0,0,0
360903,2,1,2000,0,0,0,0,0,0,0,0,0,0
360904,1,1,2000,0,0,0,16,14,0,0,0,0,0
360905,1,1,2000,0,0,0,0,0,0,0,0,0,0
360906,1,1,2000,7,0,5,6,0,0,0,11,14,6
360907,1,1,2000,29,29,29,29,29,29,29,29,29,29
360907,2,1,2000,0,0,2,0,4,0,0,2,0,0
360908,0,1,2000,0,0,0,0,0,0,0,0,0,0
360908,1,1,2000,0,0,0,0,0,0,0,0,0,0
360908,2,1,2000,0,0,0,0,0,0,0,0,0,0
360909,0,1,2000,0,8,0,0,0,0,0,0,15,0
360909,1,1,2000,0,0,0,0,0,0,0,0,0,0
360910,0,1,2000,0,0,0,0,0,0,0,0,0,0
360910,1,1,2000,0,0,0,0,0,0,0,0,0,0
360911,0,1,2000,0,0,0,0,0,0,0,0,0,0
360911,1,1,2000,0,0,0,0,0,0,0,0,0,0
360912,1,1,2000,0,0,0,0,0,0,0,0,0,0
360912,2,1,2000,0,0,0,0,0,0,0,0,0,0
360913,0,1,2000,0,0,0,0,0,0,0,0,0,0
360913,1,1,2000,0,0,0,0,0,0,0,0,0,0
360913,2,1,2000,0,0,0,0,0,0,0,0,0,0
360913,3,1,2000,0,0,0,0,0,0,0,0,0,0
360914,1,1,2000,0,0,0,0,0,0,0,0,0,0
360914,2,1,2000,0,0,0,0,0,0,0,0,0,0
360915,1,1,2000,0,0,0,0,0,0,0,0,0,13
360915,2,1,2000,0,0,0,0,0,0,0,0,0,0
360916,1,1,2000,8,5,13,21,8,6,6,11,10,20
360917,1,1,2000,16,13,0,11,0,0,0,0,0,0
360918,1,1,2000,13,13,13,13,13,13,13,13,13,13
360919,1,1,2000,0,0,0,0,0,0,0,0,0,0
360920,1,1,2000,0,0,0,0,0,0,0,0,0,0
360921,1,1,2000,0,0,0,0,0,0,0,0,0,0
360921,2,1,2000,8,8,8,8,8,8,8,8,8,8
360922,0,1,2000,0,0,0,0,0,0,0,0,0,0
360922,1,1,2000,0,0,0,0,0,0,0,0,0,0
360923,0,1,2000,0,0,0,0,0,0,0,0,0,0
360923,1,1,2000,0,22,0,0,0,0,0,0,0,13
360924,1,1,2000,0,0,0,0,0,0,0,0,0,0
360924,2,1,2000,0,0,0,0,0,0,0,0,0,0
360925,1,1,2000,0,0,0,0,0,0,0,0,0,0
360925,2,1,2000,0,0,0,0,0,0,0,0,0,9
360926,1,1,2000,20,19,9,19,0,21,11,17,3,24