ST_CASE,VEH_NO,PER_NO,YEAR,P1,P2,P3,P4,P5,P6,P7,P8,P9,P10
370655,1,1,2000,12,15,21,22,0,0,0,0,27,15
370656,1,1,2000,20,11,19,20,19,6,15,8,16,12
370656,2,1,2000,0,0,0,0,0,0,0,0,0,0
370657,1,1,2000,25,10,0,17,18,9,19,27,3,21
370658,1,1,2000,5,21,7,29,26,15,0,7,17,17
370658,2,1,2000,11,18,38,10,21,12,7,16,15,0
370659,1,1,2000,11,10,19,17,16,17,19,1,10,0
370659,2,1,2000,0,0,0,0,0,0,0,0,0,0
370659,3,1,2000,0,0,0,0,0,0,0,0,0,0
370660,1,1,2000,0,0,0,25,31,11,0,8,23,27
370660,2,1,2000,0,0,0,0,0,0,0,0,0,0
370661,1,1,2000,16,0,0,0,0,29,0,0,0,0
370661,2,1,2000,0,22,0,0,0,0,0,0,0,0
370662,1,1,2000,9,14,16,5,20,18,14,0,17,6
370662,2,1,2000,0,0,0,0,0,0,0,0,0,0
370663,1,1,2000,0,0,0,0,0,0,0,0,0,0
370664,1,1,2000,0,0,23,14,8,14,0,0,0,0
370665,1,1,2000,0,0,0,0,0,0,0,0,0,0
370665,2,1,2000,0,0,0,12,0,0,0,0,0,0
370665,3,1,2000,0,0,0,0,0,0,0,0,0,26
370666,1,1,2000,12,0,11,0,0,0,0,0,0,0
370667,1,1,2000,0,0,0,0,3,0,0,0,0,0
370667,2,1,2000,0,0,0,0,0,0,0,0,0,0
370668,0,1,2000,30,29,18,27,43,30,22,28,46,0
370668,1,1,2000,0,0,0,0,0,0,0,0,0,0
370669,1,1,2000,7,24,29,21,23,41,38,18,7,16
370671,1,1,2000,10,15,29,5,11,22,14,6,29,17
370672,1,1,2000,0,0,0,0,0,0,0,0,0,0
370672,2,1,2000,0,0,0,0,8,0,0,0,0,0
370673,1,1,2000,0,0,0,0,0,0,0,0,0,0
370673,2,1,2000,0,0,0,0,0,0,0,0,0,0
370674,1,1,2000,0,0,0,0,0,25,0,0,0,0
370675,1,1,2000,0,0,0,0,0,0,0,0,0,0
370675,2,1,2000,0,0,0,0,0,0,0,0,0,0
370676,1,1,2000,0,0,0,0,0,0,0,0,0,0
370676,2,1,2000,0,0,0,0,0,0,0,0,0,0
370677,1,1,2000,0,0,0,0,0,0,0,0,0,0
370677,2,1,2000,0,0,0,0,0,0,0,0,0,0
370678,1,1,2000,0,0,0,0,14,0,11,19,0,0
370680,1,1,2000,9,6,8,6,6,7,3,20,21,13
370681,1,1,2000,19,16,17,12,23,19,14,16,26,18
370682,1,1,2000,0,0,0,10,0,0,0,0,15,0
370683,1,1,2000,0,0,0,0,0,0,0,0,0,0
370683,2,1,2000,0,0,11,9,0,0,7,0,3,0
370683,3,1,2000,0,0,0,0,0,0,0,10,0,0
370684,1,1,2000,0,0,0,0,0,0,0,0,0,0
370685,1,1,2000,22,8,16,28,18,16,16,5,5,26
370686,0,1,2000,0,0,0,0,0,0,12,0,0,0
370686,1,1,2000,0,0,0,0,0,0,0,0,0,0
370687,1,1,2000,0,0,0,0,0,0,0,0,0,0
370688,1,1,2000,0,0,0,0,0,0,0,0,0,0
370688,2,1,2000,0,0,0,0,0,0,0,0,0,0
370689,1,1,2000,0,0,0,0,0,14,0,0,0,0
370689,2,1,2000,5,0,0,0,0,0,9,15,0,0
370690,1,1,2000,0,0,0,0,0,0,0,0,0,0
370691,1,1,2000,0,0,0,0,0,0,0,0,0,0
370691,2,1,2000,0,0,0,0,0,0,0,0,0,0
370692,1,1,2000,0,0,0,0,0,0,0,14,0,0
370693,1,1,2000,10,17,0,9,13,30,7,0,16,30
370693,2,1,2000,0,15,0,0,0,0,0,17,0,0
370694,1,1,2000,15,15,24,25,7,10,22,27,8,26
370695,1,1,2000,8,9,15,17,18,21,11,7,11,12
370696,1,1,2000,0,0,15,0,0,0,0,0,0,0
370696,2,1,2000,0,0,0,0,0,0,0,0,0,0
370697,1,1,2000,0,8,0,0,0,0,0,0,0,0
370697,2,1,2000,25,12,9,15,13,0,23,11,29,0
370698,1,1,2000,0,0,0,0,0,0,0,0,26,0
370699,1,1,2000,0,12,0,0,28,0,0,9,0,40
370699,2,1,2000,0,0,0,0,0,0,0,0,0,0
370700,0,1,2000,19,22,7,0,17,17,10,22,15,38
370700,1,1,2000,14,0,0,0,9,10,0,0,0,0
370701,1,1,2000,0,21,0,0,0,14,0,0,0,0
370701,2,1,2000,0,0,0,0,0,0,0,5,0,0
370702,1,1,2000,8,27,11,9,18,12,10,10,11,12
370703,1,1,2000,17,15,15,23,24,16,20,36,22,22
370704,1,1,2000,0,0,0,0,0,0,0,0,0,0
370704,2,1,2000,0,0,0,0,0,0,0,0,0,0
370704,3,1,2000,0,0,0,0,0,0,0,0,0,0
370705,1,1,2000,0,0,0,0,0,0,0,0,0,0
370706,1,1,2000,25,0,18,0,5,9,2,16,0,19
370708,1,1,2000,0,0,0,0,0,0,0,0,0,0
370708,2,1,2000,0,0,0,0,0,0,0,0,0,0
370709,0,1,2000,0,0,0,0,0,0,0,0,0,0
370709,0,2,2000,0,0,0,0,0,0,0,0,0,0
370709,1,1,2000,0,0,0,0,7,0,0,0,0,0
370710,1,1,2000,0,0,0,0,0,0,0,0,0,0
370710,2,1,2000,28,0,0,0,0,0,0,0,0,0
370711,1,1,2000,18,13,9,27,5,18,8,45,13,11
370711,2,1,2000,0,0,0,0,0,0,9,0,0,0
370712,1,1,2000,12,13,16,34,23,17,28,5,8,28
370713,1,1,2000,0,24,16,29,0,11,0,16,0,0
370714,1,1,2000,0,0,0,0,0,0,0,0,0,0
370714,2,1,2000,0,0,0,0,0,0,0,0,0,0
370714,3,1,2000,0,0,0,0,0,0,0,0,0,0
370715,1,1,2000,0,0,0,0,0,0,0,0,0,0
370717,1,1,2000,7,5,18,28,11,9,24,22,8,22
370718,1,1,2000,24,30,23,22,3,7,6,27,17,31
370719,1,1,2000,5,0,26,9,17,7,15,22,12,32
370720,1,1,2000,14,10,0,0,12,0,12,26,14,0
370721,0,1,2000,0,0,0,0,0,0,0,0,0,0
370721,1,1,2000,8,15,22,15,31,24,11,3,3,19
370722,1,1,2000,0,0,0,0,0,0,0,0,0,0
370722,2,1,2000,0,0,0,0,0,0,0,0,0,0
370723,1,1,2000,0,0,0,0,0,0,0,0,0,0
370723,2,1,2000,0,0,0,0,0,0,0,0,0,0
370724,1,1,2000,0,0,0,0,0,0,0,0,0,0
370724,2,1,2000,0,0,0,0,0,0,0,0,0,0
370725,1,1,2000,0,32,7,0,0,30,0,0,0,0
370726,1,1,2000,0,0,0,15,0,0,0,0,0,0
370727,1,1,2000,39,19,14,8,4,19,11,14,24,16
370728,1,1,2000,0,0,0,0,0,0,0,0,0,0
370728,2,1,2000,0,0,0,0,0,0,0,0,0,0
370729,1,1,2000,23,7,23,36,10,12,28,6,13,17
370730,1,1,2000,13,11,18,0,9,8,21,19,12,0
370730,2,1,2000,0,0,0,0,0,0,0,0,0,0
370731,1,1,2000,0,0,0,0,0,0,0,0,0,0
370733,1,1,2000,9,23,19,12,15,9,18,32,10,12
370734,1,1,2000,2,2,2,2,2,2,2,2,2,2
370735,1,1,2000,0,0,0,0,0,0,0,0,0,0
370735,2,1,2000,0,0,0,0,0,0,0,0,0,0
370736,1,1,2000,0,0,0,0,0,0,0,0,0,0
370736,2,1,2000,11,23,0,16,2,0,0,0,7,22
370737,1,1,2000,24,0,0,19,17,19,14,0,9,0
370738,1,1,2000,20,0,0,0,17,10,0,0,0,0
370738,2,1,2000,0,0,0,0,0,0,6,1,0,0
370738,3,1,2000,5,15,0,0,0,0,16,0,1,0
370739,1,1,2000,0,0,0,0,0,0,0,0,0,0
370739,2,1,2000,0,0,0,0,0,0,0,0,0,0
370740,1,1,2000,0,0,0,0,0,0,0,0,0,0
370740,2,1,2000,0,0,0,0,0,0,0,0,0,0
370740,3,1,2000,0,0,0,0,0,0,0,0,0,0
370741,1,1,2000,0,0,0,0,0,11,5,14,0,0
370742,1,1,2000,0,0,0,0,0,0,0,0,0,0
370742,2,1,2000,0,0,0,0,0,0,0,0,0,0
370743,1,1,2000,0,0,0,0,0,0,0,0,0,0
370743,2,1,2000,8,34,19,7,8,20,23,19,34,4
370744,1,1,2000,8,8,8,8,8,8,8,8,8,8
370745,0,1,2000,0,0,0,0,0,0,0,0,0,0
370745,1,1,2000,0,0,0,0,0,0,0,0,0,0
370746,1,1,2000,31,6,14,24,28,21,16,15,8,12
370746,2,1,2000,0,0,0,0,0,0,0,0,0,0
370746,3,1,2000,0,0,0,0,0,0,0,0,0,0
370747,1,1,2000,0,0,0,0,0,0,0,0,0,0
370747,2,1,2000,0,0,0,0,0,0,0,0,0,0
370748,1,1,2000,0,0,0,0,0,0,0,0,0,0
370749,1,1,2000,9,0,0,0,7,0,0,0,0,17
370750,1,1,2000,2,2,2,2,2,2,2,2,2,2
370750,2,1,2000,0,0,0,0,0,0,0,0,0,0
370751,1,1,2000,4,31,13,0,8,14,12,18,19,14
370752,1,1,2000,26,0,12,4,26,23,17,23,21,19
370753,1,1,2000,0,0,0,0,0,0,0,0,0,0
370753,2,1,2000,0,0,16,0,0,0,0,0,0,0
370754,1,1,2000,0,0,0,0,0,0,0,0,0,0
370755,1,1,2000,0,0,0,0,0,0,0,0,0,0
370756,1,1,2000,0,0,0,0,0,0,0,0,0,0
370756,2,1,2000,0,0,0,0,0,0,0,0,0,0
370757,0,1,2000,0,0,0,4,0,0,0,0,0,0
370757,1,1,2000,0,0,0,0,0,0,0,0,0,0
370758,1,1,2000,3,0,0,0,0,19,0,0,0,34
370759,1,1,2000,0,0,0,0,4,0,0,0,0,0
370760,1,1,2000,0,0,0,0,0,0,0,0,0,0
370760,2,1,2000,17,0,0,0,22,0,0,0,0,0
370761,1,1,2000,34,15,11,19,20,21,17,17,14,22
370762,0,1,2000,17,30,16,9,30,31,16,14,7,26
370762,1,1,2000,0,0,0,0,0,0,0,0,0,0
370763,1,1,2000,15,0,0,21,16,11,18,0,10,10
370764,1,1,2000,0,0,0,0,0,0,0,0,0,0
370764,2,1,2000,0,0,0,0,0,0,0,0,0,0
370764,3,1,2000,0,0,0,0,0,0,0,0,0,0
370764,4,1,2000,0,0,0,14,0,0,0,0,0,0
370765,1,1,2000,0,0,0,0,0,0,0,0,0,0
370766,1,1,2000,0,0,0,0,0,0,0,0,0,0
370766,2,1,2000,0,0,0,0,0,0,0,0,0,0
370767,1,1,2000,0,0,0,0,0,0,0,0,0,0
370767,2,1,2000,0,0,0,0,0,0,0,0,0,0
370768,1,1,2000,17,20,19,8,12,8,20,0,11,22
370769,1,1,2000,0,0,0,0,0,0,0,0,0,0
370769,2,1,2000,0,0,0,0,0,0,0,0,0,0
370770,1,1,2000,0,0,0,0,0,0,0,0,0,0
370770,2,1,2000,0,0,0,0,0,0,0,0,0,0
370771,1,1,2000,23,11,23,14,8,18,28,22,0,26
370772,0,1,2000,0,0,0,0,0,0,0,0,0,0
370772,1,1,2000,12,0,6,0,0,0,0,0,0,0
370773,1,1,2000,29,50,34,21,26,26,24,14,44,25
370774,1,1,2000,0,0,0,18,0,0,0,0,0,0
370774,2,1,2000,0,0,0,0,0,0,0,0,0,0
370775,1,1,2000,0,0,0,0,0,0,0,0,0,0
370775,2,1,2000,0,0,0,0,0,0,0,0,0,7
370776,1,1,2000,0,0,0,0,0,0,0,0,0,0
370777,1,1,2000,0,20,23,11,0,12,2,0,16,13
370778,1,1,2000,0,0,0,0,0,0,0,0,0,0
370778,2,1,2000,0,0,0,0,0,0,0,0,0,0
370779,1,1,2000,0,0,0,10,0,0,0,0,0,0
370779,2,1,2000,0,0,0,0,0,0,0,0,0,0
370780,0,1,2000,0,0,0,0,0,0,0,0,0,0
370780,1,1,2000,0,0,0,0,0,0,0,0,0,0
370781,1,1,2000,0,0,0,0,0,0,0,0,0,0
370782,1,1,2000,0,0,0,0,0,0,0,0,0,0
370783,1,1,2000,0,0,0,0,0,0,0,0,0,0
370783,2,1,2000,0,0,0,0,0,0,0,0,0,0
370783,3,1,2000,0,0,0,0,0,0,0,0,0,0
370783,4,1,2000,0,0,0,0,0,0,0,0,0,0
370784,1,1,2000,0,0,0,0,0,0,0,0,0,0
370784,2,1,2000,0,0,0,0,0,0,0,0,0,0
370785,1,1,2000,0,0,0,0,0,0,0,0,0,0
370785,2,1,2000,0,0,0,0,0,0,0,0,0,0
370786,1,1,2000,0,0,0,0,0,0,0,0,0,0
370786,2,1,2000,0,0,0,0,0,0,0,0,0,0
370787,1,1,2000,0,0,0,0,0,0,0,0,0,0
370787,2,1,2000,13,0,0,0,0,0,0,0,0,0
370787,3,1,2000,0,0,0,0,0,0,0,0,0,0
370788,1,1,2000,15,18,16,18,22,15,22,4,18,31
370789,0,1,2000,0,0,0,0,0,0,0,0,0,0
370789,0,2,2000,0,0,0,0,0,0,0,0,0,0
370789,1,1,2000,35,13,12,16,18,11,0,39,3,26
370790,1,1,2000,0,0,0,0,0,0,0,0,0,0
370790,2,1,2000,14,2,11,8,10,0,9,23,9,10
370791,1,1,2000,22,22,22,22,22,22,22,22,22,22
370791,2,1,2000,0,0,0,0,0,0,0,0,0,0
370791,3,1,2000,0,0,0,0,0,0,0,0,0,0
370792,0,1,2000,37,14,10,4,23,20,9,53,20,28
370792,1,1,2000,0,0,0,0,0,0,0,0,0,0
370793,1,1,2000,0,0,0,0,0,0,0,0,0,0
370794,0,1,2000,0,0,0,0,0,0,0,0,0,0
370794,1,1,2000,0,0,0,0,0,0,0,0,0,16
370794,2,1,2000,0,0,0,0,0,0,14,0,0,0
370795,1,1,2000,24,24,24,24,24,24,24,24,24,24
370795,2,1,2000,0,0,0,0,0,19,0,8,9,0
370796,1,1,2000,0,0,0,0,0,0,0,0,0,0
370796,2,1,2000,0,0,0,0,0,0,0,0,0,0
370797,1,1,2000,0,0,0,0,0,0,0,0,0,0
370798,1,1,2000,16,19,21,24,18,18,26,12,31,12
370799,1,1,2000,0,0,0,0,0,0,0,0,0,8
370799,2,1,2000,0,0,34,0,0,0,0,0,0,0
370800,1,1,2000,0,0,0,0,0,0,0,0,0,0
370800,2,1,2000,0,0,0,0,0,0,0,0,0,0
370800,3,1,2000,0,0,0,0,0,0,0,0,0,0
370800,4,1,2000,0,0,0,0,0,0,0,0,0,0
370801,1,1,2000,0,0,0,0,0,0,0,0,0,0
370801,2,1,2000,0,0,0,0,0,0,0,0,0,0
370802,1,1,2000,17,6,16,20,15,8,18,35,8,13
370803,1,1,2000,0,0,0,0,0,0,0,0,0,0
370803,2,1,2000,0,0,0,0,0,0,0,0,0,0
370804,0,1,2000,3,3,3,3,3,3,3,3,3,3
370804,0,2,2000,0,0,0,0,0,0,0,0,0,0
370804,1,1,2000,0,0,0,0,0,0,0,0,0,0
370805,1,1,2000,0,0,0,0,0,0,24,0,13,0
370806,1,1,2000,0,0,0,0,0,0,0,0,0,0
370806,2,1,2000,0,0,13,0,0,0,0,21,0,0
370807,1,1,2000,19,19,19,19,19,19,19,19,19,19
370808,1,1,2000,0,0,0,0,0,0,9,0,0,0
370809,1,1,2000,17,17,17,17,17,17,17,17,17,17
370809,2,1,2000,0,0,0,0,0,0,0,0,0,0
370810,1,1,2000,0,0,0,0,0,0,0,0,0,0
370811,1,1,2000,24,24,24,24,24,24,24,24,24,24
370812,1,1,2000,13,13,13,13,13,13,13,13,13,13
370813,1,1,2000,11,11,11,11,11,11,11,11,11,11
370814,1,1,2000,0,0,0,0,0,0,0,0,0,0
370814,2,1,2000,0,0,0,0,0,0,0,0,0,0
370815,1,1,2000,22,22,22,22,22,22,22,22,22,22
370816,0,1,2000,0,0,0,0,0,0,0,0,0,0
370816,1,1,2000,0,0,0,0,0,0,0,0,0,0
370817,1,1,2000,17,17,17,17,17,17,17,17,17,17
370818,1,1,2000,0,0,0,14,0,0,0,0,0,0
370818,2,1,2000,0,0,0,0,0,0,0,0,0,0
370819,1,1,2000,0,0,0,0,0,0,0,0,0,0
370819,2,1,2000,0,0,0,0,0,0,0,0,0,0
370820,1,1,2000,15,15,15,15,15,15,15,15,15,15
370821,1,1,2000,0,0,0,0,0,0,0,0,0,0
370821,2,1,2000,0,0,0,0,0,0,0,0,0,0
370822,1,1,2000,13,0,15,0,0,0,0,6,0,28
370823,1,1,2000,0,0,22,0,0,6,0,0,0,0
370824,1,1,2000,0,0,16,0,0,0,0,0,0,0
370825,1,1,2000,23,23,23,23,23,23,23,23,23,23
370826,1,1,2000,18,0,0,7,0,0,0,0,0,0
370827,1,1,2000,0,0,0,0,0,0,0,0,0,0
370827,2,1,2000,0,0,0,0,0,0,0,0,0,0
370828,1,1,2000,0,0,0,0,0,0,0,0,0,0
370828,2,1,2000,0,0,0,0,0,0,21,0,0,0
370829,1,1,2000,0,0,0,0,0,0,0,0,0,8
370829,2,1,2000,0,0,0,0,0,16,0,0,0,0
370830,1,1,2000,9,9,9,9,9,9,9,9,9,9
370830,2,1,2000,0,0,0,0,0,0,0,0,0,0
370830,3,1,2000,0,0,0,0,0,0,0,0,0,0
370830,4,1,2000,0,0,0,0,0,0,0,0,0,0
370831,1,1,2000,0,0,0,0,0,0,0,0,0,0
370831,2,1,2000,0,0,0,0,0,0,0,0,0,0
370832,1,1,2000,0,0,11,0,0,0,0,0,0,0
370832,2,1,2000,0,0,0,0,0,0,0,0,0,0
370832,3,1,2000,0,0,0,0,0,0,0,0,0,15
370833,0,1,2000,0,0,0,0,0,0,28,54,33,0
370833,1,1,2000,0,0,0,0,0,0,0,0,0,0
370834,1,1,2000,13,13,13,13,13,13,13,13,13,13
370835,1,1,2000,0,0,0,0,0,0,0,0,0,0
370835,2,1,2000,0,0,0,0,0,0,0,0,0,0
370836,1,1,2000,25,12,16,8,20,16,0,12,9,23
370837,1,1,2000,0,0,0,0,0,0,0,0,0,0
370837,2,1,2000,0,0,0,0,0,0,0,0,0,0
370839,1,1,2000,24,9,11,0,7,5,22,8,18,18
370839,2,1,2000,0,0,0,0,0,0,0,0,0,0
370840,1,1,2000,0,0,0,0,0,0,0,0,0,0
370840,2,1,2000,0,0,0,0,0,0,0,0,0,0
370841,1,1,2000,0,0,0,0,0,0,0,0,0,0
370842,1,1,2000,12,0,0,0,0,0,0,0,0,0
370842,2,1,2000,25,15,28,16,0,9,19,14,15,21
370843,1,1,2000,0,0,0,0,0,0,0,0,0,0
370843,2,1,2000,0,0,0,0,0,0,0,0,0,0
370844,1,1,2000,0,0,0,0,0,0,0,0,0,0
370844,2,1,2000,0,0,0,0,0,0,0,0,0,0
370845,1,1,2000,20,20,20,20,20,20,20,20,20,20
370846,1,1,2000,4,4,4,4,4,4,4,4,4,4
370847,1,1,2000,17,17,17,17,17,17,17,17,17,17
370848,1,1,2000,0,0,0,0,0,0,0,0,0,0
370848,2,1,2000,0,0,0,0,0,0,0,0,0,0
370848,3,1,2000,0,0,7,0,0,0,0,0,0,0
370849,1,1,2000,0,0,0,0,0,0,0,0,0,0
370849,2,1,2000,0,0,0,0,0,0,0,0,0,0
370850,1,1,2000,0,0,0,0,0,0,0,0,0,0
370850,2,1,2000,0,0,0,0,0,0,0,0,0,0
370851,1,1,2000,0,0,0,0,0,0,0,3,0,0
370852,1,1,2000,0,0,0,0,0,0,0,0,0,0
370852,2,1,2000,0,0,0,0,0,0,0,0,0,0
370853,0,1,2000,0,0,0,0,0,0,0,0,0,0
370853,1,1,2000,0,0,0,0,0,0,0,0,0,0
370854,1,1,2000,2,0,0,17,6,0,0,0,23,15
370855,1,1,2000,0,0,0,0,0,0,0,0,0,0
370855,2,1,2000,0,0,0,0,0,0,0,0,0,0
370856,1,1,2000,0,0,0,0,0,0,0,0,0,0
370857,1,1,2000,0,0,0,0,0,0,0,0,0,0
370857,2,1,2000,0,0,0,0,0,0,0,0,0,0
370857,3,1,2000,0,0,0,0,0,0,0,0,0,0
370858,1,1,2000,25,0,0,0,0,0,0,0,0,0
370858,2,1,2000,0,0,0,0,0,0,0,0,0,0
370859,1,1,2000,16,16,16,16,16,16,16,16,16,16
370860,1,1,2000,12,12,12,12,12,12,12,12,12,12
370861,0,1,2000,0,0,0,0,0,0,0,0,0,0
370861,1,1,2000,0,0,0,0,0,0,0,0,0,0
370862,1,1,2000,0,0,0,0,0,0,0,0,0,0
370862,2,1,2000,0,0,0,0,0,0,0,0,0,0
370863,1,1,2000,13,13,13,13,13,13,13,13,13,13
370864,1,1,2000,0,15,0,10,0,0,0,0,16,0
370865,1,1,2000,0,0,0,0,0,0,0,0,0,0
370865,2,1,2000,0,0,0,0,0,0,0,0,0,0
370866,1,1,2000,0,0,0,0,0,0,0,0,0,0
370866,2,1,2000,0,0,0,0,19,0,0,0,0,0
370867,1,1,2000,0,0,0,0,0,0,0,0,0,0
370867,2,1,2000,0,0,0,0,0,0,0,0,0,0
370868,1,1,2000,0,15,0,17,14,0,21,0,28,12
370869,0,1,2000,15,15,15,15,15,15,15,15,15,15
370869,1,1,2000,0,0,0,18,0,10,0,0,6,0
370870,1,1,2000,0,0,0,0,0,3,0,0,0,5
370871,1,1,2000,46,24,0,5,3,20,8,8,20,23
370872,1,1,2000,0,0,0,0,0,0,0,0,0,0
370872,2,1,2000,0,0,0,0,0,0,0,0,0,0
370873,1,1,2000,22,26,16,15,14,21,14,5,14,8
370873,2,1,2000,12,0,0,0,0,0,0,0,0,28
370874,1,1,2000,0,0,0,0,0,0,0,0,0,0
370876,0,1,2000,20,4,5,24,11,13,48,51,9,15
370876,1,1,2000,0,0,0,27,0,0,11,21,0,0
370877,0,1,2000,16,16,16,16,16,16,16,16,16,16
370877,1,1,2000,0,9,0,0,0,0,0,0,0,0
370878,1,1,2000,0,0,0,0,0,0,0,0,0,0
370879,1,1,2000,33,33,33,33,33,33,33,33,33,33
370880,1,1,2000,0,0,0,0,0,0,0,0,0,0
370880,2,1,2000,0,0,0,0,0,0,0,0,0,0
370880,3,1,2000,0,0,0,0,0,15,0,0,0,0
370881,0,1,2000,0,0,0,0,0,0,0,0,0,0
370881,1,1,2000,0,0,0,0,0,0,0,0,0,0
370881,2,1,2000,0,0,0,0,0,0,16,10,0,0
370882,0,1,2000,0,0,0,0,0,25,0,0,38,13
370882,0,2,2000,0,0,0,0,0,0,0,0,0,0
370882,1,1,2000,0,0,0,0,0,0,0,0,0,13
370883,1,1,2000,0,0,0,0,0,0,0,0,0,0
370883,2,1,2000,28,28,28,28,28,28,28,28,28,28
370884,1,1,2000,13,13,13,13,13,13,13,13,13,13
370884,2,1,2000,0,0,0,0,0,0,0,8,0,0
370885,0,1,2000,15,15,15,15,15,15,15,15,15,15
370885,1,1,2000,0,0,0,0,0,0,0,0,0,0
370886,1,1,2000,5,5,5,5,5,5,5,5,5,5
370887,1,1,2000,5,9,12,9,14,25,13,17,17,6
370888,1,1,2000,0,0,0,0,0,0,0,0,0,0
370889,1,1,2000,0,0,0,0,0,0,0,0,0,0
370890,0,1,2000,20,20,20,20,20,20,20,20,20,20
370890,1,1,2000,0,0,0,0,0,0,0,7,12,0
370891,1,1,2000,0,0,0,0,0,0,0,0,0,0
370891,2,1,2000,0,0,0,0,0,0,0,0,0,0
370892,1,1,2000,0,0,0,0,0,0,0,0,0,0
370893,1,1,2000,0,0,0,0,0,0,0,0,0,0
370893,2,1,2000,0,0,0,0,0,0,0,0,0,0
370894,1,1,2000,0,0,0,0,0,0,0,0,0,0
370894,2,1,2000,0,0,0,0,0,0,0,0,0,0
370895,1,1,2000,0,16,0,0,17,18,20,11,0,0
370897,1,1,2000,13,9,25,8,27,12,16,22,7,14
370897,2,1,2000,0,0,0,0,0,0,0,0,0,0
370898,1,1,2000,15,10,21,10,23,31,26,37,15,9
370899,1,1,2000,0,0,0,0,0,0,0,0,0,0
370899,2,1,2000,0,0,0,0,0,0,0,0,0,0
370899,3,1,2000,0,0,0,0,0,0,0,4,0,0
370900,1,1,2000,28,28,28,28,28,28,28,28,28,28
370900,2,1,2000,0,0,0,15,0,0,0,0,0,0
370900,3,1,2000,0,0,0,0,5,0,3,0,0,0
370900,4,1,2000,0,0,0,0,0,0,0,0,0,0
370901,1,1,2000,15,0,11,0,15,0,0,12,20,0
370902,1,1,2000,0,0,0,26,0,0,18,0,14,0
370904,1,1,2000,8,0,21,32,20,21,18,35,19,32
370905,1,1,2000,22,17,33,5,28,31,27,11,23,0
370906,1,1,2000,0,0,0,0,0,0,0,0,0,0
370906,2,1,2000,0,0,0,0,23,0,0,0,0,0
370907,1,1,2000,0,0,0,0,0,0,0,0,0,0
370907,2,1,2000,34,2,12,36,7,2,16,0,12,13
370908,1,1,2000,24,26,15,14,6,6,11,12,0,18
370909,1,1,2000,0,0,0,0,0,0,0,0,21,0
370910,1,1,2000,0,0,0,0,0,0,8,0,0,0
370910,2,1,2000,0,0,0,0,0,0,0,0,0,0
370911,1,1,2000,0,0,0,0,0,0,0,0,0,0
370911,2,1,2000,0,0,0,0,0,0,0,0,0,0
370911,3,1,2000,0,0,0,0,0,0,0,0,0,0
370911,4,1,2000,0,0,0,0,0,0,0,0,0,0
370912,1,1,2000,0,0,0,0,0,0,0,0,0,0
370912,2,1,2000,0,0,0,0,0,0,0,0,0,0
370913,1,1,2000,0,0,0,0,0,0,0,0,0,0
370913,2,1,2000,0,0,16,0,0,0,0,0,0,0
370914,1,1,2000,0,9,0,0,0,0,0,0,0,0
370915,1,1,2000,23,17,31,11,23,23,31,11,5,7
370916,1,1,2000,0,0,0,0,0,0,0,0,0,0
370916,2,1,2000,0,0,0,0,0,0,0,0,0,0
370917,1,1,2000,0,0,0,0,0,0,0,0,0,0
370917,2,1,2000,0,0,0,0,0,0,0,0,0,0
370918,1,1,2000,10,29,27,8,18,8,6,19,19,33
370919,0,1,2000,42,34,0,0,0,19,5,15,4,26
370919,1,1,2000,12,12,12,12,12,12,12,12,12,12
370920,0,1,2000,0,0,0,0,24,0,42,9,0,0
370920,0,2,2000,0,0,0,0,0,0,0,0,0,0
370920,1,1,2000,0,0,0,7,0,0,0,0,11,8
370921,1,1,2000,10,0,0,0,0,0,0,0,0,0
370922,1,1,2000,0,0,0,0,0,0,0,0,0,0
370923,1,1,2000,0,0,0,0,0,0,0,0,0,0
370924,1,1,2000,0,0,0,0,0,0,0,0,0,0
370924,2,1,2000,0,0,0,0,0,0,0,0,0,0
370925,1,1,2000,0,0,0,0,0,0,0,0,0,0
370925,2,1,2000,0,0,0,0,0,0,0,0,0,0
370925,3,1,2000,0,0,0,0,0,0,0,0,0,0
370926,1,1,2000,0,0,0,0,0,0,0,0,0,0
370926,2,1,2000,0,0,0,0,7,0,0,0,0,0
370927,0,1,2000,0,19,0,0,0,0,30,0,0,0
370927,1,1,2000,10,0,0,0,0,0,0,0,0,0
370928,0,1,2000,11,0,0,13,7,0,16,0,19,0
370928,1,1,2000,0,0,0,0,0,0,0,0,0,0
370929,0,1,2000,20,21,37,31,22,42,15,15,39,0
370929,1,1,2000,0,0,0,0,0,0,0,0,0,0
370930,1,1,2000,22,16,7,8,30,13,15,0,20,23
370931,1,1,2000,33,0,12,31,15,26,21,16,22,16
370932,1,1,2000,16,12,9,8,27,14,0,13,14,21
370933,1,1,2000,0,2,15,29,48,13,6,11,22,14
370934,0,1,2000,0,0,0,0,0,0,0,0,0,0
370934,0,2,2000,0,0,0,0,0,0,0,0,0,0
370934,1,1,2000,0,0,0,0,0,0,0,10,11,0
370935,1,1,2000,0,0,16,27,0,0,0,25,14,0
370936,1,1,2000,0,0,0,0,0,0,0,0,0,0
370937,1,1,2000,0,0,0,0,0,0,0,0,0,0
370937,2,1,2000,0,0,0,0,0,0,0,0,0,0
370938,1,1,2000,0,8,20,0,0,19,15,16,0,34