ST_CASE,VEH_NO,PER_NO,YEAR,P1,P2,P3,P4,P5,P6,P7,P8,P9,P10
380063,1,1,2000,23,23,23,23,23,23,23,23,23,23
380064,1,1,2000,30,2,26,21,18,23,34,24,16,14
380065,1,1,2000,0,0,0,0,0,0,0,0,0,0
380066,0,1,2000,0,9,0,0,0,0,0,0,0,0
380066,1,1,2000,0,0,0,0,0,0,0,0,0,0
380067,1,1,2000,0,0,0,0,0,28,0,0,0,0
380068,1,1,2000,12,12,12,12,12,12,12,12,12,12
380069,1,1,2000,21,21,21,21,21,21,21,21,21,21
380070,1,1,2000,18,18,18,18,18,18,18,18,18,18
380071,1,1,2000,0,0,0,0,0,0,0,0,0,0
380071,2,1,2000,0,0,0,0,0,0,0,0,0,0
380072,1,1,2000,0,0,0,0,0,0,0,0,0,0
380073,1,1,2000,0,0,0,0,0,0,0,0,0,0
380074,1,1,2000,0,0,0,0,24,20,0,0,0,0
380075,1,1,2000,0,0,0,0,0,0,0,0,0,0
380076,1,1,2000,19,19,19,19,19,19,19,19,19,19
380077,1,1,2000,0,0,0,0,0,0,0,0,0,0
380077,2,1,2000,0,0,0,0,0,0,0,0,0,0
380078,1,1,2000,27,27,27,27,27,27,27,27,27,27
380078,2,1,2000,0,0,22,0,0,0,0,0,0,0
380079,1,1,2000,0,0,0,0,0,0,0,0,0,0
380079,2,1,2000,0,0,0,0,0,0,0,0,0,0
380080,1,1,2000,20,20,20,20,20,20,20,20,20,20
390001,1,1,2000,27,0,0,15,21,8,16,0,11,46
390002,1,1,2000,0,0,0,0,0,0,0,0,11,0
390002,2,1,2000,0,0,0,0,0,0,0,0,0,0
390003,1,1,2000,0,0,0,0,0,0,0,0,0,0
390004,1,1,2000,0,0,0,0,0,0,0,0,0,0
390004,2,1,2000,0,0,0,0,0,0,0,0,0,0
390005,1,1,2000,8,0,0,0,0,0,0,0,0,0
390005,2,1,2000,0,0,0,0,0,0,0,0,0,0
390006,0,1,2000,20,20,20,20,20,20,20,20,20,20
390006,1,1,2000,0,0,0,0,0,0,0,0,0,0
390007,1,1,2000,8,8,8,8,8,8,8,8,8,8
390008,1,1,2000,21,21,21,21,21,21,21,21,21,21
390009,1,1,2000,12,12,12,12,12,12,12,12,12,12
390011,1,1,2000,0,0,0,0,0,0,0,0,0,0
390011,2,1,2000,0,0,0,0,0,0,0,0,0,0
390012,1,1,2000,0,0,0,0,0,0,0,0,0,0
390012,2,1,2000,0,0,0,0,0,0,0,0,0,0
390013,1,1,2000,3,0,0,0,0,0,0,0,0,0
390014,1,1,2000,0,0,0,0,0,0,0,0,0,0
390015,1,1,2000,0,8,0,16,0,0,0,0,0,0
390016,1,1,2000,0,0,0,0,0,0,0,0,0,0
390016,2,1,2000,0,0,0,0,0,0,0,0,0,0
390017,1,1,2000,0,0,0,0,0,0,0,0,0,0
390018,0,1,2000,21,21,21,21,21,21,21,21,21,21
390018,1,1,2000,3,0,6,23,18,0,35,13,0,20
390019,1,1,2000,0,0,0,0,0,0,0,0,0,0
390020,1,1,2000,0,0,0,0,0,0,0,0,0,0
390020,2,1,2000,0,0,0,0,0,0,0,0,0,0
390021,1,1,2000,0,0,0,0,0,0,0,0,0,0
390021,2,1,2000,0,0,0,0,0,0,0,0,0,0
390022,1,1,2000,0,0,0,0,0,0,0,0,0,0
390023,1,1,2000,0,0,0,0,0,0,0,0,0,0
390023,2,1,2000,0,0,0,0,0,0,0,0,0,0
390024,1,1,2000,21,21,21,21,21,21,21,21,21,21
390025,1,1,2000,0,0,0,0,0,0,0,0,23,0
390025,2,1,2000,0,0,20,0,0,0,0,0,0,0
390026,1,1,2000,24,24,24,24,24,24,24,24,24,24
390027,1,1,2000,0,0,0,0,0,0,0,0,0,0
390027,2,1,2000,0,0,0,0,0,0,0,0,0,0
390028,1,1,2000,0,0,0,0,0,0,0,0,0,0
390029,1,1,2000,22,22,22,22,22,22,22,22,22,22
390030,1,1,2000,18,18,18,18,18,18,18,18,18,18
390031,1,1,2000,1,1,1,1,1,1,1,1,1,1
390031,2,1,2000,8,8,8,8,8,8,8,8,8,8
390032,1,1,2000,0,0,0,0,0,0,0,0,0,0
390032,2,1,2000,0,0,0,0,0,0,0,0,0,0
390033,1,1,2000,0,0,0,0,16,0,0,0,0,16
390034,1,1,2000,0,0,0,0,0,0,0,0,0,0
390034,2,1,2000,0,0,0,0,0,0,0,0,0,0
390035,0,1,2000,0,0,0,0,4,0,0,0,0,0
390035,1,1,2000,0,0,0,0,0,0,0,0,0,0
390036,1,1,2000,0,0,0,0,0,0,0,0,0,0
390037,1,1,2000,0,0,0,0,0,0,0,0,0,0
390037,2,1,2000,0,0,0,0,0,0,0,0,0,0
390037,3,1,2000,7,0,0,0,0,0,0,0,4,0
390037,4,1,2000,7,0,0,0,0,0,0,0,0,0
390037,5,1,2000,0,0,0,0,0,0,0,0,0,0
390037,6,1,2000,0,0,0,0,0,0,0,0,0,0
390037,7,1,2000,0,0,0,0,0,0,0,0,0,0
390037,8,1,2000,0,0,0,0,0,0,0,0,0,0
390037,9,1,2000,0,0,0,0,0,0,0,0,0,0
390037,10,1,2000,0,0,0,0,0,0,0,0,0,0
390037,11,1,2000,0,0,0,0,0,0,0,0,0,0
390037,12,1,2000,0,0,0,0,0,0,0,0,0,0
390037,13,1,2000,0,0,0,0,0,0,0,0,0,0
390038,1,1,2000,17,17,17,17,17,17,17,17,17,17
390039,1,1,2000,0,0,0,0,16,0,0,0,0,0
390040,1,1,2000,0,0,0,0,0,0,0,0,0,0
390040,2,1,2000,0,0,0,0,0,0,0,0,0,0
390041,1,1,2000,0,0,0,0,0,0,0,0,0,0
390041,2,1,2000,0,0,0,0,0,0,0,0,0,0
390042,1,1,2000,0,0,0,0,0,0,0,0,0,0
390043,1,1,2000,0,0,0,0,0,0,0,0,0,0
390043,2,1,2000,0,0,0,0,0,0,0,0,0,0
390044,1,1,2000,0,0,0,0,0,0,0,0,0,0
390045,1,1,2000,20,20,20,20,20,20,20,20,20,20
390046,1,1,2000,15,15,15,15,15,15,15,15,15,15
390047,0,1,2000,13,13,13,13,13,13,13,13,13,13
390047,1,1,2000,7,0,0,0,0,0,0,0,0,0
390048,1,1,2000,18,18,18,18,18,18,18,18,18,18
390049,1,1,2000,0,0,0,0,0,0,0,0,0,0
390050,1,1,2000,26,26,26,26,26,26,26,26,26,26
390051,1,1,2000,0,22,26,0,0,19,0,17,0,19
390052,1,1,2000,0,0,0,0,0,0,0,0,0,0
390052,2,1,2000,0,0,0,0,0,0,16,0,0,0
390053,1,1,2000,0,0,0,0,0,0,0,0,0,0
390054,1,1,2000,0,0,0,0,0,0,0,0,0,0
390054,2,1,2000,24,24,24,24,24,24,24,24,24,24
390055,1,1,2000,0,0,0,0,0,0,0,0,0,0
390055,2,1,2000,0,0,0,0,0,0,0,0,0,0
390056,0,1,2000,0,0,0,0,0,0,0,0,0,0
390056,1,1,2000,0,0,0,0,0,0,0,0,0,0
390057,1,1,2000,0,0,0,0,0,0,0,0,0,0
390057,2,1,2000,0,0,0,0,0,0,23,0,0,0
390058,0,1,2000,0,7,0,7,0,10,0,0,12,0
390058,1,1,2000,0,8,8,0,0,0,0,13,0,0
390059,1,1,2000,0,0,0,0,0,0,0,0,0,0
390059,2,1,2000,0,0,0,0,0,0,0,0,0,0
390060,0,1,2000,26,26,26,26,26,26,26,26,26,26
390060,1,1,2000,0,0,0,0,6,0,0,0,0,0
390061,1,1,2000,0,0,0,0,0,0,0,0,0,0
390062,1,1,2000,0,0,0,0,0,0,0,0,0,0
390063,1,1,2000,15,15,15,15,15,15,15,15,15,15
390063,2,1,2000,0,0,0,0,0,0,0,0,0,0
390064,1,1,2000,0,0,0,0,0,0,0,0,0,0
390065,1,1,2000,0,0,0,0,0,0,0,0,0,0
390065,2,1,2000,0,0,0,0,0,0,0,0,0,0
390066,1,1,2000,0,0,0,0,18,0,0,0,7,0
390067,1,1,2000,26,26,26,26,26,26,26,26,26,26
390068,1,1,2000,0,0,0,0,0,0,0,0,0,0
390069,1,1,2000,0,10,0,0,0,0,0,0,0,0
390070,1,1,2000,0,0,0,0,0,0,0,0,0,5
390071,1,1,2000,21,21,21,21,21,21,21,21,21,21
390072,1,1,2000,0,0,0,0,0,0,0,0,0,0
390072,2,1,2000,14,14,14,14,14,14,14,14,14,14
390073,1,1,2000,0,0,0,0,0,0,0,0,0,0
390073,2,1,2000,0,0,0,0,0,0,0,0,0,0
390074,1,1,2000,0,0,0,0,0,0,0,0,0,0
390074,2,1,2000,0,0,0,0,0,0,0,0,0,0
390075,1,1,2000,0,0,0,0,0,10,0,0,0,0
390075,2,1,2000,20,20,20,20,20,20,20,20,20,20
390076,1,1,2000,20,20,20,20,20,20,20,20,20,20
390076,2,1,2000,0,0,0,0,0,0,0,0,0,0
390077,1,1,2000,0,0,0,0,0,0,0,0,0,0
390078,1,1,2000,21,21,21,21,21,21,21,21,21,21
390078,2,1,2000,0,0,0,0,0,0,0,0,0,0
390079,1,1,2000,0,0,0,0,0,0,0,0,0,0
390079,2,1,2000,0,0,0,0,0,0,0,0,0,0
390080,1,1,2000,0,0,0,0,0,0,0,0,0,0
390080,2,1,2000,0,0,0,0,0,0,0,0,8,0
390081,0,1,2000,0,0,0,0,22,0,0,0,0,0
390081,1,1,2000,0,0,0,0,0,0,0,0,0,0
390082,1,1,2000,0,12,25,0,0,0,0,0,2,0
390082,2,1,2000,7,0,0,0,0,0,0,0,0,0
390083,1,1,2000,22,22,22,22,22,22,22,22,22,22
390084,1,1,2000,0,0,0,0,0,0,0,0,0,0
390084,2,1,2000,0,0,0,0,0,0,0,0,0,0
390085,1,1,2000,0,0,0,0,0,0,0,0,0,0
390086,1,1,2000,12,12,12,12,12,12,12,12,12,12
390087,1,1,2000,0,0,0,0,0,0,0,0,0,0
390087,2,1,2000,15,15,15,15,15,15,15,15,15,15
390088,1,1,2000,0,0,0,0,15,0,0,0,0,0
390089,1,1,2000,1,1,1,1,1,1,1,1,1,1
390089,2,2,2000,0,0,0,0,0,0,0,0,0,0
390090,1,1,2000,28,28,28,28,28,28,28,28,28,28
390091,1,1,2000,14,14,14,14,14,14,14,14,14,14
390091,2,1,2000,0,0,0,0,0,0,0,0,0,0
390091,3,1,2000,0,0,17,0,25,23,0,0,7,16
390092,1,1,2000,0,0,0,0,0,0,0,0,0,0
390093,1,1,2000,0,0,0,0,0,0,0,0,0,0
390093,2,1,2000,6,0,0,0,0,0,0,7,0,0
390093,3,1,2000,0,0,0,0,0,0,0,0,17,0
390094,1,1,2000,0,0,0,0,0,0,0,0,0,0
390094,2,1,2000,0,0,0,0,0,0,0,0,0,0
390095,1,1,2000,0,0,0,0,0,0,0,0,0,0
390095,2,1,2000,0,0,0,0,0,0,0,0,0,0
390096,1,1,2000,28,28,28,28,28,28,28,28,28,28
390097,1,1,2000,0,0,0,0,0,0,0,16,0,0
390097,2,1,2000,0,0,0,0,13,0,0,12,0,0
390098,0,1,2000,0,0,0,19,0,39,0,0,0,0
390098,1,1,2000,0,0,0,0,0,0,0,0,0,0
390099,1,1,2000,19,19,19,19,19,19,19,19,19,19
390100,1,1,2000,0,0,0,0,0,0,0,0,0,0
390100,2,1,2000,0,0,0,0,0,0,0,0,0,0
390101,1,1,2000,12,12,12,12,12,12,12,12,12,12
390102,1,1,2000,8,8,8,8,8,8,8,8,8,8
390103,1,1,2000,0,0,0,0,0,0,0,0,0,0
390103,2,1,2000,0,0,0,0,0,0,0,0,0,0
390104,1,1,2000,19,19,19,19,19,19,19,19,19,19
390105,1,1,2000,2,2,2,2,2,2,2,2,2,2
390106,1,1,2000,0,0,0,0,0,0,0,0,0,0
390107,1,1,2000,32,32,32,32,32,32,32,32,32,32
390108,0,1,2000,0,0,0,0,0,0,0,0,0,0
390108,1,1,2000,0,0,0,0,0,0,0,0,0,0
390109,1,1,2000,0,0,0,0,0,0,0,0,0,0
390109,2,1,2000,0,0,0,0,0,0,0,0,0,0
390110,1,1,2000,2,2,2,2,2,2,2,2,2,2
390110,2,1,2000,0,0,0,0,0,0,0,18,0,0
390111,1,1,2000,0,0,0,0,0,0,0,0,0,0
390112,1,1,2000,0,0,0,0,0,0,0,0,0,0
390112,2,1,2000,0,15,10,0,0,0,0,0,0,0
390113,1,1,2000,0,0,0,0,0,0,0,0,0,0
390113,2,1,2000,0,0,0,0,0,0,0,0,0,0
390114,1,1,2000,0,0,0,0,0,0,0,0,0,0
390114,2,1,2000,0,0,0,0,0,0,0,0,0,0
390115,1,1,2000,0,0,0,0,0,0,0,0,0,0
390115,2,1,2000,0,0,0,0,0,0,0,0,0,0
390116,1,1,2000,18,18,18,18,18,18,18,18,18,18
390117,1,1,2000,17,17,17,17,17,17,17,17,17,17
390118,1,1,2000,0,0,0,0,0,0,0,0,0,0
390119,0,1,2000,27,27,27,27,27,27,27,27,27,27
390119,1,1,2000,0,0,0,0,0,0,0,0,0,11
390121,0,1,2000,0,0,0,0,0,0,0,0,0,0
390121,1,1,2000,0,0,0,0,0,0,0,0,0,0
390122,1,1,2000,0,0,0,0,0,0,0,0,0,0
390122,2,1,2000,0,0,0,0,0,0,0,0,0,0
390123,1,1,2000,0,9,21,0,30,15,7,5,0,18
390124,1,1,2000,0,0,0,0,0,0,0,0,0,0
390124,2,1,2000,0,0,0,0,0,0,0,0,0,0
390125,1,1,2000,0,0,0,0,0,0,0,0,0,0
390126,1,1,2000,24,24,24,24,24,24,24,24,24,24
390126,2,1,2000,0,0,0,0,0,0,0,0,0,0
390127,1,1,2000,17,17,17,17,17,17,17,17,17,17
390128,1,1,2000,0,0,0,0,0,0,0,0,0,0
390128,2,1,2000,0,7,0,0,0,0,0,0,0,0
390129,1,1,2000,0,0,0,0,0,0,0,0,0,0
390129,2,1,2000,0,0,0,0,0,0,0,0,0,0
390130,1,1,2000,0,0,0,0,0,0,0,0,0,0
390130,2,1,2000,0,0,0,0,0,0,0,0,0,0
390131,1,1,2000,0,0,0,0,0,0,0,0,0,0
390131,2,1,2000,0,0,0,0,0,0,0,0,0,11
390132,1,1,2000,0,0,0,0,0,0,0,0,0,0
390132,2,1,2000,0,0,0,0,0,0,0,0,0,0
390133,1,1,2000,0,0,0,0,0,0,0,0,0,0
390133,2,1,2000,0,0,0,0,0,0,0,0,0,0
390134,1,1,2000,0,0,5,0,0,0,0,0,0,0
390134,2,1,2000,21,21,21,21,21,21,21,21,21,21
390135,1,1,2000,36,16,0,0,17,10,22,14,0,21
390136,1,1,2000,0,0,0,0,0,0,0,0,0,0
390137,1,1,2000,32,32,32,32,32,32,32,32,32,32
390138,1,1,2000,28,28,28,28,28,28,28,28,28,28
390139,1,1,2000,0,0,0,0,0,0,0,6,0,11
390140,1,1,2000,26,26,26,26,26,26,26,26,26,26
390141,1,1,2000,37,37,37,37,37,37,37,37,37,37
390142,0,1,2000,0,0,0,0,0,0,0,13,0,0
390142,1,1,2000,9,0,13,0,10,0,0,6,0,0
390143,1,1,2000,6,22,40,26,10,11,18,12,32,29
390144,1,1,2000,25,25,25,25,25,25,25,25,25,25
390145,1,1,2000,1,1,1,1,1,1,1,1,1,1
390146,1,1,2000,0,0,0,0,0,0,4,0,0,0
390147,1,1,2000,17,17,17,17,17,17,17,17,17,17
390148,1,1,2000,17,17,17,17,17,17,17,17,17,17
390149,1,1,2000,0,0,0,0,7,0,0,0,0,0
390149,2,1,2000,4,0,0,0,0,0,0,0,0,0
390150,1,1,2000,0,0,0,0,0,0,0,0,0,19
390151,1,1,2000,0,0,0,0,0,0,0,0,0,0
390151,2,1,2000,0,0,0,0,0,0,0,0,0,0
390152,1,1,2000,0,0,0,0,0,0,0,0,0,0
390152,2,1,2000,2,2,2,2,2,2,2,2,2,2
390153,1,1,2000,0,0,0,0,0,0,0,0,0,0
390153,2,1,2000,0,0,0,0,0,0,0,0,0,0
390154,1,1,2000,0,0,0,0,0,0,0,0,0,0
390155,0,1,2000,0,0,0,0,0,0,0,0,0,0
390155,1,1,2000,0,0,0,0,0,0,0,0,0,0
390156,1,1,2000,0,0,0,0,0,0,0,0,0,0
390156,2,1,2000,0,0,0,0,0,0,0,0,0,0
390157,0,1,2000,0,0,0,0,0,0,0,0,0,0
390157,1,1,2000,0,0,0,0,0,0,0,0,0,0
390158,1,1,2000,0,0,0,0,0,0,0,0,0,0
390158,2,1,2000,0,0,0,0,0,0,0,0,0,0
390159,1,1,2000,0,0,0,0,0,0,0,0,0,0
390159,2,1,2000,0,0,0,0,0,0,0,0,0,0
390160,1,1,2000,0,0,0,0,0,0,0,0,0,0
390160,2,1,2000,10,10,10,10,10,10,10,10,10,10
390161,1,1,2000,0,0,0,0,0,0,0,0,0,0
390161,2,1,2000,0,0,0,0,0,0,0,0,0,0
390162,1,1,2000,0,0,0,0,6,0,0,0,0,0
390162,2,1,2000,0,0,0,0,0,0,0,0,0,3
390163,1,1,2000,0,0,0,0,0,0,0,0,0,0
390164,1,1,2000,0,0,0,0,0,0,0,0,0,0
390164,2,1,2000,0,0,0,0,0,0,0,0,0,0
390165,1,1,2000,14,14,14,14,14,14,14,14,14,14
390166,1,1,2000,16,16,16,16,16,16,16,16,16,16
390166,2,1,2000,0,0,0,0,0,0,0,0,0,0
390167,1,1,2000,0,0,0,0,0,0,0,0,0,0
390167,2,1,2000,0,0,0,0,0,0,0,0,0,0
390167,3,1,2000,0,0,0,0,0,0,0,0,0,0
390167,4,1,2000,0,0,0,0,0,0,0,0,0,0
390168,0,1,2000,0,0,0,0,0,0,0,0,0,0
390168,1,1,2000,0,0,0,0,0,0,0,0,0,0
390168,2,1,2000,0,0,0,0,0,0,0,0,0,0
390169,1,1,2000,17,17,17,17,17,17,17,17,17,17
390170,1,1,2000,0,0,0,0,0,0,0,0,0,0
390170,2,1,2000,0,0,0,0,0,9,0,0,0,0
390171,1,1,2000,0,0,0,0,0,0,0,0,0,0
390171,2,1,2000,0,0,0,0,0,0,0,0,0,0
390172,1,1,2000,0,0,10,0,33,11,9,18,0,0
390173,1,1,2000,0,0,0,0,0,0,0,0,0,0
390173,2,1,2000,0,0,0,0,0,0,0,0,0,0
390174,1,1,2000,0,0,0,0,0,0,0,0,0,0
390175,0,1,2000,0,33,21,0,26,0,0,18,10,26
390175,1,1,2000,0,0,0,0,0,0,0,0,0,0
390176,1,1,2000,0,0,0,0,0,0,0,0,0,0
390176,2,1,2000,0,0,0,0,0,0,0,0,0,0
390177,1,1,2000,21,21,21,21,21,21,21,21,21,21
390178,0,1,2000,0,15,17,7,29,18,25,0,32,0
390178,1,1,2000,0,0,0,0,0,0,0,0,0,0
390179,0,1,2000,0,0,13,0,19,0,13,23,13,0
390179,1,1,2000,21,0,0,0,14,9,7,0,0,11
390180,1,1,2000,19,19,19,19,19,19,19,19,19,19
390181,1,1,2000,0,23,0,0,32,0,0,10,0,23
390182,1,1,2000,0,0,0,0,0,0,0,0,0,0
390183,1,1,2000,27,27,27,27,27,27,27,27,27,27
390183,2,1,2000,0,0,0,0,0,0,0,0,0,0
390184,1,1,2000,0,0,0,0,0,0,0,0,0,0
390184,2,1,2000,0,0,0,0,0,0,0,0,0,0
390185,1,1,2000,0,0,0,0,0,0,0,0,0,0
390185,2,1,2000,0,0,0,0,0,0,0,0,0,0
390186,1,1,2000,20,20,20,20,20,20,20,20,20,20
390187,1,1,2000,28,28,28,28,28,28,28,28,28,28
390187,2,1,2000,0,0,0,0,0,0,0,0,0,0
390188,1,1,2000,0,0,0,0,7,0,0,0,0,0
390188,2,1,2000,27,27,27,27,27,27,27,27,27,27
390189,1,1,2000,0,0,0,0,0,0,0,0,0,0
390190,1,1,2000,0,0,0,0,0,0,0,0,0,0
390190,2,1,2000,0,0,0,0,0,0,0,0,0,0
390191,1,1,2000,17,17,17,17,17,17,17,17,17,17
390192,1,1,2000,0,0,0,0,0,0,0,0,0,0
390193,1,1,2000,0,0,0,0,0,0,0,0,0,0
390193,2,1,2000,0,0,0,0,0,0,0,0,0,0
390194,1,1,2000,12,12,12,12,12,12,12,12,12,12
390194,2,1,2000,0,0,0,0,0,0,0,0,0,0
390195,1,1,2000,14,0,0,0,0,24,0,19,0,0
390196,1,1,2000,15,15,15,15,15,15,15,15,15,15
390197,1,1,2000,0,0,0,0,0,0,0,0,0,0
390197,2,1,2000,0,0,0,0,0,0,0,0,0,0
390198,1,1,2000,19,0,0,0,0,0,10,0,0,0
390199,1,1,2000,0,0,0,0,0,0,0,0,0,0
390200,1,1,2000,0,0,0,0,0,0,0,0,0,0
390201,1,1,2000,16,16,16,16,16,16,16,16,16,16
390202,1,1,2000,14,14,14,14,14,14,14,14,14,14
390203,1,1,2000,0,0,0,0,0,0,0,0,0,0
390204,1,1,2000,38,38,38,38,38,38,38,38,38,38
390205,1,1,2000,13,13,13,13,13,13,13,13,13,13
390206,1,1,2000,0,0,0,0,0,0,0,0,0,0
390206,2,1,2000,0,0,0,0,0,0,0,10,0,0
390207,1,1,2000,22,0,0,0,0,0,0,0,0,0
390207,2,1,2000,0,0,0,18,0,0,0,0,14,0
390208,1,1,2000,0,0,0,0,0,0,0,0,0,0
390208,2,1,2000,0,0,0,0,0,0,0,0,0,0
390209,1,1,2000,0,0,7,6,11,9,0,0,0,0
390209,2,1,2000,10,0,0,0,0,0,0,0,0,0
390210,0,1,2000,17,29,25,0,31,9,0,9,22,17
390210,1,1,2000,0,13,0,0,0,12,0,0,0,22
390211,1,1,2000,14,14,14,14,14,14,14,14,14,14
390212,1,1,2000,23,23,23,23,23,23,23,23,23,23
390213,1,1,2000,0,0,0,0,0,0,0,0,0,0
390213,2,1,2000,0,0,0,0,0,0,0,0,0,0
390214,1,1,2000,8,8,8,8,8,8,8,8,8,8
390215,0,1,2000,17,0,16,19,21,15,27,19,26,13
390215,1,1,2000,0,0,0,7,0,0,0,15,0,0
390216,1,1,2000,41,41,41,41,41,41,41,41,41,41
390217,1,1,2000,0,0,6,0,0,0,0,0,0,0
390217,2,1,2000,0,0,24,0,0,0,0,0,0,0
390218,1,1,2000,7,7,7,7,7,7,7,7,7,7
390218,2,1,2000,0,0,0,0,0,0,0,0,0,0
390219,1,1,2000,0,0,0,0,0,0,0,0,0,0
390220,1,1,2000,24,26,0,12,10,24,26,19,18,20
390221,1,1,2000,0,0,0,0,0,0,0,0,0,0
390221,2,1,2000,0,0,0,0,0,0,0,0,0,0
390222,1,1,2000,0,0,0,0,0,0,0,7,0,0
390222,2,1,2000,7,7,7,7,7,7,7,7,7,7
390223,1,1,2000,20,19,0,0,0,0,11,0,15,0
390223,2,1,2000,9,9,9,9,9,9,9,9,9,9
390224,1,1,2000,5,5,5,5,5,5,5,5,5,5
390225,1,1,2000,0,0,0,0,0,0,0,0,0,0
390225,2,1,2000,0,0,0,0,0,0,0,0,0,0
390226,1,1,2000,22,22,22,22,22,22,22,22,22,22
390227,1,1,2000,0,0,0,0,0,0,0,0,0,0
390228,0,1,2000,0,0,0,13,0,0,0,0,0,0
390228,1,1,2000,0,0,0,0,0,0,0,0,0,0
390229,1,1,2000,47,5,26,14,14,26,9,28,13,22
390229,2,1,2000,0,0,0,0,0,0,0,0,0,0
390230,1,1,2000,0,0,0,0,0,0,0,0,0,0
390230,2,1,2000,0,0,0,0,0,0,0,0,0,0
390231,1,1,2000,0,0,0,0,0,0,0,0,0,0
390231,2,1,2000,0,0,0,0,0,0,0,0,0,0
390232,1,1,2000,0,0,0,0,0,0,0,0,0,0
390232,2,1,2000,0,0,0,0,0,0,0,0,0,0
390233,1,1,2000,0,0,0,0,0,0,0,0,0,0
390233,2,1,2000,0,0,0,0,0,0,0,0,0,0
390234,1,1,2000,0,0,0,0,0,0,0,0,0,0
390234,2,1,2000,0,0,0,0,0,0,0,0,0,0
390235,1,1,2000,10,10,10,10,10,10,10,10,10,10
390236,1,1,2000,0,0,0,0,0,0,0,0,0,0
390236,2,1,2000,0,0,0,0,0,0,0,0,0,0
390237,1,1,2000,19,0,0,0,0,0,0,0,0,29
390238,1,1,2000,0,0,0,0,0,0,0,0,0,0
390238,2,1,2000,0,0,0,0,0,0,0,0,0,0
390239,1,1,2000,30,30,30,30,30,30,30,30,30,30
390240,1,1,2000,28,11,4,12,10,39,4,0,13,28
390241,1,1,2000,0,0,0,0,0,0,0,0,0,0
390241,2,1,2000,0,0,0,0,0,0,0,0,0,0
390242,1,1,2000,30,30,30,30,30,30,30,30,30,30
390243,1,1,2000,0,0,0,0,11,0,0,0,20,0
390244,1,1,2000,0,0,0,0,0,0,0,0,0,0
390244,2,1,2000,0,0,0,8,0,0,0,0,0,0
390245,1,1,2000,20,20,20,20,20,20,20,20,20,20
390246,1,1,2000,0,0,0,0,0,0,0,0,0,0
390246,2,1,2000,0,0,0,0,0,0,0,0,0,0
390246,3,1,2000,0,0,0,0,0,0,0,0,0,0
390247,1,1,2000,14,14,14,14,14,14,14,14,14,14
390248,1,1,2000,0,0,0,0,0,0,0,0,0,0
390248,2,1,2000,0,0,0,0,0,0,0,0,0,0
390249,1,1,2000,0,0,0,0,0,0,0,0,0,7
390249,2,1,2000,0,0,0,0,0,0,0,0,0,0
390250,1,1,2000,0,0,0,0,0,0,0,0,0,0
390251,1,1,2000,0,0,0,0,0,0,0,0,0,0
390252,1,1,2000,13,13,13,13,13,13,13,13,13,13
390253,1,1,2000,4,0,0,0,0,0,0,0,0,0
390254,1,1,2000,0,0,0,11,0,0,0,0,0,0
390254,2,1,2000,0,0,0,0,0,0,0,0,0,0
390255,1,1,2000,0,0,0,0,0,0,0,0,0,0
390255,2,1,2000,0,0,0,0,0,0,0,0,0,0
390256,1,1,2000,0,0,0,0,0,0,0,0,0,0
390256,2,1,2000,0,0,0,0,0,0,0,0,0,0
390257,1,1,2000,0,0,0,0,0,0,0,0,0,0
390257,2,1,2000,0,0,0,0,0,0,0,0,0,11
390258,1,1,2000,0,0,0,0,0,0,0,0,0,0
390258,2,1,2000,0,0,0,0,0,0,0,0,0,0
390259,1,1,2000,18,35,16,16,7,12,14,15,25,36
390260,1,1,2000,0,16,0,2,21,0,17,0,0,0
390260,2,1,2000,0,0,0,18,0,0,0,0,0,0
390260,3,1,2000,0,0,0,0,0,0,0,0,0,0
390261,1,1,2000,0,0,0,0,0,19,0,0,0,0
390261,2,1,2000,0,0,0,0,0,0,0,0,0,0
390262,1,1,2000,5,5,5,5,5,5,5,5,5,5
390263,1,1,2000,14,14,14,14,14,14,14,14,14,14
390264,1,1,2000,0,0,0,0,0,10,8,0,0,0
390264,2,1,2000,0,0,0,0,16,0,20,0,0,9
390265,1,1,2000,0,0,0,0,0,0,0,0,0,0
390265,2,1,2000,0,0,0,0,0,0,0,0,0,0
390266,1,1,2000,0,0,0,0,0,0,0,0,0,0
390267,1,1,2000,0,0,0,0,0,0,0,0,0,0
390268,0,1,2000,0,0,0,0,0,0,0,0,0,0
390268,1,1,2000,0,0,0,0,0,0,0,0,0,0
390269,1,1,2000,27,27,27,27,27,27,27,27,27,27
390270,1,1,2000,0,0,0,0,0,0,0,0,0,0
390270,2,1,2000,0,0,0,0,0,0,0,0,0,0
390271,1,1,2000,0,0,0,0,0,0,0,0,0,0
390272,1,1,2000,18,18,18,18,18,18,18,18,18,18
390272,2,1,2000,25,25,25,25,25,25,25,25,25,25
390272,3,1,2000,0,0,0,0,0,0,0,0,0,0
390273,1,1,2000,0,0,0,0,0,0,0,0,0,0
390274,1,1,2000,0,0,0,0,0,0,0,0,0,0
390274,2,1,2000,0,0,0,0,0,0,0,0,0,0
390275,1,1,2000,19,19,19,19,19,19,19,19,19,19