ST_CASE,VEH_NO,PER_NO,YEAR,P1,P2,P3,P4,P5,P6,P7,P8,P9,P10
420557,0,1,2000,0,0,0,0,39,0,0,0,0,0
420557,1,1,2000,0,0,0,0,0,0,0,0,0,0
420558,1,1,2000,17,17,17,17,17,17,17,17,17,17
420559,1,1,2000,0,0,0,0,0,0,0,0,0,0
420560,1,1,2000,0,0,0,0,0,0,0,0,0,0
420561,1,1,2000,0,0,0,0,0,0,20,0,6,0
420562,1,1,2000,0,0,0,0,0,0,0,0,0,0
420562,2,1,2000,0,0,17,0,0,0,0,0,0,0
420563,1,1,2000,12,0,0,0,0,0,0,0,0,0
420564,1,1,2000,17,17,17,17,17,17,17,17,17,17
420565,1,1,2000,0,0,0,0,0,0,0,0,0,0
420565,2,1,2000,0,0,0,0,0,0,0,0,0,0
420566,1,1,2000,19,19,19,19,19,19,19,19,19,19
420567,1,1,2000,0,0,0,0,0,0,0,0,0,0
420568,0,1,2000,0,0,0,0,0,0,0,0,0,0
420568,1,1,2000,0,0,0,0,0,0,0,0,0,0
420569,1,1,2000,0,0,0,0,0,0,0,0,0,0
420569,2,1,2000,0,0,15,0,0,0,0,0,0,0
420570,1,1,2000,0,0,27,0,0,14,0,12,14,0
420570,2,1,2000,0,0,0,0,0,0,0,0,0,0
420571,1,1,2000,19,19,19,19,19,19,19,19,19,19
420571,2,1,2000,0,0,0,0,0,0,0,0,0,0
420572,1,1,2000,9,9,9,9,9,9,9,9,9,9
420572,2,1,2000,0,9,0,0,0,0,0,0,0,0
420572,3,1,2000,0,3,0,0,0,0,0,0,0,0
420573,1,1,2000,20,20,20,20,20,20,20,20,20,20
420574,1,1,2000,33,33,33,33,33,33,33,33,33,33
420575,1,1,2000,0,22,21,0,0,0,0,0,0,0
420576,1,1,2000,16,15,10,34,17,23,6,17,8,9
420577,1,1,2000,0,0,0,0,0,0,0,0,0,0
420577,2,1,2000,0,0,0,0,0,0,0,0,0,0
420578,1,1,2000,10,10,10,10,10,10,10,10,10,10
420579,1,1,2000,0,0,0,0,0,0,0,0,0,0
420579,2,1,2000,0,0,5,0,0,0,29,0,0,0
420580,1,1,2000,37,37,37,37,37,37,37,37,37,37
420581,1,1,2000,18,18,18,18,18,18,18,18,18,18
420582,1,1,2000,0,0,0,0,0,0,0,0,0,0
420583,1,1,2000,13,13,13,13,13,13,13,13,13,13
420583,2,1,2000,0,7,0,22,0,0,14,15,10,11
420584,1,1,2000,29,29,29,29,29,29,29,29,29,29
420585,1,1,2000,5,5,5,5,5,5,5,5,5,5
420585,2,1,2000,0,0,0,0,0,0,0,0,0,0
420586,1,1,2000,0,0,0,0,0,0,0,0,0,0
420586,2,1,2000,0,0,0,0,0,0,0,0,0,0
420587,1,1,2000,0,0,0,0,0,0,0,0,0,0
420588,1,1,2000,0,0,0,0,0,0,0,0,0,0
420588,2,1,2000,0,0,0,0,0,0,0,0,0,0
420588,3,1,2000,0,0,11,0,0,0,0,0,0,0
420588,4,1,2000,0,0,0,0,0,0,0,0,0,0
420589,1,1,2000,20,20,20,20,20,20,20,20,20,20
420590,1,1,2000,13,13,13,13,13,13,13,13,13,13
420591,1,1,2000,0,0,0,0,0,0,0,0,0,0
420592,1,1,2000,25,25,25,25,25,25,25,25,25,25
420593,1,1,2000,15,15,15,15,15,15,15,15,15,15
420594,1,1,2000,0,0,0,0,0,0,0,0,0,0
420594,2,1,2000,0,0,0,0,9,6,0,0,10,0
420595,1,1,2000,0,0,9,0,0,0,18,0,0,4
420595,2,1,2000,0,14,0,0,3,22,0,0,0,0
420596,1,1,2000,0,0,0,0,0,0,0,0,0,0
420596,2,1,2000,0,0,0,0,0,0,0,0,0,0
420597,1,1,2000,11,11,11,11,11,11,11,11,11,11
420598,1,1,2000,28,28,28,28,28,28,28,28,28,28
420599,1,1,2000,0,0,0,0,0,0,0,0,0,0
420599,2,1,2000,0,0,0,0,0,0,0,0,0,0
420600,1,1,2000,0,0,0,0,0,0,0,0,0,0
420601,1,1,2000,20,20,20,20,20,20,20,20,20,20
420602,1,1,2000,0,0,0,0,0,0,0,0,0,0
420602,2,1,2000,0,0,0,0,5,0,0,0,3,0
420603,0,1,2000,14,14,14,14,14,14,14,14,14,14
420603,1,1,2000,0,0,0,0,0,0,0,0,0,0
420604,1,1,2000,0,0,0,24,0,0,29,0,0,17
420605,1,1,2000,0,14,17,0,15,21,13,0,21,0
420605,2,1,2000,0,0,0,0,0,0,0,0,0,0
420606,1,1,2000,0,0,0,0,0,0,0,0,0,0
420606,2,1,2000,0,0,0,0,0,0,0,0,0,0
420607,0,1,2000,0,0,0,20,0,0,0,0,0,0
420607,1,1,2000,11,0,34,12,0,0,0,0,0,16
420608,1,1,2000,10,16,16,8,32,14,11,15,15,16
420609,0,1,2000,11,8,0,31,0,34,33,30,6,0
420609,1,1,2000,16,16,16,16,16,16,16,16,16,16
420610,1,1,2000,0,0,0,0,0,0,0,0,0,0
420610,2,1,2000,0,0,0,0,0,0,0,0,0,0
420610,3,1,2000,0,0,0,0,0,0,0,0,0,0
420611,1,1,2000,0,0,0,0,0,0,0,0,0,0
420612,0,1,2000,0,0,0,0,0,0,0,0,0,0
420612,1,1,2000,0,0,11,0,0,0,0,9,0,0
420613,0,1,2000,0,0,0,0,0,0,0,0,0,0
420613,0,2,2000,0,0,0,0,0,0,0,0,0,0
420613,0,3,2000,11,0,0,0,13,0,0,13,0,15
420613,1,1,2000,0,0,0,0,0,0,0,0,0,0
420614,1,1,2000,0,0,0,0,0,0,0,0,0,0
420615,1,1,2000,0,0,0,0,0,0,0,0,0,0
420615,2,1,2000,0,0,0,0,0,0,0,0,0,0
420616,1,1,2000,0,0,0,0,0,0,0,0,0,0
420616,2,1,2000,0,0,0,0,0,0,0,0,0,0
420617,1,1,2000,0,0,0,0,0,0,0,0,0,0
420617,2,1,2000,0,0,0,0,0,0,0,0,0,0
420618,1,1,2000,0,0,0,0,0,0,0,0,0,0
420618,2,1,2000,0,0,0,0,0,0,0,0,0,0
420619,0,1,2000,0,0,0,0,0,0,0,0,0,21
420619,1,1,2000,0,0,0,0,20,0,0,0,19,0
420620,1,1,2000,0,0,0,0,0,0,0,0,0,0
420620,2,1,2000,0,0,0,0,0,0,0,9,0,0
420621,1,1,2000,19,19,19,19,19,19,19,19,19,19
420621,2,1,2000,0,0,0,0,0,0,0,0,0,0
420622,1,1,2000,0,0,0,0,0,0,0,0,0,0
420622,2,1,2000,0,0,0,0,0,0,0,0,0,0
420623,1,1,2000,0,19,20,0,0,0,0,0,0,0
420623,2,1,2000,0,0,0,0,0,0,0,0,0,0
420624,1,1,2000,0,0,0,0,0,0,0,0,0,0
420624,2,1,2000,0,0,0,0,0,0,0,0,0,0
420625,0,1,2000,0,0,0,0,0,0,0,0,0,0
420625,1,1,2000,0,0,0,0,0,0,0,0,0,0
420626,1,1,2000,0,0,0,0,0,0,0,0,0,0
420626,2,1,2000,0,0,0,0,0,0,0,0,0,0
420627,1,1,2000,0,0,0,0,0,0,0,0,0,0
420627,2,1,2000,0,0,0,0,0,0,0,0,0,0
420628,0,1,2000,18,18,18,18,18,18,18,18,18,18
420628,1,1,2000,1,1,1,1,1,1,1,1,1,1
420629,1,1,2000,0,0,0,0,0,0,0,0,0,0
420629,2,1,2000,2,2,2,2,2,2,2,2,2,2
420630,1,1,2000,18,18,18,18,18,18,18,18,18,18
420631,1,1,2000,0,0,0,0,0,0,0,0,0,0
420632,1,1,2000,0,0,0,0,0,0,10,33,0,0
420632,2,1,2000,0,0,0,0,0,0,0,0,0,0
420633,1,1,2000,0,0,0,0,0,0,0,0,0,0
420633,2,1,2000,0,0,0,0,0,0,0,0,0,0
420634,1,1,2000,0,0,0,0,0,0,0,0,0,0
420635,1,1,2000,0,0,0,0,0,0,0,0,0,0
420636,1,1,2000,0,0,8,0,0,0,0,0,0,0
420636,2,1,2000,0,0,0,0,0,0,0,0,0,0
420637,1,1,2000,16,16,16,16,16,16,16,16,16,16
420638,1,1,2000,12,12,12,12,12,12,12,12,12,12
420638,2,1,2000,12,0,0,0,3,0,0,10,0,18
420639,1,1,2000,0,0,0,0,17,0,0,0,0,0
420639,2,1,2000,0,0,0,0,0,0,0,0,0,6
420640,1,1,2000,0,0,0,0,0,0,0,0,0,0
420641,1,1,2000,0,0,0,0,0,0,6,0,0,0
420641,2,1,2000,0,13,0,0,0,0,0,0,0,0
420642,1,1,2000,0,0,0,0,0,0,0,0,0,0
420643,0,1,2000,7,0,25,28,0,0,0,16,0,0
420643,1,1,2000,21,21,21,21,21,21,21,21,21,21
420644,1,1,2000,16,16,16,16,16,16,16,16,16,16
420645,1,1,2000,20,20,20,20,20,20,20,20,20,20
420646,1,1,2000,13,0,0,10,14,0,6,9,0,0
420647,0,1,2000,0,0,0,0,0,0,0,0,0,0
420647,1,1,2000,0,0,0,0,0,0,0,0,0,0
420648,1,1,2000,19,19,19,19,19,19,19,19,19,19
420649,1,1,2000,0,0,0,0,0,0,0,0,0,0
420650,0,1,2000,0,0,0,0,0,0,0,0,0,0
420650,1,1,2000,0,0,0,0,0,0,0,0,0,0
420651,0,1,2000,36,36,36,36,36,36,36,36,36,36
420651,1,1,2000,0,0,0,0,0,0,0,0,0,0
420652,1,1,2000,0,0,0,0,0,0,0,0,0,0
420652,2,1,2000,0,0,0,0,8,0,0,19,0,13
420653,1,1,2000,13,0,0,0,16,0,0,0,0,0
420653,2,1,2000,0,0,0,0,0,0,0,0,0,14
420654,1,1,2000,0,0,0,0,0,0,0,0,0,0
420654,2,1,2000,0,0,0,0,0,0,0,0,0,0
420655,1,1,2000,13,13,13,13,13,13,13,13,13,13
420655,2,1,2000,0,0,0,0,0,0,0,0,0,0
420656,1,1,2000,0,0,0,0,0,0,0,0,0,0
420657,1,1,2000,11,11,11,11,11,11,11,11,11,11
420658,1,1,2000,14,11,24,9,15,32,23,22,11,15
420659,1,1,2000,22,22,22,22,22,22,22,22,22,22
420660,1,1,2000,0,15,0,0,0,0,0,0,0,0
420661,1,1,2000,16,16,16,16,16,16,16,16,16,16
420661,2,1,2000,0,0,0,0,0,0,0,0,0,13
420662,1,1,2000,0,0,0,0,0,0,0,0,0,0
420662,2,1,2000,9,0,0,0,0,0,0,0,0,0
420663,1,1,2000,0,0,0,0,0,0,0,0,0,0
420664,1,1,2000,0,0,0,0,0,0,0,0,0,0
420665,0,1,2000,0,0,0,0,0,0,0,0,0,0
420665,1,1,2000,15,15,15,15,15,15,15,15,15,15
420666,1,1,2000,0,0,0,0,0,0,0,0,0,0
420666,2,1,2000,0,0,0,0,0,0,0,0,0,0
420667,0,1,2000,0,0,0,0,0,0,0,0,0,0
420667,1,1,2000,0,20,0,0,0,0,0,0,0,18
420668,1,1,2000,0,0,0,0,0,0,0,0,0,0
420669,1,1,2000,0,0,0,0,0,0,0,0,0,0
420669,2,1,2000,0,0,0,0,0,0,0,0,0,0
420670,1,1,2000,11,0,20,16,10,16,21,16,42,0
420671,1,1,2000,0,0,0,0,0,0,0,0,0,0
420672,1,1,2000,0,0,0,0,0,0,0,0,0,0
420672,2,1,2000,0,0,0,0,0,0,0,0,0,0
420672,3,1,2000,0,0,0,0,0,0,0,11,0,0
420673,1,1,2000,16,16,16,16,16,16,16,16,16,16
420673,2,1,2000,0,0,0,0,0,0,0,0,0,0
420674,1,1,2000,4,4,4,4,4,4,4,4,4,4
420675,0,1,2000,10,10,10,10,10,10,10,10,10,10
420675,1,1,2000,9,9,9,9,9,9,9,9,9,9
420676,1,1,2000,0,0,0,0,0,0,0,0,0,0
420676,2,1,2000,0,0,0,0,0,0,0,0,0,0
420677,1,1,2000,24,24,24,24,24,24,24,24,24,24
420678,1,1,2000,0,14,25,20,24,20,0,23,24,12
420679,1,1,2000,23,23,23,23,23,23,23,23,23,23
420680,1,1,2000,0,0,0,0,0,0,0,0,0,0
420681,0,1,2000,0,0,0,0,0,0,0,0,0,0
420681,1,1,2000,0,0,0,0,0,0,0,0,0,0
420682,1,1,2000,0,0,0,0,0,0,0,0,0,0
420682,2,1,2000,0,0,0,0,0,0,0,0,0,0
420683,1,1,2000,0,0,0,0,0,0,0,0,0,0
420684,1,1,2000,0,0,0,0,0,0,0,0,0,0
420685,1,1,2000,0,0,0,0,0,0,0,0,0,0
420685,2,1,2000,0,0,0,0,0,0,0,0,0,0
420686,0,1,2000,0,0,0,0,0,0,0,0,0,0
420686,1,1,2000,0,0,0,0,0,0,0,0,0,0
420687,1,1,2000,0,0,0,0,0,0,0,0,0,0
420687,2,1,2000,0,0,0,0,0,0,0,0,0,0
420688,1,1,2000,0,0,0,0,0,0,0,0,0,0
420688,2,1,2000,0,0,0,0,0,0,0,0,0,0
420689,1,1,2000,20,20,20,20,20,20,20,20,20,20
420689,2,1,2000,19,0,7,0,10,0,18,0,0,0
420690,1,1,2000,0,19,11,0,10,0,0,0,28,15
420691,1,1,2000,0,0,0,0,22,19,0,0,0,0
420692,1,1,2000,20,20,20,20,20,20,20,20,20,20
420693,0,1,2000,0,30,15,0,13,0,27,0,0,0
420693,1,1,2000,0,0,0,18,0,0,0,0,4,0
420694,1,1,2000,12,12,12,12,12,12,12,12,12,12
420695,1,1,2000,17,17,17,17,17,17,17,17,17,17
420695,2,1,2000,0,0,0,0,0,0,0,0,0,0
420696,1,1,2000,19,19,19,19,19,19,19,19,19,19
420696,2,1,2000,0,0,0,0,0,0,0,0,0,0
420697,1,1,2000,0,0,0,0,0,0,0,0,0,0
420697,2,1,2000,0,0,0,0,0,0,0,0,0,0
420698,1,1,2000,5,5,5,5,5,5,5,5,5,5
420700,1,1,2000,0,0,0,0,0,0,0,0,0,16
420700,2,1,2000,0,0,0,0,0,0,0,0,0,0
420701,1,1,2000,0,0,0,0,0,0,0,0,0,0
420701,2,1,2000,0,0,0,0,0,0,0,0,0,0
420702,1,1,2000,2,2,2,2,2,2,2,2,2,2
420703,1,1,2000,20,20,20,20,20,20,20,20,20,20
420704,1,1,2000,12,12,12,12,12,12,12,12,12,12
420705,1,1,2000,3,3,3,3,3,3,3,3,3,3
420706,1,1,2000,14,0,10,0,0,0,0,0,0,0
420706,2,1,2000,0,0,0,0,0,0,0,0,0,0
420707,1,1,2000,12,12,12,12,12,12,12,12,12,12
420707,2,1,2000,0,0,0,0,0,0,0,0,0,0
420708,1,1,2000,0,0,0,0,0,0,0,0,0,0
420708,2,1,2000,0,0,0,0,0,0,0,0,0,0
420709,1,1,2000,0,0,0,0,0,0,0,0,0,0
420709,2,1,2000,6,0,0,0,0,0,0,0,0,0
420710,1,1,2000,0,0,0,0,0,0,0,0,0,0
420710,2,1,2000,0,0,0,0,0,0,0,0,0,0
420711,1,1,2000,0,0,0,0,0,0,0,0,0,0
420711,2,1,2000,0,0,0,0,0,0,0,6,0,0
420712,1,1,2000,0,20,0,19,0,7,11,21,11,14
420713,1,1,2000,0,0,0,0,0,0,0,0,0,0
420713,2,1,2000,0,0,0,0,0,0,0,0,0,0
420714,1,1,2000,0,0,0,0,0,0,0,0,0,0
420715,1,1,2000,0,0,0,0,0,0,0,0,0,0
420716,1,1,2000,16,16,16,16,16,16,16,16,16,16
420717,1,1,2000,0,0,0,0,0,0,0,0,0,0
420717,2,1,2000,0,0,0,0,0,0,0,0,0,0
420718,1,1,2000,17,17,17,17,17,17,17,17,17,17
420719,1,1,2000,14,14,14,14,14,14,14,14,14,14
420720,1,1,2000,8,8,8,8,8,8,8,8,8,8
420721,1,1,2000,25,0,0,0,0,0,0,0,0,0
420721,2,1,2000,0,0,0,0,0,0,0,0,0,0
420722,1,1,2000,0,0,0,0,0,0,0,0,0,0
420723,1,1,2000,27,27,27,27,27,27,27,27,27,27
420724,1,1,2000,0,0,0,0,0,0,0,0,0,0
420724,2,1,2000,0,0,0,0,0,0,0,0,0,0
420725,1,1,2000,0,0,0,0,0,0,0,0,0,0
420725,2,1,2000,0,0,0,0,0,0,0,0,0,0
420726,1,1,2000,9,9,9,9,9,9,9,9,9,9
420727,1,1,2000,0,0,0,0,0,0,0,0,0,0
420727,2,1,2000,0,0,0,0,0,0,0,0,0,0
420728,0,1,2000,0,0,0,0,28,0,8,0,0,0
420728,1,1,2000,0,0,0,0,0,0,16,0,8,0
420729,1,1,2000,23,23,23,23,23,23,23,23,23,23
420730,1,1,2000,24,24,24,24,24,24,24,24,24,24
420731,1,1,2000,0,0,0,0,0,0,0,0,0,0
420732,1,1,2000,0,0,14,0,0,16,0,0,0,0
420732,2,1,2000,0,0,0,0,0,0,0,0,0,0
420733,0,1,2000,17,17,17,17,17,17,17,17,17,17
420733,1,1,2000,10,10,10,10,10,10,10,10,10,10
420734,1,1,2000,22,22,22,22,22,22,22,22,22,22
420734,2,1,2000,0,0,0,0,0,0,0,0,0,0
420735,1,1,2000,0,0,0,0,0,0,0,0,0,0
420736,1,1,2000,0,0,0,0,0,0,0,0,0,0
420736,2,1,2000,0,0,0,15,0,0,0,0,0,0
420736,3,1,2000,0,0,0,0,0,7,0,2,0,0
420736,4,1,2000,0,0,0,0,0,0,0,0,0,0
420737,1,1,2000,0,0,0,0,0,0,0,0,0,0
420737,2,1,2000,0,0,18,0,0,0,0,12,0,0
420738,1,1,2000,0,0,0,0,0,0,0,0,0,0
420738,2,1,2000,0,0,0,0,0,0,0,0,0,0
420739,0,1,2000,0,0,0,0,0,0,0,0,0,0
420739,0,2,2000,27,0,0,4,0,0,0,0,12,22
420739,1,1,2000,0,0,0,0,0,0,0,27,0,0
420740,0,1,2000,19,19,19,19,19,19,19,19,19,19
420740,1,1,2000,0,0,0,0,0,0,0,0,0,22
420741,1,1,2000,0,0,0,0,0,0,0,0,0,0
420741,2,1,2000,0,0,0,0,0,0,0,0,0,0
420742,1,1,2000,16,16,16,16,16,16,16,16,16,16
420743,1,1,2000,0,0,0,0,0,0,0,0,0,0
420744,1,1,2000,23,23,23,23,23,23,23,23,23,23
420745,1,1,2000,20,20,20,20,20,20,20,20,20,20
420746,1,1,2000,0,0,0,7,0,0,0,0,0,0
420747,1,1,2000,0,0,0,10,0,11,0,0,0,9
420748,1,1,2000,0,0,0,0,0,0,0,0,0,0
420748,2,1,2000,0,0,0,0,0,0,0,0,0,0
420749,1,1,2000,18,18,18,18,18,18,18,18,18,18
420750,1,1,2000,27,27,27,27,27,27,27,27,27,27
420751,1,1,2000,0,0,0,0,0,0,0,0,0,0
420752,1,1,2000,17,4,24,19,9,27,18,10,19,16
420753,1,1,2000,0,0,0,0,0,0,0,0,0,0
420754,1,1,2000,0,0,0,0,0,0,0,0,0,0
420754,2,1,2000,0,0,17,0,0,0,0,0,0,0
420755,1,1,2000,0,0,0,0,0,0,0,0,0,0
420756,1,1,2000,0,0,0,0,0,0,0,0,0,0
420757,1,1,2000,0,0,0,0,0,0,0,0,0,0
420757,2,1,2000,0,0,0,0,0,0,0,2,0,0
420758,1,1,2000,18,18,18,18,18,18,18,18,18,18
420758,2,1,2000,13,0,0,0,0,0,0,0,0,0
420759,1,1,2000,11,16,0,14,0,25,0,16,33,0
420760,1,1,2000,0,0,0,0,0,0,0,0,0,0
420761,1,1,2000,0,0,0,0,0,0,0,0,0,0
420761,2,1,2000,0,0,0,0,0,0,0,0,0,0
420761,3,1,2000,0,0,0,0,0,0,0,0,0,0
420762,1,1,2000,0,0,0,0,0,0,0,0,0,0
420762,2,1,2000,0,0,0,18,0,0,0,0,0,0
420762,3,1,2000,0,0,0,0,0,0,0,0,0,0
420763,0,1,2000,0,0,0,0,0,0,0,0,0,0
420763,1,1,2000,14,0,0,0,0,0,0,0,0,0
420764,1,1,2000,17,17,17,17,17,17,17,17,17,17
420765,1,1,2000,0,0,0,0,0,0,0,0,9,0
420765,2,1,2000,1,1,1,1,1,1,1,1,1,1
420766,0,1,2000,0,0,0,0,0,0,0,0,0,0
420766,1,1,2000,0,0,0,0,0,0,0,0,0,0
420767,1,1,2000,22,22,22,22,22,22,22,22,22,22
420767,2,1,2000,0,0,0,0,0,0,0,0,0,0
420768,1,1,2000,4,4,4,4,4,4,4,4,4,4
420769,1,1,2000,0,0,0,0,0,0,0,0,0,0
420769,2,1,2000,7,0,0,0,0,0,0,0,0,0
420770,1,1,2000,0,0,12,0,0,0,0,27,0,0
420771,1,1,2000,0,0,0,0,0,0,0,0,0,0
420772,1,1,2000,9,17,12,12,20,18,16,18,23,10
420773,0,1,2000,9,9,9,9,9,9,9,9,9,9
420773,1,1,2000,22,10,15,23,20,26,6,14,25,21
420774,0,1,2000,0,0,17,8,7,0,0,0,0,24
420774,1,1,2000,0,11,0,18,18,12,12,22,13,0
420775,1,1,2000,22,22,22,22,22,22,22,22,22,22
420775,2,1,2000,0,14,3,0,12,6,24,7,6,0
420776,1,1,2000,0,0,0,0,0,0,0,0,0,0
420776,2,1,2000,0,0,0,0,0,0,0,0,0,0
420777,1,1,2000,0,0,0,0,0,0,0,0,0,0
420777,2,1,2000,0,0,0,0,0,0,0,0,0,0
420778,0,1,2000,0,0,0,0,0,0,0,0,0,0
420778,1,1,2000,0,0,0,0,0,0,0,0,0,0
420779,1,1,2000,0,0,0,0,0,0,0,0,0,0
420779,2,1,2000,0,0,0,0,0,0,0,0,0,0
420780,1,1,2000,0,0,0,0,0,0,0,0,0,0
420781,1,1,2000,0,0,0,0,0,0,0,0,0,0
420781,2,1,2000,0,0,0,0,0,0,0,0,0,0
420782,1,1,2000,0,0,0,0,0,0,0,0,0,0
420783,1,1,2000,0,0,0,0,5,0,0,5,0,0
420783,2,1,2000,0,0,0,0,0,0,0,0,0,0
420784,1,1,2000,0,0,0,0,0,0,0,0,0,0
420785,1,1,2000,0,0,0,0,0,0,0,0,0,0
420785,2,1,2000,0,7,0,0,0,0,0,0,0,0
420786,1,1,2000,0,0,0,0,0,0,0,0,0,0
420787,1,1,2000,0,13,0,0,0,0,0,0,0,0
420787,2,1,2000,0,0,0,0,0,0,0,0,0,0
420788,1,1,2000,1,1,1,1,1,1,1,1,1,1
420789,1,1,2000,0,0,0,0,0,0,0,0,0,0
420790,1,1,2000,0,0,0,0,0,0,0,0,0,0
420790,2,1,2000,0,0,0,0,0,0,0,0,0,0
420791,1,1,2000,0,0,0,0,0,0,0,0,0,0
420792,1,1,2000,0,0,0,0,0,0,0,0,0,0
420792,2,1,2000,0,15,0,0,0,0,0,0,0,0
420793,1,1,2000,0,0,0,0,0,0,0,0,0,0
420794,1,1,2000,0,0,0,0,0,0,0,0,0,0
420794,2,1,2000,0,0,0,0,0,0,0,0,0,0
420795,1,1,2000,0,0,0,0,0,0,0,0,0,0
420795,2,1,2000,0,0,0,0,0,0,0,0,0,0
420796,1,1,2000,0,0,0,0,0,0,0,0,0,0
420796,2,1,2000,0,0,0,0,0,0,0,0,0,0
420797,1,1,2000,0,0,0,0,0,0,0,0,0,0
420798,1,1,2000,38,38,38,38,38,38,38,38,38,38
420799,1,1,2000,0,0,0,0,0,0,0,0,0,0
420800,1,1,2000,0,0,0,0,0,0,0,0,0,0
420801,1,1,2000,12,12,12,12,12,12,12,12,12,12
420801,2,1,2000,0,0,0,0,0,0,0,0,0,0
420801,3,1,2000,0,0,0,0,0,0,0,0,0,0
420802,1,1,2000,20,20,20,20,20,20,20,20,20,20
420803,1,1,2000,0,0,0,0,0,0,0,0,0,0
420804,1,1,2000,0,0,0,0,0,0,0,0,0,0
420804,2,1,2000,0,0,0,0,0,0,0,0,0,0
420805,1,1,2000,12,12,12,12,12,12,12,12,12,12
420805,2,1,2000,0,0,0,0,0,0,0,0,0,0
420806,1,1,2000,0,0,0,0,0,0,0,0,0,0
420806,2,1,2000,0,0,0,0,0,0,0,0,0,0
420807,1,1,2000,0,0,0,0,0,0,0,0,0,0
420807,2,1,2000,0,0,0,0,0,0,0,0,0,0
420808,1,1,2000,0,0,0,0,0,0,0,0,0,0
420809,1,1,2000,0,0,0,0,0,0,0,0,0,0
420809,2,1,2000,15,15,15,15,15,15,15,15,15,15
420810,1,1,2000,0,0,0,0,0,0,0,0,0,0
420811,1,1,2000,0,0,0,0,0,0,0,0,0,0
420811,2,1,2000,0,0,0,0,0,0,0,16,0,0
420812,1,1,2000,0,0,0,0,0,0,0,0,0,0
420812,2,1,2000,0,0,0,0,5,0,0,0,0,0
420812,3,1,2000,0,0,0,0,0,0,0,0,0,13
420813,1,1,2000,0,0,0,0,0,0,0,0,0,0
420813,2,1,2000,0,0,0,0,0,0,0,0,0,0
420814,1,1,2000,37,37,37,37,37,37,37,37,37,37
420815,1,1,2000,0,0,0,0,0,0,0,6,0,0
420816,1,1,2000,21,21,21,21,21,21,21,21,21,21
420817,1,1,2000,0,0,0,0,0,0,0,0,0,0
420817,2,1,2000,0,0,0,0,0,0,0,0,0,0
420818,1,1,2000,0,0,0,0,0,0,0,0,0,0
420818,2,1,2000,0,0,0,0,0,0,0,0,0,0
420818,3,1,2000,0,0,0,0,0,0,0,0,0,0
420819,1,1,2000,9,24,0,39,8,0,4,25,26,20
420820,1,1,2000,22,22,22,22,22,22,22,22,22,22
420821,1,1,2000,29,29,29,29,29,29,29,29,29,29
420821,2,1,2000,19,0,0,0,0,0,0,25,0,0
420822,1,1,2000,0,0,6,0,0,0,0,0,0,0
420822,2,1,2000,0,0,0,0,0,0,0,0,0,0
420823,1,1,2000,25,25,25,25,25,25,25,25,25,25
420824,1,1,2000,14,14,14,14,14,14,14,14,14,14
420825,1,1,2000,0,0,0,0,0,0,0,0,0,0
420825,2,1,2000,0,0,0,0,0,0,0,0,0,0
420825,3,1,2000,0,0,0,0,0,0,0,0,0,0
420826,0,1,2000,0,0,0,0,0,0,0,0,0,0
420826,1,1,2000,0,0,0,0,0,0,0,0,0,0
420827,1,1,2000,0,0,0,0,0,0,0,0,0,0
420827,2,1,2000,0,0,0,0,0,0,0,0,0,0
420828,0,1,2000,0,0,0,0,0,0,0,0,0,0
420828,1,1,2000,18,0,0,0,17,0,0,0,0,0
420829,1,1,2000,16,16,16,16,16,16,16,16,16,16
420829,2,1,2000,0,0,0,0,0,0,0,0,0,0
420830,1,1,2000,28,28,28,28,28,28,28,28,28,28
420830,2,1,2000,0,0,0,0,0,0,0,0,0,0
420830,3,1,2000,0,0,0,0,0,0,0,0,0,0
420831,0,1,2000,0,0,0,0,0,0,0,0,0,0
420831,1,1,2000,0,0,0,0,0,0,0,0,0,0
420832,1,1,2000,0,0,0,0,0,0,0,0,0,0
420833,1,1,2000,28,28,28,28,28,28,28,28,28,28
420834,1,1,2000,20,20,20,20,20,20,20,20,20,20
420835,1,1,2000,0,0,0,0,0,0,0,0,0,0
420836,0,1,2000,11,13,0,24,0,8,16,0,0,23
420836,1,1,2000,0,0,0,0,0,0,0,0,0,0
420837,1,1,2000,0,0,0,0,0,0,0,0,0,0
420838,0,1,2000,0,0,0,0,0,0,0,0,0,0
420838,0,2,2000,0,0,21,0,0,0,0,0,0,0
420838,1,1,2000,9,17,17,0,11,13,15,10,13,2
420839,1,1,2000,18,18,18,18,18,18,18,18,18,18
420840,0,1,2000,0,0,41,24,0,0,0,15,27,0
420840,1,1,2000,0,7,0,0,0,0,23,0,0,0
420841,0,1,2000,30,30,30,30,30,30,30,30,30,30
420841,1,1,2000,13,13,13,13,13,13,13,13,13,13
420842,1,1,2000,21,0,0,18,0,0,0,12,15,13
420842,2,1,2000,0,0,0,0,0,0,0,0,0,0
420842,3,1,2000,0,0,0,0,0,0,0,0,0,0
420842,4,1,2000,0,0,0,0,0,0,0,0,0,0
420843,1,1,2000,0,0,0,0,0,0,0,0,0,0