ST_CASE,VEH_NO,PER_NO,YEAR,P1,P2,P3,P4,P5,P6,P7,P8,P9,P10
420843,2,1,2000,20,0,0,0,0,4,0,12,0,8
420844,1,1,2000,19,19,19,19,19,19,19,19,19,19
420844,2,1,2000,0,0,0,0,0,0,0,0,0,0
420845,1,1,2000,0,0,0,0,0,0,0,0,0,0
420846,1,1,2000,28,28,28,28,28,28,28,28,28,28
420847,1,1,2000,3,3,3,3,3,3,3,3,3,3
420848,1,1,2000,0,0,0,0,0,0,0,0,0,0
420848,2,1,2000,0,0,0,0,0,0,0,0,0,0
420848,3,1,2000,0,0,0,0,0,0,0,0,0,0
420849,1,1,2000,22,22,22,22,22,22,22,22,22,22
420850,1,1,2000,19,19,19,19,19,19,19,19,19,19
420850,2,1,2000,0,0,18,0,0,0,0,0,0,0
420850,3,1,2000,0,0,0,0,15,0,0,0,0,0
420851,1,1,2000,18,18,18,18,18,18,18,18,18,18
420852,0,1,2000,21,21,21,21,21,21,21,21,21,21
420852,1,1,2000,0,0,0,0,0,0,0,0,0,0
420853,1,1,2000,0,0,0,0,0,0,0,0,0,0
420854,1,1,2000,0,0,0,0,0,0,0,0,0,0
420854,2,1,2000,0,0,0,0,0,0,0,0,0,0
420855,1,1,2000,0,0,0,0,0,0,0,0,0,0
420855,2,1,2000,0,0,0,0,0,0,0,0,0,0
420856,1,1,2000,0,15,12,0,0,15,4,0,0,0
420856,2,1,2000,0,0,0,0,0,0,0,0,0,0
420857,1,1,2000,11,14,18,22,27,13,11,11,13,39
420857,2,1,2000,0,0,0,0,0,0,0,0,0,0
420858,1,1,2000,0,0,0,0,0,0,0,0,0,0
420858,2,1,2000,0,0,0,0,0,0,32,0,16,0
420859,1,1,2000,0,0,0,0,0,0,0,0,0,0
420859,2,1,2000,0,0,0,0,0,0,0,0,0,0
420860,1,1,2000,20,20,20,20,20,20,20,20,20,20
420861,1,1,2000,32,32,32,32,32,32,32,32,32,32
420862,1,1,2000,0,0,0,0,0,0,0,0,0,0
420862,2,1,2000,24,0,0,0,22,0,0,0,16,19
420863,0,1,2000,10,37,15,0,15,21,0,0,20,0
420863,1,1,2000,0,0,0,0,0,0,0,0,0,0
420864,1,1,2000,24,24,24,24,24,24,24,24,24,24
420864,2,1,2000,0,0,0,0,0,0,0,0,0,0
420865,1,1,2000,0,0,0,0,0,0,0,0,0,0
420866,1,1,2000,0,0,0,0,0,0,0,0,0,0
420866,2,1,2000,0,0,0,0,0,0,0,0,0,0
420867,0,1,2000,0,0,0,0,0,0,0,0,0,0
420867,1,1,2000,0,0,0,0,0,0,0,0,0,0
420868,1,1,2000,0,0,0,0,0,0,0,0,0,0
420868,2,1,2000,0,0,0,0,0,0,0,0,0,0
420869,1,1,2000,0,0,0,0,0,0,0,0,0,0
420870,1,1,2000,0,0,0,0,0,0,0,0,0,0
420870,2,1,2000,0,0,0,0,0,0,0,0,0,0
420871,0,1,2000,31,0,0,3,0,19,0,0,0,0
420871,0,2,2000,0,0,0,0,0,0,0,0,0,0
420871,1,1,2000,0,0,0,0,0,22,0,0,0,0
420871,2,1,2000,0,0,0,0,0,0,0,0,0,2
420872,1,1,2000,31,31,31,31,31,31,31,31,31,31
420874,1,1,2000,0,0,0,0,8,0,0,0,0,0
420874,2,1,2000,0,0,9,0,0,0,14,25,0,11
420875,1,1,2000,8,8,8,8,8,8,8,8,8,8
420875,2,1,2000,0,0,0,0,0,17,0,22,0,13
420876,1,1,2000,0,0,0,0,0,0,0,0,0,0
420876,2,1,2000,0,0,0,0,0,0,0,0,0,0
420877,0,1,2000,0,0,0,0,0,0,0,0,0,0
420877,1,1,2000,0,0,0,0,0,0,0,0,0,0
420877,2,1,2000,0,0,0,0,0,0,0,0,0,0
420877,3,1,2000,0,0,0,0,0,0,0,0,0,0
420878,1,1,2000,0,0,0,0,0,0,0,0,0,0
420878,2,1,2000,0,0,0,0,0,0,0,0,0,0
420879,1,1,2000,19,19,19,19,19,19,19,19,19,19
420880,1,1,2000,0,0,0,0,0,0,0,0,0,0
420881,1,1,2000,14,14,14,14,14,14,14,14,14,14
420882,1,2,2000,0,0,9,0,15,7,0,5,12,0
420883,0,1,2000,0,0,0,0,0,0,0,0,0,0
420883,1,1,2000,0,0,0,0,0,0,7,0,0,0
420884,1,1,2000,0,0,0,0,0,0,0,0,0,0
420884,2,1,2000,0,0,0,0,0,0,0,0,0,0
420884,3,1,2000,0,0,0,0,0,0,0,0,0,0
420885,1,1,2000,0,0,0,0,0,0,0,0,0,0
420885,2,1,2000,0,0,0,0,0,0,0,0,0,0
420886,0,1,2000,0,32,0,11,11,21,31,28,0,6
420886,1,1,2000,0,0,19,0,0,0,9,0,0,0
420887,1,1,2000,0,0,0,0,0,0,0,0,0,0
420887,2,1,2000,0,0,0,0,0,0,0,0,0,0
420887,3,1,2000,0,0,0,0,0,0,0,0,0,0
420888,1,1,2000,0,0,0,0,0,0,0,0,0,0
420888,2,1,2000,0,0,0,0,0,0,0,0,0,0
420889,1,1,2000,0,0,0,0,0,0,0,0,0,0
420889,2,1,2000,0,0,0,0,0,0,0,0,0,0
420890,1,1,2000,7,14,16,0,18,20,9,11,0,16
420891,1,1,2000,0,0,0,0,0,0,0,0,0,0
420892,1,1,2000,0,0,0,0,0,0,0,0,0,0
420892,2,1,2000,0,0,0,0,0,0,0,0,0,0
420893,1,1,2000,0,26,0,0,0,0,0,0,0,10
420893,2,1,2000,0,0,0,0,0,0,0,0,0,0
420893,3,1,2000,0,0,0,0,0,0,0,0,0,0
420893,4,1,2000,0,0,0,0,0,0,0,0,0,0
420894,1,1,2000,16,16,16,16,16,16,16,16,16,16
420895,0,1,2000,21,21,21,21,21,21,21,21,21,21
420895,1,1,2000,0,0,0,0,0,0,0,0,0,0
420896,0,1,2000,11,18,22,26,14,4,20,17,34,9
420896,1,1,2000,18,18,18,18,18,18,18,18,18,18
420897,0,1,2000,0,0,0,0,0,0,0,0,0,0
420897,1,1,2000,0,0,0,0,0,0,0,0,0,0
420898,1,1,2000,18,18,18,18,18,18,18,18,18,18
420899,1,1,2000,0,0,0,0,0,0,0,0,0,0
420899,2,1,2000,0,0,0,0,0,0,0,0,0,0
420899,3,1,2000,0,0,0,0,0,0,0,0,0,0
420900,1,1,2000,18,0,0,0,0,15,0,0,12,22
420901,1,1,2000,0,0,0,0,0,0,0,0,0,0
420902,1,1,2000,0,0,0,0,0,0,0,0,0,0
420903,1,1,2000,0,0,0,0,0,0,0,0,0,0
420904,1,1,2000,0,0,0,0,0,0,0,0,0,0
420904,2,1,2000,0,0,0,0,0,0,0,0,0,0
420904,3,1,2000,0,0,0,0,0,0,0,0,0,0
420905,1,1,2000,0,0,31,0,19,0,12,0,11,0
420906,1,1,2000,0,0,0,0,0,0,0,0,0,0
420906,2,1,2000,0,0,0,0,0,0,0,0,0,0
420907,1,1,2000,0,0,0,0,0,0,0,0,0,0
420907,2,1,2000,0,0,0,0,0,0,0,0,0,0
420908,1,1,2000,0,0,0,0,0,0,0,0,0,0
420908,2,1,2000,0,0,0,0,0,0,0,0,0,0
420908,3,1,2000,0,0,0,0,0,0,0,0,0,0
420909,1,1,2000,0,0,0,0,0,0,0,0,0,0
420910,1,1,2000,0,0,0,0,0,0,0,0,0,0
420910,2,1,2000,0,0,0,0,0,0,0,0,0,0
420911,1,1,2000,0,0,12,0,5,0,0,0,0,0
420912,1,1,2000,0,8,14,0,0,0,0,0,0,0
420912,2,1,2000,0,0,0,0,0,0,0,0,0,0
420913,1,1,2000,29,12,12,21,32,19,27,32,9,35
420913,2,1,2000,0,0,0,0,0,0,0,0,0,0
420914,1,1,2000,0,0,0,0,0,0,0,0,0,0
420914,2,1,2000,0,0,0,0,0,0,0,0,0,0
420914,3,1,2000,0,0,0,0,0,0,0,0,0,0
420915,1,1,2000,0,0,0,0,0,0,0,0,0,0
420915,2,1,2000,0,0,0,0,0,0,0,0,0,0
420915,3,1,2000,0,0,0,0,0,0,0,0,0,0
420916,1,1,2000,17,17,17,17,17,17,17,17,17,17
420916,2,1,2000,0,0,0,0,0,0,0,0,0,0
420917,0,1,2000,0,33,0,16,25,18,0,0,0,0
420917,1,1,2000,0,0,0,0,15,0,0,0,0,0
420918,1,1,2000,0,0,0,0,0,0,0,0,0,0
420919,1,1,2000,23,23,23,23,23,23,23,23,23,23
420920,1,1,2000,13,13,13,13,13,13,13,13,13,13
420920,2,1,2000,30,30,30,30,30,30,30,30,30,30
420921,1,1,2000,0,0,0,0,0,0,0,0,0,0
420921,2,1,2000,0,0,0,0,0,0,0,0,0,0
420922,1,1,2000,0,0,0,0,0,0,0,0,0,0
420922,2,1,2000,0,0,0,0,0,0,0,0,0,0
420923,1,1,2000,0,0,0,0,0,0,0,0,0,0
420923,2,1,2000,0,0,0,0,0,0,0,0,0,0
420924,1,1,2000,30,30,30,30,30,30,30,30,30,30
420924,2,1,2000,0,0,0,0,0,0,0,0,0,0
420925,0,1,2000,0,0,0,0,0,0,0,0,0,0
420925,1,1,2000,0,0,0,0,0,0,0,0,0,0
420926,1,1,2000,0,0,0,0,0,0,0,0,0,0
420926,2,1,2000,0,0,0,0,0,0,0,0,0,0
420927,1,1,2000,0,0,0,0,0,0,0,0,0,0
420927,2,1,2000,0,0,0,0,0,0,0,0,0,0
420927,3,1,2000,0,0,0,0,0,0,0,0,0,0
420927,4,1,2000,0,0,0,0,0,0,0,0,0,0
420928,1,1,2000,15,15,15,15,15,15,15,15,15,15
420929,1,1,2000,11,11,11,11,11,11,11,11,11,11
420929,2,1,2000,0,25,0,0,0,0,21,0,0,0
420930,1,1,2000,0,0,0,0,0,0,6,0,0,0
420930,2,1,2000,0,0,0,0,0,0,0,0,0,0
420931,1,1,2000,0,0,9,0,0,0,0,0,0,0
420932,1,1,2000,0,7,0,0,0,0,5,13,0,0
420933,1,1,2000,0,0,0,0,0,0,0,0,0,0
420934,1,1,2000,21,19,4,0,20,23,10,21,32,17
420935,1,1,2000,14,14,14,14,14,14,14,14,14,14
420936,1,1,2000,23,23,23,23,23,23,23,23,23,23
420937,1,1,2000,2,2,2,2,2,2,2,2,2,2
420937,2,1,2000,0,0,0,0,0,0,0,0,0,0
420938,1,1,2000,0,0,0,0,0,0,0,0,0,0
420939,0,1,2000,0,0,0,0,0,0,9,0,0,0
420939,1,1,2000,8,0,0,0,0,0,0,0,0,0
420940,1,1,2000,0,0,0,0,0,16,0,0,15,0
420940,2,1,2000,0,0,0,0,0,0,0,0,0,0
420941,1,1,2000,0,0,0,0,0,0,0,0,0,0
420941,2,1,2000,0,0,0,0,0,5,0,14,0,0
420942,0,1,2000,0,0,0,0,0,0,0,0,0,0
420942,1,1,2000,7,0,0,0,0,0,0,0,0,0
420943,0,1,2000,0,0,0,0,17,0,0,0,15,0
420943,1,1,2000,0,0,0,0,0,0,0,0,0,0
420944,0,1,2000,0,0,24,0,0,22,0,0,0,0
420944,1,1,2000,0,0,0,0,0,0,0,0,0,3
420945,1,1,2000,0,0,0,0,0,0,18,11,21,11
420945,2,1,2000,11,11,11,11,11,11,11,11,11,11
420946,1,1,2000,0,0,0,0,0,0,0,0,0,0
420946,2,1,2000,19,19,19,19,19,19,19,19,19,19
420947,0,1,2000,0,20,0,14,24,0,0,0,0,19
420947,1,1,2000,0,0,0,0,0,0,0,0,0,0
420948,0,1,2000,0,0,0,0,0,0,0,0,0,0
420948,1,1,2000,0,0,0,0,0,0,0,0,0,0
420949,1,1,2000,0,10,30,0,0,0,15,0,12,18
420949,2,1,2000,0,0,0,0,0,0,0,0,0,0
420949,3,1,2000,0,0,0,0,0,0,0,0,0,0
420950,1,1,2000,10,14,9,0,0,6,18,0,0,8
420950,2,1,2000,0,0,0,0,0,0,0,0,0,0
420951,1,1,2000,0,0,0,0,0,0,0,0,0,0
420952,1,1,2000,0,0,0,0,0,0,0,0,0,0
420953,1,1,2000,0,0,0,0,0,0,0,0,0,0
420954,1,1,2000,0,0,0,0,0,0,0,0,0,0
420955,1,1,2000,0,0,0,0,0,0,0,0,0,0
420956,1,1,2000,0,0,0,0,0,0,0,0,0,0
420957,0,1,2000,21,21,21,21,21,21,21,21,21,21
420957,1,1,2000,0,0,0,0,0,0,0,0,0,0
420958,0,1,2000,0,0,0,0,0,0,0,0,0,0
420958,1,1,2000,0,0,0,0,0,0,0,0,0,0
420959,0,1,2000,0,30,0,7,8,7,0,0,0,0
420959,1,1,2000,0,0,0,0,0,0,0,0,0,0
420960,1,1,2000,0,0,0,0,0,0,0,0,0,0
420960,2,1,2000,0,0,0,0,0,0,0,0,10,0
420960,3,1,2000,8,0,0,0,0,0,0,0,0,0
420960,4,1,2000,0,0,0,0,0,0,0,0,0,0
420960,5,1,2000,0,0,0,0,0,0,0,0,0,0
420960,6,1,2000,0,0,0,0,13,0,0,0,0,0
420960,7,1,2000,0,0,0,0,0,0,0,0,0,25
420960,8,1,2000,0,0,0,0,0,0,0,0,0,0
420960,9,1,2000,0,0,0,0,22,0,0,12,0,0
420960,10,1,2000,0,0,0,0,0,0,0,0,0,0
420960,11,1,2000,0,0,0,0,0,0,0,0,0,0
420960,12,1,2000,0,28,0,0,0,12,0,16,0,0
420961,1,1,2000,0,0,0,0,0,0,0,0,0,0
420962,1,1,2000,22,22,22,22,22,22,22,22,22,22
420963,1,1,2000,0,3,15,0,0,0,0,0,0,0
420964,1,1,2000,25,25,25,25,25,25,25,25,25,25
420964,2,1,2000,20,7,0,18,34,31,19,15,1,18
420965,1,1,2000,24,24,24,24,24,24,24,24,24,24
420965,2,1,2000,7,7,7,7,7,7,7,7,7,7
420966,1,1,2000,22,22,22,22,22,22,22,22,22,22
420967,1,1,2000,0,0,0,0,0,0,0,0,0,0
420968,1,1,2000,0,0,0,0,0,0,0,0,0,0
420968,2,1,2000,0,0,0,0,0,11,0,0,0,0
420969,1,1,2000,28,19,38,28,20,8,17,20,31,29
420970,1,1,2000,11,10,7,7,17,20,5,6,0,37
420971,1,1,2000,8,8,8,8,8,8,8,8,8,8
420972,1,1,2000,15,15,15,15,15,15,15,15,15,15
420973,0,1,2000,17,0,0,25,6,0,9,0,0,0
420973,1,1,2000,0,0,0,19,10,0,0,0,0,0
420974,0,1,2000,0,0,0,0,0,0,5,0,0,27
420974,1,1,2000,0,0,0,0,0,0,0,0,7,0
420975,1,1,2000,0,0,0,0,15,0,0,0,0,0
420975,2,1,2000,0,0,0,0,0,0,0,0,0,0
420976,1,1,2000,0,0,0,0,0,0,0,0,0,0
420977,1,1,2000,4,4,4,4,4,4,4,4,4,4
420978,1,1,2000,13,13,13,13,13,13,13,13,13,13
420979,1,1,2000,31,31,31,31,31,31,31,31,31,31
420980,1,1,2000,0,0,0,0,0,0,0,0,0,0
420980,2,1,2000,0,0,0,0,0,0,0,0,0,0
420980,3,1,2000,0,0,0,0,0,0,0,0,0,0
420981,1,1,2000,0,0,0,0,0,0,0,0,0,0
420982,1,1,2000,5,5,5,5,5,5,5,5,5,5
420983,1,1,2000,12,26,13,0,12,9,19,26,35,0
420984,1,1,2000,12,12,12,12,12,12,12,12,12,12
420985,1,1,2000,0,0,0,0,0,0,0,0,0,0
420985,2,1,2000,0,0,0,5,0,0,0,12,0,0
420986,1,1,2000,6,0,0,22,0,0,0,0,0,0
420986,2,1,2000,0,0,0,0,0,0,0,0,0,0
420987,1,1,2000,0,0,0,0,0,0,0,0,0,0
420988,1,1,2000,0,0,0,0,0,0,0,0,0,0
420988,2,1,2000,0,0,0,0,0,0,0,0,0,0
420988,3,1,2000,0,0,0,0,0,0,0,0,0,0
420989,1,1,2000,0,0,0,0,0,0,0,0,0,0
420989,2,1,2000,0,0,0,0,0,0,0,0,0,0
420990,1,1,2000,0,0,0,0,2,11,0,0,0,21
420991,1,1,2000,0,0,0,0,0,0,0,0,0,0
420991,2,1,2000,0,0,0,0,0,0,0,0,0,0
420992,1,1,2000,18,18,18,18,18,18,18,18,18,18
420993,1,1,2000,23,23,23,23,23,23,23,23,23,23
420994,0,1,2000,0,0,0,0,0,0,0,0,0,0
420994,0,2,2000,19,0,0,0,0,0,0,6,0,7
420994,1,1,2000,0,0,0,0,0,0,0,0,0,0
420995,1,1,2000,9,9,9,9,9,9,9,9,9,9
420996,1,1,2000,0,0,0,0,0,0,0,0,0,0
420996,2,1,2000,0,0,0,0,0,0,0,0,0,0
420997,1,1,2000,8,8,8,8,8,8,8,8,8,8
420998,1,1,2000,0,0,0,0,0,0,0,0,0,0
420998,2,1,2000,0,0,0,0,0,0,0,0,0,0
420998,3,1,2000,0,0,0,0,0,0,0,0,0,0
420999,1,1,2000,0,0,0,19,0,10,0,0,0,0
420999,2,1,2000,14,0,0,0,0,8,0,0,0,0
421000,1,1,2000,11,11,11,11,11,11,11,11,11,11
421001,1,1,2000,19,19,19,19,19,19,19,19,19,19
421002,1,1,2000,0,0,0,0,0,0,0,0,0,0
421003,1,1,2000,0,0,0,0,0,0,0,0,0,0
421003,2,1,2000,0,0,0,0,0,0,0,0,0,0
421004,1,1,2000,0,0,0,0,0,0,0,0,0,0
421005,1,1,2000,0,0,0,0,0,0,0,0,0,0
421005,2,1,2000,0,0,0,0,0,0,0,0,0,0
421006,1,1,2000,24,24,24,24,24,24,24,24,24,24
421006,2,1,2000,0,0,0,0,0,0,0,0,0,0
421007,1,1,2000,0,0,0,0,0,0,0,0,0,0
421007,2,1,2000,0,0,0,0,0,0,0,0,0,0
421008,1,1,2000,0,0,0,0,0,0,0,0,0,0
421009,1,1,2000,13,19,3,10,21,14,7,0,19,17
421009,2,1,2000,0,0,0,0,0,0,0,0,0,0
421010,0,1,2000,0,0,0,0,0,0,0,0,0,0
421010,1,1,2000,0,0,0,0,0,0,0,0,0,0
421011,1,1,2000,11,11,11,11,11,11,11,11,11,11
421012,1,1,2000,0,0,0,0,0,11,0,0,0,0
421013,1,1,2000,0,0,0,0,0,0,0,0,0,0
421013,2,1,2000,0,0,0,0,0,0,0,0,0,0
421014,1,2,2000,0,0,0,0,0,0,0,0,0,0
421014,2,1,2000,0,0,0,0,0,0,0,0,0,0
421014,3,1,2000,0,0,0,0,0,0,0,0,0,0
421015,0,1,2000,0,0,0,0,0,0,0,0,0,0
421015,1,1,2000,0,0,0,0,3,0,0,0,0,0
421016,0,1,2000,0,0,0,0,0,0,0,0,0,0
421016,1,1,2000,0,0,0,0,0,0,17,0,18,0
421017,1,1,2000,29,29,29,29,29,29,29,29,29,29
421018,0,1,2000,0,0,0,0,0,0,0,0,0,23
421018,1,1,2000,0,0,0,0,0,0,0,0,0,0
421019,1,1,2000,18,18,18,18,18,18,18,18,18,18
421020,1,1,2000,0,0,0,0,0,4,0,0,0,0
421021,1,1,2000,0,0,15,0,0,0,0,0,0,0
421022,1,1,2000,0,0,0,0,0,0,0,0,0,0
421022,2,1,2000,0,0,0,0,0,0,12,0,0,0
421023,1,1,2000,0,0,0,0,0,0,0,0,0,0
421023,2,1,2000,0,0,0,0,0,0,0,0,0,0
421023,3,1,2000,0,0,0,0,0,0,0,0,0,0
421024,1,1,2000,0,0,0,0,0,0,0,0,0,0
421024,2,1,2000,0,0,0,0,0,0,0,0,0,0
421025,1,1,2000,0,0,0,0,0,0,0,0,0,0
421026,1,1,2000,5,0,0,0,4,0,0,0,0,0
421027,1,1,2000,24,24,24,24,24,24,24,24,24,24
421028,1,1,2000,18,18,18,18,18,18,18,18,18,18
421029,1,1,2000,26,26,26,26,26,26,26,26,26,26
421029,2,1,2000,0,0,0,15,0,0,0,0,0,0
421030,1,1,2000,0,0,0,0,0,0,0,0,0,0
421031,1,1,2000,0,0,0,0,0,0,0,0,0,0
421031,2,1,2000,0,0,0,0,0,0,0,0,0,0
421032,0,1,2000,0,0,0,0,0,0,0,0,0,0
421032,1,1,2000,0,0,0,0,0,0,0,0,0,0
421033,1,1,2000,0,0,0,0,23,0,0,0,0,0
421033,2,1,2000,0,0,0,0,0,0,0,0,0,0
421034,1,1,2000,15,15,15,15,15,15,15,15,15,15
421035,1,1,2000,26,26,26,26,26,26,26,26,26,26
421036,0,1,2000,0,0,0,0,0,0,0,0,0,0
421036,1,1,2000,0,0,0,0,0,0,0,0,0,0
421037,1,1,2000,0,0,0,0,0,0,0,0,0,0
421037,2,1,2000,0,0,0,0,0,0,0,0,0,0
421037,3,1,2000,0,0,0,0,0,0,0,0,0,0
421038,0,1,2000,0,0,0,0,0,0,0,0,0,0
421038,1,1,2000,0,0,0,0,0,0,0,0,0,0
421039,1,1,2000,15,15,15,15,15,15,15,15,15,15
421040,1,1,2000,0,0,0,0,0,0,0,0,0,0
421041,1,1,2000,15,15,15,15,15,15,15,15,15,15
421042,1,1,2000,0,0,0,0,0,0,0,0,0,0
421043,1,1,2000,0,0,0,0,0,0,0,0,0,0
421043,2,1,2000,0,0,0,0,0,0,0,0,0,0
421044,1,1,2000,0,0,0,0,0,0,0,0,0,0
421044,2,1,2000,0,0,0,2,0,0,0,0,0,0
421045,1,1,2000,0,0,0,0,0,0,0,0,0,0
421045,2,1,2000,0,0,0,0,0,0,0,0,0,0
421046,0,1,2000,0,0,0,0,0,0,0,0,0,0
421046,1,1,2000,0,0,0,0,0,0,0,0,0,0
421047,1,1,2000,0,0,0,0,0,0,0,0,0,0
421047,2,1,2000,0,0,0,0,0,0,0,0,0,0
421048,1,1,2000,0,0,0,0,0,0,0,0,0,0
421049,1,1,2000,0,0,0,0,0,0,0,0,0,0
421049,2,1,2000,0,0,0,0,0,0,0,0,0,0
421050,0,1,2000,0,0,0,0,0,0,0,0,0,0
421050,1,1,2000,0,0,0,0,0,0,0,0,0,0
421051,1,1,2000,9,9,9,9,9,9,9,9,9,9
421052,1,1,2000,0,7,0,0,0,0,6,0,0,0
421052,2,1,2000,0,0,0,0,0,0,18,0,0,0
421053,1,1,2000,22,22,22,22,22,22,22,22,22,22
421054,0,1,2000,0,0,0,0,0,0,0,0,0,0
421054,1,1,2000,0,0,0,0,0,0,0,0,0,0
421055,0,1,2000,0,0,0,0,0,0,0,0,0,0
421055,1,1,2000,11,11,11,11,11,11,11,11,11,11
421056,0,1,2000,12,12,12,12,12,12,12,12,12,12
421056,1,1,2000,0,0,0,0,0,0,0,0,0,0
421057,1,1,2000,12,12,12,12,12,12,12,12,12,12
421058,0,1,2000,0,0,41,0,0,0,0,0,0,19
421058,1,1,2000,0,0,0,0,0,0,0,0,0,0
421059,1,1,2000,0,0,0,0,0,0,0,0,0,0
421060,1,1,2000,0,0,0,0,0,0,0,0,0,0
421060,2,1,2000,0,0,0,0,0,0,0,0,0,0
421061,1,1,2000,0,0,0,0,0,0,0,0,0,0
421061,2,1,2000,0,0,0,0,0,0,0,0,0,8
421062,1,1,2000,0,0,0,0,0,0,0,0,0,0
421062,2,1,2000,0,0,0,0,0,0,0,0,0,0
421063,1,1,2000,0,0,0,0,0,0,0,0,0,0
421063,2,1,2000,0,0,0,0,0,0,0,0,0,0
421064,1,1,2000,0,0,0,0,0,0,0,0,0,0
421064,2,1,2000,0,0,0,0,0,0,0,0,0,0
421065,1,1,2000,26,26,26,26,26,26,26,26,26,26
421065,2,1,2000,0,0,0,0,0,0,0,0,0,0
421066,1,1,2000,0,0,0,0,0,0,0,0,0,0
421066,2,1,2000,0,0,0,0,0,0,0,0,0,0
421066,3,1,2000,0,0,0,0,0,0,0,0,0,0
421067,1,1,2000,19,19,19,19,19,19,19,19,19,19
421067,2,1,2000,26,26,26,26,26,26,26,26,26,26
421068,1,1,2000,19,19,19,19,19,19,19,19,19,19
421068,2,1,2000,0,0,0,0,0,0,0,0,0,0
421069,1,1,2000,26,26,26,26,26,26,26,26,26,26
421070,0,1,2000,0,0,0,0,0,0,0,0,0,0
421070,1,1,2000,0,0,0,0,0,0,0,0,0,0
421071,1,1,2000,21,21,21,21,21,21,21,21,21,21
421072,1,1,2000,0,0,0,0,0,0,0,0,0,0
421072,2,1,2000,0,0,0,0,0,0,0,0,0,0
421073,1,1,2000,0,0,0,0,0,0,0,0,0,0
421073,2,1,2000,0,0,0,0,0,0,0,0,2,0
421073,3,1,2000,0,0,0,0,0,0,0,3,25,13
421074,1,1,2000,0,0,0,0,0,0,0,0,0,0
421074,2,1,2000,0,0,0,0,0,0,0,0,0,8
421075,0,1,2000,15,0,0,0,0,0,0,0,0,0
421075,1,1,2000,0,0,0,0,21,0,0,0,0,0
421076,0,1,2000,0,0,0,0,0,0,0,0,0,0
421076,1,1,2000,26,0,0,12,0,0,0,0,0,0
421077,1,1,2000,0,0,15,0,0,0,0,0,0,0
421077,2,1,2000,0,0,0,0,0,0,0,0,0,0
421077,3,1,2000,0,0,0,0,0,0,0,0,0,0
421078,1,1,2000,0,0,0,0,0,0,0,0,0,0
421079,1,1,2000,27,27,27,27,27,27,27,27,27,27
421080,1,1,2000,29,29,29,29,29,29,29,29,29,29
421080,2,1,2000,0,0,0,0,0,14,0,0,0,0
421080,3,1,2000,0,0,0,0,0,0,0,0,0,0
421080,4,1,2000,0,0,0,0,0,0,0,8,12,0
421081,1,1,2000,0,0,0,0,0,0,0,0,0,0
421082,1,1,2000,15,15,15,15,15,15,15,15,15,15
421083,1,1,2000,0,0,0,0,0,0,0,0,0,0
421083,2,1,2000,0,0,0,0,0,0,0,0,0,0
421084,1,1,2000,22,22,22,22,22,22,22,22,22,22
421085,1,1,2000,16,16,16,16,16,16,16,16,16,16
421086,1,1,2000,0,0,0,0,0,0,1,0,0,0
421086,2,1,2000,23,23,23,23,23,23,23,23,23,23
421087,0,1,2000,0,0,0,0,0,0,0,0,0,0
421087,1,1,2000,0,0,17,0,0,0,0,0,0,0
421088,1,1,2000,0,0,0,0,0,0,0,0,0,0
421088,2,1,2000,0,0,0,0,0,0,0,0,0,0
421089,1,1,2000,5,5,5,5,5,5,5,5,5,5
421089,2,1,2000,0,0,0,0,0,0,0,0,0,0
421090,1,1,2000,0,0,0,0,0,0,0,0,0,0
421090,2,1,2000,0,0,0,0,0,0,0,0,0,0
421091,1,1,2000,22,22,22,22,22,22,22,22,22,22
421092,0,1,2000,0,0,0,0,0,0,0,0,0,11
421092,1,1,2000,0,0,0,0,0,0,0,0,0,0
421093,1,1,2000,24,24,24,24,24,24,24,24,24,24
421093,2,1,2000,0,0,0,0,0,0,0,0,0,0
421094,1,1,2000,23,23,23,23,23,23,23,23,23,23
421095,1,1,2000,12,12,12,12,12,12,12,12,12,12
421096,1,1,2000,0,0,0,0,0,0,0,0,0,0
421096,2,1,2000,0,0,0,0,0,0,0,0,0,0
421097,1,1,2000,0,0,0,0,0,0,0,0,0,0
421097,2,1,2000,0,0,0,0,0,0,0,0,0,0
421097,3,1,2000,0,0,0,0,0,0,0,0,0,0
421098,1,1,2000,0,0,0,0,0,0,0,0,0,0
421098,2,1,2000,0,0,0,0,0,12,0,0,0,0
421099,1,1,2000,33,33,33,33,33,33,33,33,33,33
421101,1,1,2000,13,13,13,13,13,13,13,13,13,13
421102,1,1,2000,0,0,0,0,0,0,0,0,0,0
421104,1,1,2000,16,16,16,16,16,16,16,16,16,16
421104,2,1,2000,0,23,0,0,1,0,21,0,0,0
421105,1,1,2000,0,0,0,0,0,0,0,0,0,0
421106,1,1,2000,29,29,29,29,29,29,29,29,29,29
421106,2,1,2000,0,0,0,20,0,0,0,0,0,0
421107,1,1,2000,0,0,0,0,0,0,0,0,0,0
421107,2,1,2000,0,0,0,0,0,0,0,0,0,0
421108,1,1,2000,0,0,0,0,0,0,0,0,0,0
421108,2,1,2000,0,0,0,0,0,0,0,0,0,0
421109,1,1,2000,16,16,16,16,16,16,16,16,16,16
421109,2,1,2000,0,0,11,0,0,0,0,0,0,0