ST_CASE,VEH_NO,PER_NO,YEAR,P1,P2,P3,P4,P5,P6,P7,P8,P9,P10
450497,1,1,2000,22,22,22,22,22,22,22,22,22,22
450499,1,1,2000,18,24,13,21,25,21,16,19,21,23
450500,0,1,2000,49,17,28,4,33,11,6,13,10,31
450501,1,1,2000,0,10,0,0,9,15,0,12,0,0
450502,1,1,2000,0,0,0,0,0,0,0,0,0,0
450502,2,1,2000,5,5,5,5,5,5,5,5,5,5
450503,1,1,2000,0,0,13,0,0,21,0,20,0,0
450504,1,1,2000,0,22,0,16,0,13,0,0,0,26
450505,1,1,2000,22,22,22,22,22,22,22,22,22,22
450506,0,1,2000,31,8,0,17,5,42,25,0,13,19
450506,1,1,2000,0,0,10,0,0,0,11,0,0,2
450507,1,1,2000,0,0,0,0,0,31,0,0,16,8
450507,2,1,2000,0,20,17,8,9,0,0,10,5,20
450508,1,1,2000,13,8,12,0,0,0,0,10,0,0
450508,2,1,2000,0,18,0,18,0,0,20,11,0,0
450509,1,1,2000,0,0,0,5,0,0,0,0,0,0
450509,2,1,2000,0,0,0,0,0,9,0,0,0,0
450510,1,1,2000,0,0,0,0,0,0,0,0,2,0
450511,1,1,2000,15,0,0,0,0,0,14,0,0,0
450512,1,1,2000,5,10,14,2,19,2,5,16,10,5
450513,0,1,2000,0,0,0,0,0,0,0,0,0,0
450513,1,1,2000,0,0,0,0,0,0,0,0,0,0
450514,1,1,2000,11,24,7,22,11,3,10,22,15,18
450515,1,1,2000,31,6,10,18,16,8,13,11,48,16
450516,1,1,2000,11,11,11,11,11,11,11,11,11,11
450517,1,1,2000,19,0,0,5,0,10,20,17,0,0
450518,1,1,2000,0,13,0,24,0,0,0,0,0,0
450518,2,1,2000,0,0,0,0,0,0,0,0,0,0
450519,1,1,2000,0,0,0,11,0,19,0,0,0,0
450519,2,1,2000,0,0,0,0,0,0,0,0,22,0
450519,3,1,2000,0,21,8,0,0,0,0,0,0,0
450519,4,1,2000,0,21,6,0,8,0,0,0,23,0
450520,1,1,2000,0,0,0,0,0,0,0,0,0,0
450520,2,1,2000,0,0,0,0,0,0,0,0,0,0
450521,1,1,2000,0,0,0,0,0,22,20,0,12,0
450521,2,1,2000,0,17,0,0,0,0,0,0,0,0
450522,0,1,2000,0,0,0,0,23,0,0,14,0,16
450522,1,1,2000,0,19,39,10,16,21,14,10,11,7
450523,1,1,2000,0,0,0,0,0,0,0,15,0,0
450523,2,1,2000,0,0,0,0,0,0,7,12,0,0
450524,1,1,2000,0,0,0,0,0,0,0,0,0,0
450524,2,1,2000,0,0,0,10,0,0,0,0,0,0
450525,1,1,2000,0,0,0,0,0,0,0,0,0,0
450525,2,1,2000,0,0,0,0,0,0,0,0,0,0
450526,0,1,2000,0,0,0,0,0,0,0,0,0,0
450526,1,1,2000,0,0,0,0,0,0,0,0,0,0
450527,1,1,2000,0,0,0,0,0,0,10,0,0,0
450527,2,1,2000,0,0,0,0,0,0,0,0,0,11
450529,1,1,2000,0,0,0,0,0,0,0,0,4,0
450529,2,1,2000,0,0,0,25,0,0,13,0,0,0
450530,1,1,2000,27,30,0,31,0,18,26,12,6,13
450531,1,1,2000,0,17,0,19,0,0,0,0,0,0
450532,1,1,2000,12,0,13,0,0,0,0,0,0,0
450533,1,1,2000,0,0,0,14,16,0,16,0,0,14
450534,1,1,2000,34,34,34,34,34,34,34,34,34,34
450535,1,1,2000,0,0,0,0,0,0,0,0,0,0
450535,2,1,2000,0,0,0,0,18,3,0,0,0,0
450536,1,1,2000,0,0,0,0,0,4,0,0,18,0
450537,1,1,2000,0,0,0,0,0,0,0,0,0,0
450537,2,1,2000,0,0,0,0,0,0,0,0,7,0
450538,1,1,2000,19,19,19,19,19,19,19,19,19,19
450539,1,1,2000,15,15,15,15,15,15,15,15,15,15
450540,1,1,2000,0,0,0,0,0,24,0,0,0,0
450542,0,1,2000,0,0,14,0,16,22,24,0,12,22
450542,1,1,2000,14,0,0,0,0,0,0,9,7,0
450543,1,1,2000,0,0,0,0,0,12,0,0,0,0
450544,1,1,2000,23,10,0,0,0,31,0,0,0,0
450546,1,1,2000,20,17,11,12,38,27,15,24,38,0
450547,1,1,2000,0,0,0,0,0,0,0,0,0,0
450547,2,1,2000,0,25,0,18,0,24,0,0,0,0
450547,3,1,2000,0,0,0,0,0,12,0,0,0,0
450547,4,1,2000,9,0,0,11,0,0,0,0,0,0
450548,1,1,2000,18,18,18,18,18,18,18,18,18,18
450549,1,1,2000,24,31,15,11,29,22,19,10,14,6
450550,1,1,2000,0,29,0,12,0,0,7,11,32,0
450551,1,1,2000,0,0,0,0,0,0,0,0,0,0
450551,2,1,2000,0,14,14,11,6,13,8,18,21,14
450552,1,1,2000,0,22,18,10,26,22,11,0,9,0
450553,1,1,2000,0,0,31,19,0,0,0,0,0,0
450553,2,1,2000,0,0,0,0,0,0,0,0,0,0
450554,1,1,2000,0,0,0,23,0,0,0,12,0,21
450555,1,1,2000,0,0,0,0,23,0,0,23,0,9
450556,0,1,2000,16,0,0,0,39,0,0,21,0,22
450556,1,1,2000,0,0,0,0,0,0,4,0,0,0
450556,2,1,2000,0,0,0,0,0,0,0,0,0,0
450557,1,1,2000,0,0,0,0,0,0,0,0,0,0
450557,2,1,2000,0,0,0,0,0,0,0,16,0,0
450558,0,1,2000,0,31,20,9,33,19,0,0,31,25
450558,1,1,2000,0,30,0,0,10,0,7,0,0,0
450559,1,1,2000,6,11,17,21,6,9,13,14,11,18
450560,1,1,2000,0,0,0,0,0,0,0,0,0,0
450560,2,1,2000,0,0,0,0,0,10,0,0,0,0
450561,0,1,2000,11,11,11,11,11,11,11,11,11,11
450561,1,1,2000,0,0,0,0,11,7,18,0,0,0
450562,1,1,2000,0,21,9,0,5,0,0,11,0,14
450563,1,1,2000,0,0,20,0,20,0,20,0,0,9
450564,1,1,2000,0,0,0,0,0,0,0,0,0,0
450564,2,1,2000,0,0,0,0,0,0,0,0,0,0
450565,1,1,2000,6,7,0,23,21,6,7,9,0,0
450566,1,1,2000,0,0,0,0,0,0,0,0,0,0
450566,2,1,2000,0,0,0,0,0,0,11,0,0,26
450566,3,1,2000,0,0,0,0,14,0,0,0,0,0
450567,1,1,2000,4,17,0,0,33,25,0,0,20,0
450567,2,1,2000,6,0,0,0,0,0,0,0,0,0
450568,1,1,2000,12,39,19,9,0,0,20,21,19,15
450569,1,1,2000,0,0,0,0,0,0,0,0,20,0
450570,1,1,2000,29,24,24,20,23,17,16,22,28,8
450571,1,1,2000,37,12,16,10,27,33,20,14,32,4
450573,0,1,2000,32,27,0,23,8,11,0,22,8,0
450573,1,1,2000,0,0,0,0,0,0,0,0,0,14
450574,1,1,2000,0,7,18,0,0,0,17,8,0,0
450575,1,1,2000,0,9,0,0,0,0,12,24,21,0
450575,2,1,2000,21,0,10,0,27,0,0,11,0,14
450576,1,1,2000,13,19,23,15,19,13,25,30,14,19
450578,1,1,2000,12,15,20,30,10,36,36,18,18,29
450579,1,1,2000,0,0,0,0,0,0,0,0,0,0
450579,2,1,2000,0,0,0,0,0,0,15,0,0,0
450580,1,1,2000,0,0,0,25,0,0,0,15,0,0
450580,2,1,2000,0,0,0,9,0,0,0,0,13,0
450580,3,1,2000,0,3,0,0,0,0,0,0,0,0
450581,1,1,2000,17,17,17,17,17,17,17,17,17,17
450582,1,1,2000,20,20,20,20,20,20,20,20,20,20
450583,1,1,2000,14,25,0,5,0,0,0,25,0,25
450584,1,1,2000,19,6,0,8,10,0,0,0,15,0
450585,1,1,2000,0,0,0,0,0,0,0,5,0,0
450585,2,1,2000,0,0,0,0,13,0,0,5,0,0
450585,3,1,2000,0,0,0,0,0,8,0,0,0,0
450586,1,1,2000,0,0,0,0,0,0,0,0,0,0
450587,1,1,2000,0,9,0,0,0,4,28,0,21,0
450587,2,1,2000,0,0,0,0,0,0,0,0,0,0
450588,1,1,2000,0,0,0,0,0,0,0,0,0,9
450589,1,1,2000,9,0,0,0,25,11,19,20,0,0
450590,1,1,2000,11,22,11,13,30,12,26,18,3,30
450591,1,1,2000,0,16,0,10,6,20,0,0,23,0
450591,2,1,2000,0,0,0,0,0,0,0,0,0,0
450592,1,1,2000,7,12,19,14,12,3,14,13,4,9
450592,2,1,2000,18,17,18,19,18,15,10,0,10,0
450593,1,1,2000,13,13,13,13,13,13,13,13,13,13
450594,1,1,2000,0,0,0,0,0,8,25,4,0,0
450594,2,1,2000,16,20,11,11,16,25,6,9,19,16
450595,1,1,2000,0,0,0,0,0,0,0,0,0,0
450595,2,1,2000,0,0,0,0,0,0,0,0,0,0
450596,1,1,2000,25,25,18,4,0,20,0,20,0,0
450597,1,1,2000,0,0,17,0,0,0,11,0,0,0
450598,1,1,2000,0,0,0,0,0,0,0,0,0,0
450598,2,1,2000,14,14,14,14,14,14,14,14,14,14
450599,1,1,2000,9,15,21,14,0,19,0,5,29,10
450600,0,1,2000,0,0,0,26,0,0,14,0,0,28
450600,1,1,2000,0,15,19,16,6,11,0,17,0,0
450600,2,1,2000,0,0,0,0,0,0,0,18,0,0
450601,1,1,2000,0,0,0,14,0,5,15,0,27,18
450602,1,1,2000,0,0,0,0,4,0,17,0,22,21
450602,2,1,2000,0,0,0,0,0,0,0,0,0,0
450603,1,1,2000,20,20,20,20,20,20,20,20,20,20
450604,0,1,2000,23,26,25,25,24,21,24,22,3,20
450604,1,1,2000,10,0,0,20,0,0,0,0,0,15
450605,1,1,2000,5,0,0,0,0,0,0,0,0,15
450605,2,1,2000,0,0,0,0,0,9,0,0,0,0
450607,1,1,2000,0,0,0,0,21,0,23,5,0,26
450608,1,1,2000,0,0,28,0,0,0,0,5,0,0
450609,1,1,2000,0,0,0,0,0,0,0,0,0,0
450609,2,1,2000,0,0,0,0,0,0,0,0,0,0
450610,1,1,2000,0,0,0,19,0,0,12,9,0,0
450610,2,1,2000,0,0,7,0,0,0,0,0,0,0
450611,1,1,2000,0,0,0,0,3,0,0,0,14,22
450611,2,1,2000,17,31,16,13,25,21,0,22,30,21
450614,1,1,2000,0,0,0,0,0,0,0,0,0,0
450614,2,1,2000,0,0,0,0,0,0,0,0,0,0
450614,3,1,2000,0,0,0,0,0,0,0,0,0,6
450614,4,1,2000,0,0,0,0,0,0,0,0,0,0
450615,1,1,2000,11,11,9,0,0,13,0,0,0,0
450615,2,1,2000,12,12,0,0,12,16,5,12,19,0
450616,1,1,2000,0,0,0,0,0,0,0,0,0,0
450616,2,1,2000,12,0,0,0,0,0,0,0,12,0
450617,1,1,2000,0,0,0,0,0,0,0,0,0,0
450617,2,1,2000,0,0,0,0,0,7,0,0,5,0
450618,1,1,2000,0,12,0,3,0,0,0,0,0,0
450618,2,1,2000,3,0,0,0,15,12,0,25,0,0
450618,3,1,2000,0,0,0,0,0,0,0,0,0,0
450620,1,1,2000,8,22,0,0,14,23,10,3,0,11
450620,2,1,2000,0,0,0,0,0,0,0,0,5,0
450622,1,1,2000,11,0,0,0,11,0,0,10,0,0
450622,2,1,2000,22,0,24,23,0,39,15,0,0,0
450623,0,1,2000,0,0,0,0,0,0,0,0,0,0
450623,1,1,2000,0,0,0,0,0,0,0,0,0,0
450624,1,1,2000,0,0,0,0,0,0,0,0,0,19
450625,1,1,2000,23,17,15,17,6,10,13,16,14,19
450626,1,1,2000,0,0,0,0,0,0,0,0,21,0
450626,2,1,2000,7,8,3,16,15,0,17,11,0,11
450627,1,1,2000,0,43,0,0,22,0,0,0,0,0
450628,1,1,2000,31,8,21,11,3,17,12,26,0,2
450628,2,1,2000,0,11,5,0,0,16,0,0,14,0
450629,1,1,2000,0,13,0,0,12,0,0,0,0,0
450629,2,1,2000,0,0,0,0,0,0,0,0,0,0
450630,1,1,2000,0,0,0,0,0,0,22,6,0,20
450631,1,1,2000,0,0,0,0,0,0,0,0,0,0
450632,1,1,2000,0,0,0,0,0,18,19,0,0,0
450632,2,1,2000,12,0,0,0,0,0,0,0,0,10
450632,3,1,2000,0,20,0,0,0,0,0,0,0,0
450632,4,1,2000,0,5,0,0,0,0,22,0,3,0
450632,5,1,2000,0,13,0,0,10,0,0,0,0,0
450633,1,1,2000,11,0,13,31,0,14,0,14,17,0
450634,1,1,2000,0,0,0,0,0,0,0,0,0,0
450634,2,1,2000,0,0,0,0,0,0,0,0,0,0
450635,1,1,2000,0,0,0,14,0,0,0,0,0,0
450636,1,1,2000,0,0,0,0,0,0,0,0,0,0
450636,2,1,2000,0,0,0,0,0,0,0,0,0,0
450637,1,1,2000,11,0,29,0,36,0,30,17,9,0
450638,1,1,2000,11,9,17,19,0,5,17,12,21,14
450638,2,1,2000,3,16,10,6,17,24,0,17,16,6
450639,1,1,2000,24,24,24,24,24,24,24,24,24,24
450640,0,1,2000,0,30,18,0,13,21,41,25,16,12
450640,1,1,2000,13,0,11,13,5,0,0,0,23,22
450641,1,1,2000,0,0,0,0,14,0,0,0,0,15
450642,1,1,2000,0,0,0,0,0,0,0,0,0,0
450642,2,1,2000,8,0,6,16,13,8,0,0,0,0
450642,3,1,2000,0,33,0,0,8,9,0,0,11,0
450643,1,1,2000,0,0,0,0,0,0,0,11,0,20
450643,2,1,2000,12,0,0,0,16,2,0,0,21,0
450644,0,1,2000,0,0,0,0,0,0,0,0,0,0
450644,1,1,2000,12,0,0,0,0,0,22,0,0,30
450645,1,1,2000,5,13,10,0,0,0,0,4,0,10
450645,2,1,2000,0,0,6,0,5,0,7,10,0,0
450646,1,1,2000,24,22,23,22,16,18,26,26,12,4
450647,1,1,2000,7,0,0,0,32,0,0,0,8,0
450647,2,1,2000,8,0,10,26,6,18,12,13,19,0
450648,1,1,2000,0,0,0,0,0,0,0,0,0,0
450649,1,1,2000,0,0,0,7,0,17,26,0,0,0
450649,2,1,2000,0,0,0,0,0,0,0,0,0,0
450649,3,1,2000,0,0,6,0,0,0,0,0,0,0
450650,1,1,2000,19,19,19,19,19,19,19,19,19,19
450652,0,1,2000,0,0,0,0,0,0,0,0,0,0
450652,1,1,2000,12,11,23,14,25,15,19,15,26,28
450653,0,1,2000,0,35,11,0,16,14,0,0,0,18
450653,1,1,2000,0,0,0,0,0,0,0,0,0,0
450654,1,1,2000,0,19,0,0,0,0,23,19,0,0
450654,2,1,2000,0,0,0,0,0,0,0,0,0,0
450655,1,1,2000,0,0,0,0,0,0,0,0,0,0
450655,2,1,2000,0,0,0,0,0,0,0,0,0,0
450656,1,1,2000,28,0,0,0,16,0,0,0,0,0
450657,1,1,2000,16,35,14,11,0,25,16,13,10,0
450658,1,1,2000,34,0,7,8,21,15,0,22,19,0
450659,1,1,2000,18,18,18,18,18,18,18,18,18,18
450660,1,1,2000,0,0,0,0,0,0,0,0,0,0
450660,2,1,2000,0,0,0,0,0,0,0,21,0,0
450660,3,1,2000,0,0,0,0,0,0,0,0,0,0
450661,1,1,2000,24,0,0,0,0,0,0,0,0,0
450661,2,1,2000,2,0,0,0,0,7,0,0,4,0
450662,1,1,2000,5,16,16,17,0,13,28,14,0,0
450662,2,1,2000,0,0,0,0,0,0,0,0,0,0
450663,0,1,2000,25,0,0,0,0,0,0,0,0,0
450663,1,1,2000,0,0,0,0,0,0,0,0,0,0
450664,1,1,2000,0,0,9,0,9,0,0,5,15,21
450665,1,1,2000,10,4,7,22,32,19,10,20,12,28
450666,1,1,2000,12,0,15,0,20,34,7,13,0,21
450667,1,1,2000,13,0,0,0,0,0,22,0,0,0
450668,0,1,2000,0,0,0,0,0,0,0,0,0,0
450668,1,1,2000,0,0,0,0,8,0,11,0,0,0
450669,1,1,2000,0,0,0,0,0,0,0,0,0,0
450669,2,1,2000,0,17,0,0,0,0,0,0,0,0
450670,1,1,2000,0,0,0,0,0,0,21,32,35,0
450670,2,1,2000,0,0,23,0,0,0,0,0,13,0
450671,1,1,2000,0,0,0,0,0,0,0,0,0,12
450671,2,1,2000,19,2,0,9,23,19,10,10,19,17
450672,1,1,2000,17,24,0,18,0,0,13,0,5,4
450673,1,1,2000,0,18,0,0,0,0,0,0,0,0
450673,2,1,2000,0,0,0,12,0,0,0,0,0,0
450674,1,1,2000,0,7,17,0,30,27,6,19,25,0
450675,0,1,2000,11,0,0,28,4,3,18,5,0,9
450675,1,1,2000,9,0,25,9,37,0,0,28,0,7
450676,1,1,2000,23,0,0,0,13,12,0,6,0,0
450677,1,1,2000,0,10,0,12,0,0,0,0,0,0
450677,2,1,2000,0,0,10,0,0,0,0,0,0,0
450678,0,1,2000,0,0,0,0,0,0,0,0,0,0
450678,1,1,2000,0,10,0,0,6,0,0,0,0,0
450679,1,1,2000,13,16,9,0,0,0,5,0,23,0
450680,1,1,2000,0,0,0,0,0,0,0,21,0,0
450681,1,1,2000,8,0,11,0,22,11,0,0,6,0
450682,1,1,2000,22,22,22,22,22,22,22,22,22,22
450683,1,1,2000,0,24,0,0,0,0,0,0,0,0
450684,1,1,2000,24,24,24,24,24,24,24,24,24,24
450685,1,1,2000,15,0,9,0,7,31,12,15,0,21
450685,2,1,2000,17,15,8,3,5,12,9,5,7,8
450686,1,1,2000,24,24,24,24,24,24,24,24,24,24
450687,1,1,2000,9,37,14,8,18,23,23,20,31,13
450688,1,1,2000,0,0,0,0,0,0,0,0,0,0
450688,2,1,2000,4,0,0,0,0,0,0,0,0,0
450689,1,1,2000,16,13,0,14,5,15,19,9,13,11
450689,2,1,2000,0,0,0,19,13,0,0,0,0,0
450690,0,1,2000,25,25,25,25,25,25,25,25,25,25
450690,1,1,2000,4,9,29,0,14,29,15,21,12,9
450691,1,1,2000,20,21,11,17,12,9,15,11,10,27
450692,1,1,2000,0,18,0,0,0,0,0,0,12,17
450692,2,1,2000,0,7,0,0,23,0,0,0,0,0
450693,0,1,2000,0,0,22,0,19,0,9,0,25,0
450693,1,1,2000,0,0,0,0,0,0,0,0,0,0
450694,1,1,2000,0,0,0,0,0,0,0,0,0,0
450695,1,1,2000,10,6,21,9,23,16,11,8,10,15
450695,2,1,2000,0,0,0,0,0,0,0,0,9,0
450696,1,1,2000,0,0,0,0,0,0,0,0,0,13
450697,1,1,2000,0,0,0,0,12,8,0,10,11,16
450697,2,1,2000,0,9,0,0,0,18,0,11,0,0
450698,1,1,2000,0,0,0,0,0,0,0,0,0,31
450698,2,1,2000,15,15,15,15,15,15,15,15,15,15
450699,1,1,2000,0,0,0,0,0,0,0,0,0,0
450700,1,1,2000,0,0,0,0,0,0,0,0,0,0
450700,2,1,2000,0,5,3,0,13,0,0,17,0,16
450701,1,1,2000,0,0,0,0,0,0,0,0,0,0
450701,2,1,2000,0,0,0,0,0,0,0,0,0,0
450702,0,1,2000,19,0,0,18,28,41,20,0,0,0
450702,1,1,2000,0,0,0,0,0,0,0,0,0,0
450703,1,1,2000,0,0,0,0,0,0,0,0,0,0
450703,2,1,2000,0,0,0,0,0,0,0,0,0,0
450704,1,1,2000,4,10,0,7,15,13,9,0,12,4
450705,1,1,2000,0,15,35,12,19,0,13,0,0,15
450706,1,1,2000,0,0,0,12,0,0,0,0,0,0
450707,1,1,2000,0,0,0,0,0,0,0,0,0,0
450707,2,1,2000,0,0,0,0,0,0,0,0,0,0
450707,3,1,2000,0,0,0,0,0,0,0,0,3,0
450707,4,1,2000,0,0,0,0,0,0,0,0,0,0
450707,5,1,2000,0,0,0,0,0,0,0,0,0,12
450707,6,1,2000,0,6,0,0,0,0,0,0,0,0
450707,7,1,2000,0,0,0,0,0,0,0,0,0,0
450708,1,1,2000,20,16,24,5,20,10,14,8,23,12
450709,1,1,2000,0,0,0,0,0,0,8,10,0,0
450709,2,1,2000,5,11,4,0,11,12,5,13,0,0
450711,1,1,2000,0,0,0,0,0,0,0,0,0,0
450711,2,1,2000,0,0,0,0,0,0,0,1,0,0
450712,0,1,2000,17,17,17,17,17,17,17,17,17,17
450712,1,1,2000,0,0,12,0,0,0,0,0,0,8
450713,1,1,2000,0,0,11,12,16,0,16,0,30,0
450714,0,1,2000,15,30,13,8,41,0,0,0,8,0
450714,1,1,2000,32,0,0,0,0,0,0,0,0,0
450715,1,1,2000,0,0,0,0,0,12,0,9,0,0
450716,1,1,2000,0,0,0,0,0,0,0,0,0,0
450717,1,1,2000,8,0,12,0,0,0,23,11,16,10
450718,0,1,2000,9,0,0,0,0,20,0,0,11,0
450718,1,1,2000,0,0,0,0,0,22,0,0,13,0
450718,2,1,2000,13,0,0,0,0,18,0,0,0,0
450719,1,1,2000,20,20,20,20,20,20,20,20,20,20
450719,2,1,2000,0,0,11,0,0,0,0,0,0,0
450720,1,1,2000,0,0,21,0,0,0,0,0,0,0
450720,2,1,2000,0,0,0,0,0,30,0,0,0,0
450721,1,1,2000,0,0,0,0,0,0,0,0,0,0
450721,2,1,2000,0,0,0,0,0,0,0,9,14,0
450722,1,1,2000,0,0,0,23,0,0,0,21,0,0
450723,1,1,2000,21,21,21,21,21,21,21,21,21,21
450724,1,1,2000,0,0,0,0,0,0,0,0,0,0
450724,2,1,2000,11,0,24,8,5,27,5,15,9,30
450725,1,1,2000,0,0,0,0,0,0,0,19,0,15
450725,2,1,2000,0,0,0,0,0,0,0,8,0,0
450726,1,1,2000,0,0,0,0,0,36,0,0,20,0
450727,1,1,2000,0,0,0,0,0,0,0,0,0,0
450727,2,1,2000,7,14,10,0,20,16,23,33,10,15
450728,1,1,2000,27,31,10,21,12,11,26,18,22,32
450729,1,1,2000,0,14,0,0,0,0,0,0,0,0
450729,2,1,2000,0,0,0,11,0,0,0,0,0,0
450730,1,1,2000,0,0,0,0,0,0,0,0,0,0
450730,2,1,2000,0,0,0,0,0,0,0,0,0,0
450731,1,1,2000,0,18,0,23,11,0,0,0,0,0
450732,1,1,2000,0,0,0,0,0,0,0,0,11,0
450732,2,1,2000,0,0,0,0,0,0,0,0,0,0
450732,3,1,2000,0,0,0,0,0,0,0,0,0,0
450733,0,1,2000,0,0,0,0,0,0,0,0,0,0
450733,1,1,2000,0,0,0,0,0,0,0,0,0,0
450734,1,1,2000,19,19,19,19,19,19,19,19,19,19
450734,2,1,2000,0,0,0,0,0,0,0,0,0,0
450735,0,1,2000,25,18,26,12,20,31,15,0,6,11
450735,1,1,2000,0,0,0,0,0,0,0,0,0,0
450735,2,1,2000,0,0,0,0,0,0,0,0,0,0
450736,1,1,2000,0,0,0,0,0,0,0,0,0,0
450736,2,1,2000,0,0,8,0,9,0,0,0,16,0
450737,1,1,2000,0,0,0,0,0,0,0,0,0,0
450737,2,1,2000,0,0,0,0,0,0,0,0,0,0
450738,1,1,2000,0,0,0,0,0,0,0,0,0,0
450738,2,1,2000,0,0,0,0,0,0,0,0,0,0
450738,3,1,2000,0,0,0,0,0,0,0,0,0,0
450738,4,1,2000,0,0,0,0,0,0,0,9,0,13
450739,1,1,2000,0,0,0,0,0,0,0,0,0,0
450739,2,1,2000,0,0,0,0,9,0,0,0,0,0
450740,1,1,2000,1,1,1,1,1,1,1,1,1,1
450741,1,1,2000,18,18,18,18,18,18,18,18,18,18
450742,1,1,2000,0,0,0,6,0,0,0,0,11,0
450742,2,1,2000,13,0,0,0,0,13,0,0,4,0
450743,1,1,2000,9,9,9,9,9,9,9,9,9,9
450743,2,1,2000,0,0,0,0,0,0,0,0,0,0
450744,1,1,2000,0,0,0,0,20,0,0,0,0,10
450744,2,1,2000,0,0,10,0,0,0,0,0,0,0
450745,1,1,2000,0,0,0,0,0,0,0,0,0,0
450745,2,1,2000,0,0,0,0,0,0,0,0,3,0
450746,1,1,2000,7,0,0,0,0,0,0,0,0,0
450747,0,1,2000,20,52,31,56,22,35,12,12,14,52
450747,1,1,2000,0,0,0,0,0,0,0,0,0,0
450748,0,1,2000,0,0,0,0,3,0,0,0,0,0
450748,1,1,2000,26,14,0,6,0,0,0,0,21,13
450749,1,1,2000,12,0,0,0,0,0,0,0,0,0
450749,2,1,2000,0,0,0,0,0,0,0,0,0,0
450750,1,1,2000,0,0,0,12,0,0,0,0,0,0
450750,2,1,2000,0,0,0,0,5,0,0,0,0,0
450751,1,1,2000,0,0,0,0,0,0,0,0,0,0
450751,2,1,2000,0,0,22,0,0,0,0,0,10,0
450752,1,1,2000,4,17,17,29,24,15,8,0,12,13
450753,1,1,2000,0,0,0,15,31,0,0,0,0,0
450754,1,1,2000,5,12,17,0,7,8,15,4,0,24
450755,1,1,2000,0,8,5,0,0,14,20,0,15,0
450755,2,1,2000,0,0,0,0,6,22,13,6,12,9
450756,1,1,2000,0,13,20,0,16,7,22,21,24,9
450757,1,1,2000,14,0,46,13,9,13,15,17,44,12
450758,1,1,2000,11,8,12,31,5,14,14,19,17,12
450758,2,1,2000,13,0,0,0,0,17,14,0,0,11
450759,1,1,2000,24,24,24,24,24,24,24,24,24,24
450760,1,1,2000,25,13,32,32,16,21,0,18,0,12
450761,1,1,2000,23,23,23,23,23,23,23,23,23,23
450762,1,1,2000,15,4,24,19,21,20,8,17,29,0
450763,1,1,2000,0,0,0,0,0,0,0,0,0,0
450763,2,1,2000,0,0,0,0,0,0,0,0,0,0
450764,1,1,2000,0,21,0,31,0,0,0,0,0,0
450765,1,1,2000,0,36,0,10,3,13,12,22,15,10
450766,1,1,2000,0,22,0,0,0,0,0,0,0,0
450766,2,1,2000,15,0,0,0,0,0,0,0,0,0
450767,1,1,2000,0,0,0,0,0,0,0,0,0,0
450767,2,1,2000,0,0,0,0,0,0,0,0,0,0
450768,1,1,2000,0,13,4,7,4,0,0,18,0,26
450769,1,1,2000,0,24,8,36,11,0,21,16,0,10
450770,1,1,2000,0,0,0,0,0,0,0,0,0,0
450770,2,1,2000,6,0,0,0,0,0,0,0,0,0
450771,1,1,2000,0,0,0,14,0,0,0,0,0,0
450771,2,1,2000,16,0,0,21,16,0,12,0,0,0
450772,1,1,2000,13,0,8,15,8,0,0,0,0,6
450773,1,1,2000,9,17,16,26,15,21,16,12,16,22
450774,1,1,2000,0,0,0,0,11,0,0,0,0,0
450774,2,1,2000,0,0,0,0,0,0,0,0,0,0
450775,1,1,2000,29,0,0,0,9,4,0,0,29,0
450776,1,1,2000,19,19,19,19,19,19,19,19,19,19
450777,1,1,2000,13,8,0,0,0,14,0,0,0,0
450778,1,1,2000,8,0,12,5,0,0,20,0,0,22
450779,1,1,2000,6,13,0,14,20,0,12,19,8,11
450780,1,1,2000,0,0,4,0,0,0,0,0,0,0
450781,1,1,2000,0,4,0,0,11,0,0,0,25,0
450782,1,1,2000,28,5,0,24,9,11,0,11,7,5
450782,2,1,2000,0,0,0,0,0,0,0,0,0,0
450782,3,1,2000,0,0,0,0,0,0,0,0,24,0
450782,4,1,2000,0,0,0,0,0,0,0,0,0,0
450783,1,1,2000,0,0,6,0,0,0,0,0,0,0
450783,2,1,2000,0,0,0,0,0,0,0,0,0,0
450784,1,1,2000,0,0,0,0,0,0,0,0,0,0
450784,2,1,2000,11,0,0,0,0,0,8,12,0,0
450785,1,1,2000,0,0,0,28,12,14,0,15,7,24
450785,2,1,2000,21,8,4,3,8,12,7,17,6,26
450786,1,1,2000,0,0,0,0,0,0,0,0,0,0
450786,2,1,2000,0,0,6,23,0,0,0,0,0,0
450787,1,1,2000,16,0,0,0,0,0,0,31,20,0
450788,1,1,2000,0,0,0,0,0,0,0,0,0,0
450788,2,1,2000,0,0,0,0,0,0,0,0,0,0