ST_CASE,VEH_NO,PER_NO,YEAR,P1,P2,P3,P4,P5,P6,P7,P8,P9,P10
450789,1,1,2000,8,0,0,0,0,0,7,0,8,0
450790,1,1,2000,0,8,0,0,0,0,0,0,0,0
450790,2,1,2000,0,0,0,0,0,0,0,0,0,0
450791,1,1,2000,0,0,0,0,0,0,0,0,21,0
450791,2,1,2000,0,0,0,0,0,10,0,0,0,0
450792,1,1,2000,0,14,28,0,14,0,14,12,0,20
450793,1,1,2000,13,9,5,11,27,28,21,14,12,13
450794,1,1,2000,32,28,6,21,21,12,15,0,0,15
450795,1,1,2000,21,21,21,21,21,21,21,21,21,21
450796,1,1,2000,24,23,7,17,10,10,0,23,12,8
450797,1,1,2000,30,0,0,16,0,24,15,24,30,0
450798,1,1,2000,0,21,0,0,0,0,0,0,0,20
450798,2,1,2000,3,18,16,16,28,10,22,26,22,12
450799,1,1,2000,0,0,0,13,0,0,14,14,0,27
450800,0,1,2000,27,27,27,27,27,27,27,27,27,27
450800,1,1,2000,0,0,0,5,0,0,0,0,0,0
450801,1,1,2000,18,13,21,15,24,16,11,28,6,21
450802,1,1,2000,9,9,9,9,9,9,9,9,9,9
450803,1,1,2000,10,15,11,16,0,22,16,26,9,0
450804,1,1,2000,24,22,15,37,19,39,16,18,26,25
450805,1,1,2000,22,0,0,0,18,0,0,0,0,18
450805,2,1,2000,0,22,0,0,20,14,0,23,12,0
450806,1,1,2000,4,0,0,0,0,0,17,0,0,0
450807,1,1,2000,9,22,0,0,28,0,22,0,0,0
450808,0,1,2000,0,0,0,0,0,0,0,0,0,0
450808,1,1,2000,0,0,0,7,15,0,0,0,0,0
450809,1,1,2000,0,0,0,0,0,0,0,0,0,0
450810,1,1,2000,0,0,0,0,0,0,0,0,0,0
450811,0,1,2000,18,18,18,18,18,18,18,18,18,18
450811,1,1,2000,0,0,0,0,0,11,0,0,0,0
450812,1,1,2000,11,15,21,8,18,13,0,25,26,0
450813,1,1,2000,0,0,0,25,0,18,0,0,0,0
450813,2,1,2000,30,10,0,17,23,27,17,17,32,10
450814,1,1,2000,29,21,19,21,9,29,39,15,4,7
450815,1,1,2000,0,0,11,0,0,0,0,0,0,0
450815,2,1,2000,34,0,0,3,0,8,0,0,0,21
450816,0,1,2000,0,15,9,30,0,0,14,0,0,18
450816,1,1,2000,30,0,0,23,0,0,0,0,12,0
450817,1,1,2000,0,0,0,23,0,0,0,0,0,0
450818,1,1,2000,0,0,0,0,0,0,0,0,0,0
450819,1,1,2000,0,0,9,13,14,16,8,16,22,19
450820,1,1,2000,13,11,16,17,0,46,13,24,21,16
450820,2,1,2000,7,6,14,36,11,20,18,24,3,5
450821,1,1,2000,0,0,0,6,0,0,0,0,0,12
450822,1,1,2000,20,20,20,20,20,20,20,20,20,20
450823,1,1,2000,0,0,0,0,0,0,0,0,0,0
450823,2,1,2000,0,11,21,0,0,0,31,0,0,0
450824,1,1,2000,0,0,0,0,0,0,0,0,0,10
450825,1,1,2000,0,0,0,0,0,0,0,0,0,0
450825,2,1,2000,0,0,0,0,0,0,0,0,0,0
450826,1,1,2000,0,18,17,0,0,0,0,0,0,0
450827,1,1,2000,0,0,0,0,0,0,18,0,28,0
450828,1,1,2000,0,0,0,0,0,0,0,0,0,0
450828,2,1,2000,0,0,0,0,0,0,0,0,0,0
450829,1,1,2000,22,22,22,22,22,22,22,22,22,22
450830,1,1,2000,4,0,0,0,9,8,20,0,0,16
450830,2,1,2000,29,29,29,29,29,29,29,29,29,29
450830,3,1,2000,10,10,0,0,0,0,0,0,0,0
450831,1,1,2000,7,21,0,0,0,0,0,0,0,0
450831,2,1,2000,0,0,15,9,0,19,12,0,0,26
450832,1,1,2000,23,10,21,21,24,0,23,0,10,32
450833,1,1,2000,0,0,0,0,0,0,0,0,9,0
450833,2,1,2000,0,0,13,0,0,0,10,17,0,0
450833,3,1,2000,35,8,11,41,16,13,8,11,17,12
450834,1,1,2000,0,0,0,0,0,0,0,0,0,0
450835,1,1,2000,33,33,33,33,33,33,33,33,33,33
450836,1,1,2000,0,13,11,0,13,12,0,0,0,0
450837,1,1,2000,4,0,0,0,0,0,0,0,0,0
450838,1,1,2000,23,23,23,23,23,23,23,23,23,23
450839,1,1,2000,0,0,0,0,0,0,0,0,0,0
450839,2,1,2000,0,0,0,0,0,0,0,0,14,0
450839,3,1,2000,0,0,0,0,0,0,0,0,0,0
450840,1,1,2000,0,0,8,0,0,0,30,0,0,5
450841,0,1,2000,0,0,0,0,0,0,22,0,0,0
450841,1,1,2000,0,0,14,4,0,0,0,0,0,0
450842,1,1,2000,0,0,0,0,8,0,0,0,0,0
450842,2,1,2000,18,7,0,12,7,26,8,16,10,0
450843,0,1,2000,0,11,26,0,28,0,0,0,0,0
450843,1,1,2000,13,0,26,0,0,11,26,14,0,23
450844,0,1,2000,0,0,0,0,0,31,0,0,11,0
450844,1,1,2000,0,0,0,0,0,0,0,0,0,0
450845,1,1,2000,0,0,0,0,0,0,0,0,0,0
450845,2,1,2000,0,0,0,0,0,0,0,0,0,0
450846,1,1,2000,0,0,0,0,0,0,1,12,0,0
450846,2,1,2000,0,0,0,0,0,0,0,0,0,15
450847,1,1,2000,38,0,15,0,0,0,0,0,0,0
450848,1,1,2000,0,0,0,0,0,0,0,0,0,0
450848,2,1,2000,0,0,0,0,0,0,0,0,0,0
450849,1,1,2000,15,0,0,0,0,0,0,0,15,0
450850,1,1,2000,0,0,0,0,0,0,0,0,0,0
450850,2,1,2000,0,0,0,0,0,0,0,0,0,12
450851,1,1,2000,22,5,20,13,18,22,19,9,13,21
450854,0,1,2000,26,0,20,13,11,0,0,11,0,0
450854,1,1,2000,0,0,0,0,0,0,0,0,0,0
450855,1,1,2000,22,16,17,0,0,0,10,24,14,17
450855,2,1,2000,0,10,15,16,17,24,0,0,10,0
450856,1,1,2000,0,0,0,0,0,0,0,0,0,0
450856,2,1,2000,0,0,0,0,0,0,0,0,22,0
450857,1,1,2000,0,0,0,0,0,0,0,0,0,0
450857,2,1,2000,14,14,14,14,14,14,14,14,14,14
450858,1,1,2000,0,0,0,0,0,0,0,0,0,0
450858,2,1,2000,8,9,15,40,5,23,28,20,12,17
450859,1,1,2000,18,0,18,15,9,22,10,14,19,0
450860,1,1,2000,0,0,0,16,0,0,0,0,0,0
450861,1,1,2000,0,0,0,0,0,0,0,0,0,13
450861,2,1,2000,8,0,6,0,0,17,0,18,0,0
450862,1,1,2000,18,0,26,0,0,0,0,0,0,19
450862,2,1,2000,0,0,0,0,0,0,0,0,0,0
450862,3,1,2000,0,0,0,0,0,0,20,0,0,0
450863,1,1,2000,0,9,28,6,0,19,0,5,10,29
450863,2,1,2000,0,0,0,0,0,9,0,0,0,12
450864,1,1,2000,0,0,0,0,0,8,0,5,0,0
450864,2,1,2000,0,0,0,0,0,0,0,0,0,0
450865,1,1,2000,0,0,0,0,0,0,0,0,0,0
450865,2,1,2000,0,0,0,0,0,0,0,0,0,0
450867,1,1,2000,0,0,0,0,0,0,14,0,0,0
450867,2,1,2000,0,0,0,0,0,0,0,0,0,0
450869,1,1,2000,15,0,0,0,0,0,0,0,0,0
450869,2,1,2000,0,0,0,17,0,0,0,0,0,15
450870,1,2,2000,0,0,0,0,7,0,0,0,0,0
450871,1,1,2000,0,10,14,0,29,13,10,0,9,7
450872,1,1,2000,38,0,0,25,20,11,20,0,0,14
450873,1,1,2000,0,0,0,0,0,0,0,0,0,0
450873,2,1,2000,0,0,0,0,0,0,0,0,0,0
450874,1,1,2000,1,1,1,1,1,1,1,1,1,1
450875,1,1,2000,0,0,0,0,0,0,0,0,0,0
450876,1,1,2000,0,0,0,0,0,0,0,0,0,0
450877,1,1,2000,0,0,0,0,0,0,0,0,0,0
450877,2,1,2000,0,0,0,0,0,0,0,0,0,0
450878,1,1,2000,0,0,6,0,10,0,0,0,0,10
450879,1,1,2000,0,0,0,0,0,0,0,0,0,0
450879,2,1,2000,0,0,0,0,0,0,0,0,0,0
450880,1,1,2000,22,22,22,22,22,22,22,22,22,22
450881,1,1,2000,34,0,0,0,6,0,0,0,0,0
450881,2,1,2000,0,0,0,0,0,0,0,0,0,0
450882,0,1,2000,0,0,0,0,0,0,0,0,0,0
450882,1,1,2000,0,0,0,0,0,0,0,0,0,0
450883,1,1,2000,20,28,0,0,32,18,0,30,19,14
450884,1,1,2000,18,18,18,18,18,18,18,18,18,18
450885,0,1,2000,0,0,0,0,0,0,0,0,0,0
450885,1,1,2000,0,0,0,0,0,0,0,0,0,0
450886,1,1,2000,0,0,0,0,0,0,0,0,0,0
450886,2,1,2000,0,0,0,0,0,0,0,0,0,0
450888,1,1,2000,0,0,0,8,0,0,0,22,0,0
450888,2,1,2000,0,0,0,0,0,0,0,0,0,0
450889,1,1,2000,0,0,0,0,0,0,0,0,0,0
450889,2,1,2000,0,0,0,0,0,0,0,0,0,8
450889,3,1,2000,0,0,0,0,0,0,0,0,0,0
450890,0,1,2000,0,13,22,26,0,24,0,0,11,17
450890,1,1,2000,0,0,0,0,0,0,0,0,0,0
450891,1,1,2000,8,0,0,8,11,13,0,22,5,5
450892,1,1,2000,0,8,0,0,12,0,0,0,2,0
450893,1,1,2000,0,0,0,0,0,0,0,0,0,0
450893,2,1,2000,0,0,0,0,0,0,0,0,0,0
450894,1,1,2000,24,14,10,12,0,8,13,14,29,4
450895,1,1,2000,0,0,0,0,0,0,0,0,0,0
450895,2,1,2000,0,0,0,12,0,0,0,0,6,0
450896,1,1,2000,0,0,0,0,0,0,0,0,0,0
450896,2,1,2000,0,0,0,0,0,6,0,0,0,0
450897,1,1,2000,21,39,24,25,20,20,28,13,12,9
450898,1,1,2000,0,0,0,0,0,0,0,7,23,0
450899,1,1,2000,5,14,23,11,0,13,19,11,30,29
450900,0,1,2000,0,0,0,0,0,0,0,0,0,0
450900,1,1,2000,0,0,0,16,0,0,0,0,0,0
450901,1,1,2000,0,0,0,21,0,0,0,0,0,0
450901,2,1,2000,14,24,16,20,13,22,11,0,6,9
450902,1,1,2000,24,8,27,26,0,12,16,26,21,39
450903,0,1,2000,16,30,26,17,0,10,13,9,15,15
450903,1,1,2000,10,26,18,19,9,31,0,15,24,10
450904,1,1,2000,15,22,9,6,28,16,17,12,0,19
450905,1,1,2000,0,19,24,11,36,0,19,0,0,0
450906,1,1,2000,0,0,0,0,8,0,11,0,0,0
450907,1,1,2000,0,0,0,0,0,11,3,0,0,11
450908,1,1,2000,14,0,0,0,0,0,0,0,0,0
450909,1,1,2000,0,0,0,0,0,0,0,0,0,0
450910,0,1,2000,0,0,26,13,0,0,0,0,19,0
450910,1,1,2000,0,0,0,0,0,0,0,10,0,0
450911,1,1,2000,0,0,0,0,0,0,0,0,15,0
450911,2,1,2000,0,0,0,0,0,0,0,0,0,0
450912,1,1,2000,25,13,0,20,25,21,19,14,17,24
450913,1,1,2000,0,0,0,0,0,0,0,0,0,0
450913,2,1,2000,0,0,0,0,0,0,0,0,0,0
450914,1,1,2000,16,7,0,21,16,27,16,10,18,21
450915,1,1,2000,33,0,10,9,30,12,3,21,17,28
450916,1,1,2000,5,0,16,0,16,0,0,17,20,22
450918,0,1,2000,33,41,17,20,0,17,14,13,19,9
450918,1,1,2000,10,18,7,0,0,0,0,9,0,0
450919,1,1,2000,0,0,0,0,0,0,0,0,0,0
450919,2,1,2000,0,0,0,0,0,0,0,0,0,0
450920,0,1,2000,0,0,0,0,0,0,0,0,0,10
450920,1,1,2000,0,0,0,0,0,0,0,0,0,0
450920,2,1,2000,0,0,0,0,0,0,25,0,0,9
450920,3,1,2000,0,0,11,0,17,0,0,0,0,0
450921,0,1,2000,0,21,23,22,24,0,13,20,20,33
450921,1,1,2000,0,0,0,0,0,0,0,0,16,0
450921,2,1,2000,0,0,0,0,0,0,0,0,0,0
450922,1,1,2000,0,13,0,16,0,16,0,21,14,0
450922,2,1,2000,0,0,0,0,0,0,0,0,0,0
450923,1,1,2000,0,0,0,0,0,0,0,0,0,0
450923,2,1,2000,0,0,0,0,0,13,0,0,30,0
450924,1,1,2000,0,0,0,0,0,0,0,0,0,0
450924,2,1,2000,0,0,0,0,0,0,0,0,0,0
450925,1,1,2000,0,0,0,0,0,0,0,12,0,0
450925,2,1,2000,7,0,0,0,31,0,0,0,0,11
450926,0,1,2000,20,0,13,43,0,0,29,18,0,16
450926,1,1,2000,0,0,0,0,0,0,0,0,0,0
450927,0,1,2000,10,24,13,0,0,0,0,0,25,0
450927,1,1,2000,0,0,0,0,0,0,0,0,0,0
450928,1,1,2000,15,12,0,6,18,0,0,10,0,10
450928,2,1,2000,0,0,6,0,9,0,15,13,0,0
450929,1,1,2000,0,0,0,0,0,0,7,0,0,0
450929,2,1,2000,0,0,0,0,0,0,0,0,0,0
450930,0,1,2000,0,0,9,0,0,0,0,0,0,0
450930,1,1,2000,18,0,0,0,15,0,0,0,11,0
450931,1,1,2000,0,0,0,0,0,0,0,0,0,0
450931,2,1,2000,0,0,0,0,0,0,0,0,0,0
450932,1,1,2000,0,0,0,0,0,0,0,0,0,0
450932,2,1,2000,0,0,0,0,0,0,0,0,0,0
450933,1,1,2000,0,0,0,0,0,0,0,0,0,0
450933,2,1,2000,0,0,0,0,0,0,0,0,0,0
450935,1,1,2000,0,0,0,2,6,0,0,0,9,0
450935,2,1,2000,0,0,0,0,0,0,0,0,0,0
450936,1,1,2000,5,0,17,24,10,8,0,28,0,17
450937,0,1,2000,0,0,0,0,0,0,0,0,0,0
450937,1,1,2000,0,0,0,0,0,0,0,0,0,0
450938,1,1,2000,0,0,0,0,0,0,0,0,0,0
450938,2,1,2000,0,0,0,0,0,0,0,0,0,0
450940,1,1,2000,6,9,0,0,15,0,0,0,0,10
450942,1,1,2000,0,5,15,14,0,28,0,11,11,5
450943,1,1,2000,0,0,8,0,0,3,0,0,16,18
450943,2,1,2000,8,3,11,12,0,0,15,0,4,34
450944,1,1,2000,25,24,0,0,17,19,19,14,10,0
450944,2,1,2000,18,9,15,0,15,0,0,0,3,16
450945,1,1,2000,0,22,0,0,8,0,12,8,0,0
450946,1,1,2000,0,0,0,0,0,0,0,20,0,0
450947,1,1,2000,0,21,1,0,5,0,0,6,0,0
450948,1,1,2000,0,13,0,0,0,0,0,0,0,0
450949,1,1,2000,0,0,0,0,0,5,0,0,3,0
450950,1,1,2000,0,0,0,0,0,16,0,0,0,0
450950,2,1,2000,0,0,0,12,0,0,0,18,0,0
450951,1,1,2000,0,0,0,0,0,0,0,0,0,0
450952,1,1,2000,4,0,0,26,0,0,0,0,14,0
450954,1,1,2000,0,0,0,0,0,0,0,0,0,0
450954,2,1,2000,0,0,0,0,0,0,0,0,0,0
450955,1,1,2000,0,15,22,0,5,8,17,15,46,32
450956,1,1,2000,0,0,0,0,4,0,0,0,0,0
450956,2,1,2000,0,0,0,0,0,0,0,0,0,0
450957,1,1,2000,0,0,0,0,0,0,0,0,0,0
450957,2,1,2000,0,0,0,0,0,0,0,0,0,0
450958,0,1,2000,0,0,0,0,0,0,0,0,0,0
450958,1,1,2000,0,0,0,0,0,22,0,0,0,0
450961,1,1,2000,21,34,25,23,6,23,6,15,13,14
450962,1,1,2000,8,15,18,6,13,20,6,13,16,12
450962,2,1,2000,15,0,0,0,0,0,0,16,0,0
450963,1,1,2000,0,0,0,4,0,0,0,21,20,0
450963,2,1,2000,0,0,0,21,0,0,0,0,0,0
450964,1,1,2000,10,0,27,0,0,19,0,25,0,0
450965,0,1,2000,0,31,0,22,26,19,26,10,36,22
450965,1,1,2000,0,0,0,0,0,0,0,9,0,0
450966,1,1,2000,0,0,0,0,0,0,0,0,0,0
450966,2,1,2000,0,0,0,0,0,0,0,0,0,0
450967,1,1,2000,0,0,0,0,0,0,5,0,0,0
450967,2,1,2000,0,0,0,0,0,0,0,0,0,0
450967,3,1,2000,0,0,0,16,0,0,0,0,0,0
450968,1,1,2000,0,0,0,20,0,15,16,0,0,14
450969,0,1,2000,0,0,0,16,25,0,37,6,0,29
450969,1,1,2000,0,15,8,0,0,0,0,0,17,0
450970,1,1,2000,0,0,0,0,0,0,0,0,0,0
450970,2,1,2000,0,0,11,0,11,15,0,23,0,0
450971,1,1,2000,11,0,0,9,14,19,0,15,0,0
450972,1,1,2000,0,0,0,0,0,0,0,0,16,15
450972,2,1,2000,19,17,9,0,0,0,0,14,0,20
450972,3,1,2000,0,0,0,8,0,0,0,0,0,0
450973,1,1,2000,22,17,7,21,30,0,0,0,23,0
450974,1,1,2000,13,0,0,10,0,0,0,14,0,0
450974,2,1,2000,0,12,0,13,0,0,0,0,13,0
450975,0,1,2000,0,0,0,0,11,27,0,0,0,0
450975,1,1,2000,0,0,0,0,0,0,0,0,0,0
450976,1,1,2000,0,0,0,0,0,0,0,0,0,0
450977,1,1,2000,0,0,0,0,0,0,0,0,0,0
450977,2,1,2000,0,0,0,0,0,0,0,0,0,0
450978,1,1,2000,4,9,15,16,12,12,0,9,0,8
450979,1,1,2000,0,0,19,5,0,0,19,7,0,0
450979,2,1,2000,9,9,9,9,9,9,9,9,9,9
450980,1,1,2000,0,0,0,0,0,0,0,0,0,0
450981,1,1,2000,0,0,0,0,0,0,0,0,0,0
450981,2,1,2000,0,0,0,0,0,0,0,0,0,0
450982,1,1,2000,0,0,13,0,0,12,0,16,0,0
450982,2,1,2000,0,0,0,0,0,0,0,0,0,0
450983,1,1,2000,18,6,0,41,14,17,15,21,12,18
450984,1,1,2000,0,13,11,21,9,17,29,5,7,15
450985,1,1,2000,0,3,0,0,0,0,0,0,0,0
450986,1,1,2000,15,7,12,19,24,27,18,26,16,21
460001,1,1,2000,0,0,0,0,0,0,0,0,0,0
460002,1,1,2000,0,0,0,0,0,0,0,0,0,0
460002,2,1,2000,35,35,35,35,35,35,35,35,35,35
460003,1,1,2000,9,9,9,9,9,9,9,9,9,9
460004,0,1,2000,0,0,0,0,0,0,0,0,0,0
460004,1,1,2000,0,0,0,0,0,0,0,0,0,0
460005,1,1,2000,21,21,21,21,21,21,21,21,21,21
460006,1,1,2000,0,0,0,0,0,0,0,0,0,0
460007,1,1,2000,14,14,14,14,14,14,14,14,14,14
460007,2,1,2000,0,0,0,0,0,0,0,0,0,15
460007,3,1,2000,0,0,0,0,0,0,0,0,0,0
460008,1,1,2000,17,17,17,17,17,17,17,17,17,17
460009,1,1,2000,0,0,0,0,0,0,0,0,0,0
460009,2,1,2000,0,0,0,0,0,0,0,0,0,0
460010,0,1,2000,0,0,0,0,0,0,0,0,0,0
460010,1,1,2000,0,0,0,0,0,0,0,0,0,0
460011,1,1,2000,0,0,0,0,0,0,0,0,0,0
460011,2,1,2000,0,0,0,0,0,0,0,0,0,0
460012,1,1,2000,0,0,0,0,0,0,0,0,0,0
460012,2,1,2000,0,0,0,0,0,0,0,0,0,0
460013,0,1,2000,15,3,24,24,4,39,14,28,21,16
460013,1,1,2000,15,15,15,15,15,15,15,15,15,15
460014,1,1,2000,0,0,0,0,0,0,0,0,0,0
460014,2,1,2000,0,0,0,0,0,0,0,0,0,0
460015,1,1,2000,29,29,29,29,29,29,29,29,29,29
460016,1,1,2000,0,0,0,0,0,0,0,0,0,0
460017,1,1,2000,0,0,0,0,0,0,0,0,0,0
460017,2,1,2000,0,0,0,0,0,0,0,0,0,0
460018,1,1,2000,24,24,24,24,24,24,24,24,24,24
460019,1,1,2000,0,0,0,0,0,0,0,0,0,0
460019,2,1,2000,0,0,0,0,0,0,0,0,0,0
460020,1,1,2000,0,0,0,0,0,0,0,0,27,0
460020,2,1,2000,0,0,0,0,0,0,0,18,0,0
460021,1,1,2000,0,0,0,0,0,0,0,0,0,0
460022,1,1,2000,0,0,0,0,0,0,0,0,0,0
460022,2,1,2000,0,0,0,0,0,0,0,0,0,0
460023,1,1,2000,0,0,0,0,0,0,0,0,0,0
460023,2,1,2000,0,0,0,0,0,0,0,0,0,0
460023,3,1,2000,0,0,0,0,0,0,0,0,0,0
460024,1,1,2000,30,30,30,30,30,30,30,30,30,30
460025,1,1,2000,0,0,0,0,0,0,0,0,0,0
460026,1,1,2000,13,25,0,16,22,18,17,15,20,9
460026,2,1,2000,0,0,0,0,0,0,0,0,0,0
460027,1,1,2000,16,16,16,16,16,16,16,16,16,16
460027,2,1,2000,0,0,0,0,0,0,0,0,0,0
460028,1,1,2000,11,11,11,11,11,11,11,11,11,11
460029,1,1,2000,0,0,0,0,0,0,0,0,0,0
460029,2,1,2000,25,25,25,25,25,25,25,25,25,25
460030,0,1,2000,13,13,13,13,13,13,13,13,13,13
460030,1,1,2000,0,0,0,0,0,0,0,0,0,0
460031,1,1,2000,2,2,2,2,2,2,2,2,2,2
460032,1,1,2000,11,11,11,11,11,11,11,11,11,11
460033,1,1,2000,23,23,23,23,23,23,23,23,23,23
460034,1,1,2000,15,15,15,15,15,15,15,15,15,15
460035,1,1,2000,0,0,0,0,0,0,0,0,0,0
460035,2,1,2000,0,0,0,0,0,0,0,0,0,0
460035,3,1,2000,0,0,0,0,0,0,0,0,0,0
460035,4,1,2000,0,0,0,0,0,0,0,0,0,0
460036,1,1,2000,0,0,0,0,0,0,0,0,0,0
460036,2,1,2000,0,0,0,0,0,0,0,0,0,0
460036,3,1,2000,0,0,0,0,0,0,0,0,0,0
460037,0,1,2000,0,0,0,0,0,0,0,0,0,0
460037,1,1,2000,0,0,0,0,0,0,0,0,0,0
460038,1,1,2000,25,25,25,25,25,25,25,25,25,25
460039,1,1,2000,0,0,0,0,0,0,0,0,0,0
460040,1,1,2000,0,0,0,0,0,0,0,0,0,0
460040,2,1,2000,0,0,0,0,0,0,0,0,0,0
460041,1,1,2000,0,0,0,0,0,0,0,0,0,0
460042,1,1,2000,26,26,26,26,26,26,26,26,26,26
460043,1,1,2000,0,0,0,0,0,0,0,0,0,0
460043,2,1,2000,0,0,0,0,0,0,0,0,0,0
460044,1,1,2000,11,11,11,11,11,11,11,11,11,11
460045,1,1,2000,0,0,0,0,0,0,0,0,0,0
460046,1,1,2000,0,0,0,0,0,0,0,0,0,0
460046,2,1,2000,0,0,0,0,0,0,0,0,0,0
460047,1,1,2000,12,12,12,12,12,12,12,12,12,12
460048,1,1,2000,6,6,6,6,6,6,6,6,6,6
460049,1,1,2000,0,0,0,0,0,0,0,0,0,0
460049,2,1,2000,24,24,24,24,24,24,24,24,24,24
460050,1,1,2000,0,0,0,0,0,0,0,0,0,0
460050,2,1,2000,0,0,0,0,0,0,0,0,0,0
460051,1,1,2000,20,20,20,20,20,20,20,20,20,20
460052,1,1,2000,8,8,8,8,8,8,8,8,8,8
460053,1,1,2000,0,0,0,0,0,0,0,0,0,0
460054,1,1,2000,0,0,0,0,0,0,0,0,0,0
460054,2,1,2000,0,0,0,0,0,0,0,0,0,0
460055,1,1,2000,0,0,0,0,0,0,0,0,0,0
460056,1,1,2000,18,18,18,18,18,18,18,18,18,18
460057,1,1,2000,15,15,15,15,15,15,15,15,15,15
460058,1,1,2000,0,0,0,0,0,0,0,0,0,0
460058,2,1,2000,0,0,0,10,11,0,17,0,0,0
460059,1,1,2000,7,7,7,7,7,7,7,7,7,7
460060,1,1,2000,0,0,0,0,0,0,0,0,10,0
460061,1,1,2000,4,4,4,4,4,4,4,4,4,4
460061,2,1,2000,0,0,0,0,0,0,0,0,0,0
460062,1,1,2000,0,0,0,0,0,0,0,0,0,0
460063,1,1,2000,0,20,0,31,29,12,10,24,14,12
460064,1,1,2000,22,22,22,22,22,22,22,22,22,22
460065,1,1,2000,0,0,0,0,0,0,0,0,0,0
460065,2,1,2000,0,0,0,0,0,0,0,0,0,0
460066,1,1,2000,20,20,20,20,20,20,20,20,20,20
460067,1,1,2000,0,0,0,0,0,0,0,0,0,0
460067,2,1,2000,0,0,0,0,0,0,0,0,0,0
460068,1,1,2000,0,0,0,0,0,0,0,0,0,0
460068,2,1,2000,0,0,0,0,0,0,0,0,0,0
460069,1,1,2000,0,0,0,0,0,0,0,0,0,0
460070,1,1,2000,25,0,0,0,0,0,11,0,24,0
460071,1,1,2000,0,0,0,0,0,0,0,0,0,0
460071,2,1,2000,23,23,23,23,23,23,23,23,23,23
460072,1,1,2000,9,0,0,9,0,0,0,0,0,0
460073,1,1,2000,0,0,0,0,0,0,0,0,0,0
460073,2,1,2000,0,0,0,0,0,0,0,0,0,0
460074,0,1,2000,17,26,5,9,19,13,8,20,8,22
460074,1,1,2000,0,0,0,0,0,0,0,0,19,0
460075,1,1,2000,0,0,0,0,0,0,0,0,0,0
460075,2,1,2000,0,0,0,0,0,0,0,0,0,0
460076,1,1,2000,0,0,0,0,0,0,0,0,0,0
460076,2,1,2000,0,0,0,0,0,0,0,0,0,0
460076,3,1,2000,0,0,0,15,0,0,8,0,0,0
460077,1,1,2000,0,0,0,0,0,0,0,0,0,0
460078,1,1,2000,0,0,0,0,0,0,0,0,0,0
460078,2,1,2000,0,0,0,0,0,0,0,0,0,0
460079,1,1,2000,0,0,0,0,0,6,0,0,0,0
460080,1,1,2000,0,0,0,0,0,0,0,0,0,0
460081,1,1,2000,15,15,15,15,15,15,15,15,15,15
460081,2,1,2000,0,0,0,0,0,0,0,0,0,0
460082,1,1,2000,0,0,0,0,0,0,0,0,0,0
460083,1,1,2000,1,1,1,1,1,1,1,1,1,1
460084,1,1,2000,19,19,19,19,19,19,19,19,19,19
460085,1,1,2000,19,20,16,34,21,11,22,33,35,34
460086,1,1,2000,13,11,30,16,39,16,20,19,25,18
460087,1,1,2000,0,0,0,0,0,0,0,0,0,0
460087,2,1,2000,0,0,0,0,0,0,0,0,0,0
460088,1,1,2000,0,0,0,0,0,0,0,0,0,0
460089,1,1,2000,0,0,0,0,0,0,0,0,0,0
460089,2,1,2000,0,0,0,0,0,0,0,0,0,0
460089,3,1,2000,0,0,0,0,0,0,0,0,0,0
460089,4,1,2000,0,0,0,0,0,0,0,0,21,8
460090,1,1,2000,13,13,13,13,13,13,13,13,13,13
460091,0,1,2000,23,23,23,23,23,23,23,23,23,23
460091,1,1,2000,0,0,11,18,33,0,0,0,0,0
460092,1,1,2000,0,0,0,0,0,0,0,0,0,0
460093,0,1,2000,35,35,35,35,35,35,35,35,35,35
460093,1,1,2000,0,0,0,0,0,0,0,0,0,0
460094,1,1,2000,0,0,10,15,4,0,0,7,8,8
460095,1,1,2000,15,15,15,15,15,15,15,15,15,15
460095,2,1,2000,0,0,0,0,0,10,0,0,0,0
460096,0,1,2000,0,25,24,13,24,22,23,18,26,24
460096,1,1,2000,1,1,1,1,1,1,1,1,1,1
460097,1,1,2000,17,17,17,17,17,17,17,17,17,17
460098,1,1,2000,0,0,0,0,0,0,0,0,0,0
460099,1,1,2000,0,0,0,0,0,0,0,16,0,0
460100,1,1,2000,0,0,0,0,0,0,0,0,0,0
460100,2,1,2000,0,0,0,0,0,0,0,0,0,0
460101,1,1,2000,10,10,10,10,10,10,10,10,10,10
460102,1,1,2000,2,2,2,2,2,2,2,2,2,2
460102,2,1,2000,0,0,0,0,0,0,0,0,0,0
460103,1,1,2000,0,0,0,0,0,0,0,0,0,0
460103,2,1,2000,0,0,0,0,0,0,0,0,0,0
460104,1,1,2000,0,0,0,0,0,0,0,0,0,0
460104,2,1,2000,0,0,0,0,0,0,0,0,0,0
460105,1,1,2000,0,0,0,0,0,0,0,0,0,0
460106,1,1,2000,5,5,5,5,5,5,5,5,5,5
460107,1,1,2000,0,0,0,0,0,0,0,0,0,0