ST_CASE,VEH_NO,PER_NO,YEAR,P1,P2,P3,P4,P5,P6,P7,P8,P9,P10
470248,2,1,2000,0,0,0,0,0,0,0,0,0,0
470249,1,1,2000,0,0,0,0,0,0,0,0,0,0
470249,2,1,2000,0,0,0,0,0,0,0,0,0,0
470250,1,1,2000,0,0,0,0,0,0,0,0,0,0
470251,1,1,2000,28,28,28,28,28,28,28,28,28,28
470252,1,1,2000,0,0,0,0,0,0,0,0,0,0
470253,1,1,2000,23,23,23,23,23,23,23,23,23,23
470254,1,2,2000,10,24,18,15,0,0,28,24,0,0
470255,1,1,2000,0,0,0,0,0,0,0,0,0,0
470255,2,1,2000,0,0,0,0,0,0,0,0,0,0
470256,1,1,2000,19,19,19,19,19,19,19,19,19,19
470257,1,1,2000,0,0,0,0,0,0,0,0,0,0
470258,1,1,2000,0,0,0,0,0,0,0,0,0,0
470259,0,1,2000,8,0,11,45,23,8,25,0,0,0
470259,0,2,2000,0,23,0,0,0,24,0,0,0,0
470259,1,1,2000,0,0,0,0,0,0,0,0,0,0
470260,1,1,2000,0,0,0,0,0,0,0,0,0,0
470260,2,1,2000,0,0,0,0,0,0,0,0,0,0
470261,1,1,2000,6,6,6,6,6,6,6,6,6,6
470262,1,1,2000,0,0,0,0,0,0,0,0,0,0
470262,2,1,2000,0,0,0,0,0,0,0,0,0,0
470263,1,1,2000,11,15,21,33,6,22,27,24,17,13
470264,1,1,2000,0,0,0,0,0,0,0,0,0,0
470264,2,1,2000,0,0,0,0,0,0,0,0,0,0
470264,3,1,2000,0,0,0,0,0,0,0,0,0,0
470265,1,1,2000,4,4,4,4,4,4,4,4,4,4
470266,1,1,2000,0,0,0,0,0,0,0,0,0,0
470266,2,1,2000,0,0,0,0,0,0,0,0,0,0
470267,1,1,2000,0,0,0,0,0,0,0,0,0,0
470267,2,1,2000,0,0,0,0,0,0,0,0,0,0
470267,3,1,2000,0,0,0,23,0,0,0,18,9,15
470268,1,1,2000,0,0,0,0,0,0,0,0,0,0
470269,1,1,2000,0,0,0,0,0,0,0,0,0,0
470269,2,1,2000,0,0,0,0,0,0,0,0,0,0
470269,3,1,2000,0,0,0,0,0,0,0,0,0,0
470270,1,1,2000,7,7,7,7,7,7,7,7,7,7
470271,1,1,2000,0,0,0,0,0,0,0,0,0,0
470271,2,1,2000,0,0,0,0,0,0,0,0,0,0
470272,1,1,2000,0,0,16,0,12,10,0,0,0,0
470273,1,1,2000,0,25,0,0,18,13,0,13,18,25
470274,1,1,2000,23,23,23,23,23,23,23,23,23,23
470274,2,1,2000,0,0,0,0,10,0,0,0,0,0
470275,1,1,2000,0,0,0,0,0,0,0,0,0,0
470276,1,1,2000,0,0,0,0,0,0,0,0,0,0
470276,2,1,2000,0,0,0,0,0,0,0,0,0,0
470277,1,1,2000,0,0,0,0,0,0,0,0,0,0
470277,2,1,2000,0,0,0,0,0,0,0,0,0,0
470278,1,1,2000,0,0,0,0,4,0,0,0,14,22
470279,1,1,2000,0,0,0,0,0,0,0,0,0,0
470279,2,1,2000,0,0,0,0,0,0,0,0,0,0
470280,1,1,2000,0,0,0,0,9,0,0,0,0,0
470281,1,1,2000,6,0,0,0,0,0,0,0,13,0
470282,1,1,2000,0,0,0,0,0,0,0,0,0,0
470282,2,1,2000,0,0,0,0,0,0,0,0,0,0
470283,1,1,2000,20,20,20,20,20,20,20,20,20,20
470283,2,1,2000,0,0,0,0,0,0,0,0,0,0
470284,1,1,2000,0,0,0,0,0,0,0,0,0,0
470285,1,1,2000,0,0,0,0,0,0,0,0,0,0
470285,2,1,2000,0,0,0,0,0,0,0,0,0,0
470286,1,1,2000,0,0,0,0,0,0,0,0,0,0
470286,2,1,2000,0,0,0,0,0,0,0,0,0,0
470287,1,1,2000,0,0,0,0,0,0,0,0,0,0
470287,2,1,2000,0,0,0,0,0,0,0,0,0,0
470288,0,1,2000,0,0,0,0,0,0,0,0,0,0
470288,1,1,2000,0,0,7,0,0,8,12,0,19,0
470289,1,1,2000,0,0,0,0,0,0,0,0,0,0
470289,2,1,2000,0,0,0,0,0,0,0,0,0,0
470289,3,1,2000,0,0,0,0,0,0,0,0,0,0
470289,4,1,2000,0,0,0,0,0,0,0,0,0,0
470289,5,1,2000,0,0,0,0,0,0,0,0,0,0
470290,1,1,2000,0,0,0,0,0,11,0,5,0,0
470291,1,1,2000,20,0,23,0,0,0,0,0,0,0
470291,2,1,2000,0,0,0,0,13,0,0,0,0,0
470292,1,1,2000,0,0,0,0,0,0,0,0,0,0
470293,1,1,2000,4,4,4,4,4,4,4,4,4,4
470294,1,1,2000,28,28,28,28,28,28,28,28,28,28
470294,2,1,2000,5,0,0,0,0,0,0,0,0,0
470295,1,1,2000,0,0,0,0,0,0,0,0,0,0
470296,1,1,2000,0,0,0,0,0,0,0,0,0,0
470297,0,1,2000,0,0,0,0,0,0,0,0,0,0
470297,1,1,2000,0,0,0,0,0,0,0,0,0,0
470298,1,1,2000,0,0,0,0,0,0,0,0,0,0
470298,2,1,2000,0,0,0,0,0,0,0,0,0,0
470299,1,1,2000,0,0,0,0,0,0,0,0,0,0
470299,2,1,2000,0,0,0,0,0,0,0,0,0,0
470300,1,1,2000,18,12,26,21,27,19,14,17,5,20
470301,1,1,2000,21,31,0,0,0,0,7,0,0,11
470302,1,1,2000,0,0,0,0,0,0,0,0,0,0
470302,2,1,2000,0,0,0,0,0,0,0,0,0,0
470303,1,1,2000,30,30,30,30,30,30,30,30,30,30
470304,1,1,2000,0,0,0,0,0,0,0,0,0,0
470305,1,1,2000,0,7,0,0,0,0,0,0,0,0
470306,1,1,2000,0,0,0,0,0,0,0,0,0,0
470307,1,1,2000,0,0,0,0,0,0,0,0,0,0
470307,2,1,2000,0,0,0,0,0,0,0,0,0,0
470308,1,1,2000,13,13,13,13,13,13,13,13,13,13
470309,1,1,2000,16,16,16,16,16,16,16,16,16,16
470310,1,1,2000,0,0,0,0,0,9,0,0,0,0
470311,1,1,2000,8,8,8,8,8,8,8,8,8,8
470312,1,1,2000,0,0,0,0,0,0,0,0,0,0
470312,2,1,2000,0,0,0,0,0,0,0,0,0,0
470313,1,1,2000,0,0,0,0,0,0,0,0,0,0
470314,1,1,2000,0,0,0,0,0,0,0,0,0,0
470315,1,1,2000,0,0,0,0,0,0,0,0,0,0
470316,1,1,2000,0,0,0,0,0,0,0,0,0,0
470316,2,1,2000,0,0,0,0,0,0,0,0,0,0
470317,1,1,2000,0,8,0,0,0,21,0,0,17,0
470317,2,1,2000,0,0,0,0,0,0,0,0,0,0
470318,1,1,2000,21,21,19,19,19,13,34,22,24,27
470319,1,1,2000,20,20,20,20,20,20,20,20,20,20
470320,1,1,2000,17,17,17,17,17,17,17,17,17,17
470321,1,1,2000,34,34,34,34,34,34,34,34,34,34
470322,1,1,2000,25,25,25,25,25,25,25,25,25,25
470323,1,1,2000,0,0,0,0,0,0,0,0,0,0
470323,2,1,2000,0,0,0,0,0,0,0,0,0,0
470324,1,1,2000,0,0,0,0,0,0,0,0,0,0
470324,2,1,2000,0,0,0,0,0,0,0,0,0,0
470325,0,1,2000,14,14,14,14,14,14,14,14,14,14
470325,1,1,2000,0,0,0,0,0,0,0,0,0,0
470326,1,1,2000,0,0,0,0,0,0,0,0,0,0
470326,2,1,2000,0,0,0,0,0,0,0,0,0,0
470327,1,1,2000,17,17,17,17,17,17,17,17,17,17
470328,1,1,2000,0,0,0,0,0,0,0,0,0,0
470328,2,1,2000,0,0,0,0,0,0,0,0,0,0
470329,1,1,2000,12,12,12,12,12,12,12,12,12,12
470329,2,1,2000,0,0,0,0,0,0,0,0,0,0
470330,0,1,2000,0,0,0,0,0,0,0,0,0,0
470330,1,1,2000,0,0,0,0,0,0,0,0,0,0
470332,0,1,2000,15,15,15,15,15,15,15,15,15,15
470332,1,1,2000,0,0,0,0,0,0,0,0,0,0
470333,1,1,2000,3,3,3,3,3,3,3,3,3,3
470333,2,1,2000,0,0,0,0,0,0,0,0,0,0
470334,1,1,2000,12,22,12,0,42,8,0,0,7,14
470335,1,1,2000,0,0,0,13,0,0,0,0,0,0
470336,1,1,2000,11,28,12,8,14,27,16,26,11,20
470336,2,1,2000,0,0,0,0,0,0,0,0,0,0
470337,1,1,2000,21,18,17,0,13,11,23,20,27,29
470337,2,1,2000,11,0,0,0,0,0,0,0,0,7
470337,3,1,2000,17,0,0,0,0,0,0,0,0,0
470337,4,1,2000,0,34,0,0,13,0,0,0,0,0
470338,1,1,2000,0,0,0,0,0,0,0,0,0,0
470338,2,1,2000,0,0,0,0,0,0,0,0,0,0
470338,3,1,2000,0,0,0,0,0,0,0,0,0,0
470339,0,1,2000,0,0,0,0,0,0,0,0,0,0
470339,1,1,2000,0,0,0,0,0,3,0,0,0,0
470340,1,1,2000,6,13,20,12,0,10,4,18,12,9
470341,0,1,2000,28,28,28,28,28,28,28,28,28,28
470341,1,1,2000,0,0,0,0,0,0,0,0,0,0
470342,1,1,2000,13,13,13,13,13,13,13,13,13,13
470343,1,1,2000,0,0,0,0,0,0,0,0,0,0
470343,2,1,2000,0,0,0,0,0,0,0,0,0,0
470344,1,1,2000,2,2,2,2,2,2,2,2,2,2
470345,1,1,2000,0,0,0,0,0,0,0,0,0,0
470346,1,1,2000,17,17,17,17,17,17,17,17,17,17
470347,1,1,2000,12,12,12,12,12,12,12,12,12,12
470348,1,1,2000,0,0,0,0,0,0,0,0,0,0
470348,2,1,2000,0,0,0,0,0,0,0,0,0,0
470349,0,1,2000,22,22,22,22,22,22,22,22,22,22
470349,0,2,2000,14,14,14,14,14,14,14,14,14,14
470349,0,3,2000,0,0,0,0,0,0,0,0,0,0
470349,1,1,2000,0,0,0,0,0,0,0,0,0,0
470350,1,1,2000,20,20,20,20,20,20,20,20,20,20
470351,1,1,2000,0,0,0,0,0,0,0,0,0,0
470351,2,1,2000,0,0,0,0,0,0,0,0,0,0
470351,3,1,2000,0,0,0,0,0,0,0,0,0,0
470352,1,1,2000,10,0,0,0,0,20,0,0,0,0
470353,0,1,2000,19,19,19,19,19,19,19,19,19,19
470353,1,1,2000,0,0,0,0,0,0,0,0,0,0
470354,1,1,2000,1,1,1,1,1,1,1,1,1,1
470354,2,1,2000,0,0,0,0,0,0,0,0,0,0
470355,1,1,2000,0,0,0,0,0,0,0,0,0,0
470355,2,1,2000,0,0,0,0,0,0,0,0,0,0
470356,1,1,2000,0,0,0,0,0,0,0,0,0,0
470356,2,1,2000,0,0,0,0,0,0,0,0,0,0
470357,1,1,2000,0,0,0,0,0,0,0,0,0,0
470357,2,1,2000,0,0,0,0,0,0,0,0,0,0
470358,1,1,2000,0,0,0,0,0,0,0,0,0,0
470359,1,1,2000,0,0,0,0,0,0,0,0,0,0
470360,1,1,2000,10,14,8,0,0,13,0,13,0,0
470361,1,1,2000,0,0,0,0,0,0,0,0,0,0
470362,1,1,2000,0,0,0,0,0,0,0,0,0,0
470363,1,1,2000,19,19,19,19,19,19,19,19,19,19
470364,1,1,2000,0,0,0,0,0,0,0,0,0,0
470364,2,1,2000,0,0,0,0,0,0,0,0,0,0
470365,1,1,2000,0,0,0,0,0,0,0,0,0,0
470365,2,1,2000,0,0,0,0,0,0,0,0,0,0
470366,1,1,2000,0,0,0,0,0,0,0,0,0,0
470366,2,1,2000,0,0,0,0,0,0,0,0,0,7
470367,1,1,2000,26,26,26,26,26,26,26,26,26,26
470368,1,1,2000,8,8,8,8,8,8,8,8,8,8
470369,1,1,2000,0,0,0,0,0,0,0,0,0,0
470369,2,1,2000,0,0,0,0,0,0,0,0,0,0
470370,1,1,2000,0,0,0,0,0,13,0,0,0,0
470371,1,1,2000,29,29,29,29,29,29,29,29,29,29
470372,1,1,2000,0,0,0,0,0,0,0,0,0,0
470372,2,1,2000,11,11,11,11,11,11,11,11,11,11
470373,1,1,2000,37,37,37,37,37,37,37,37,37,37
470374,1,1,2000,12,12,12,12,12,12,12,12,12,12
470376,1,1,2000,0,0,0,0,0,0,0,0,0,0
470376,2,1,2000,0,0,0,0,0,0,0,0,0,0
470376,3,1,2000,0,0,0,0,0,0,0,0,0,0
470377,1,1,2000,27,26,17,14,22,43,13,19,8,20
470378,1,1,2000,0,0,0,0,0,0,0,0,0,0
470378,2,1,2000,0,0,0,0,0,0,0,0,0,0
470379,1,1,2000,0,0,0,0,0,0,0,0,0,0
470379,2,1,2000,0,0,0,0,0,0,0,0,0,0
470380,1,1,2000,10,10,10,10,10,10,10,10,10,10
470381,1,1,2000,9,9,9,9,9,9,9,9,9,9
470382,1,1,2000,14,10,9,9,2,20,12,36,0,17
470383,1,1,2000,0,0,0,0,0,0,0,0,0,0
470383,2,1,2000,0,0,0,0,0,0,0,0,0,0
470384,0,1,2000,5,0,0,0,0,0,0,0,0,0
470384,1,1,2000,0,0,0,0,0,0,0,0,0,0
470385,1,1,2000,0,0,0,0,0,0,0,0,0,0
470386,1,1,2000,4,4,4,4,4,4,4,4,4,4
470387,0,1,2000,3,3,3,3,3,3,3,3,3,3
470387,1,1,2000,25,14,0,0,0,0,0,10,0,0
470388,0,1,2000,4,4,4,4,4,4,4,4,4,4
470388,1,1,2000,0,0,0,11,0,0,0,0,0,0
470389,1,1,2000,0,0,0,0,0,0,0,0,0,0
470390,1,1,2000,0,0,0,0,0,0,0,0,0,0
470390,2,1,2000,0,0,0,0,0,0,0,0,0,0
470391,1,1,2000,0,0,0,0,0,0,0,0,0,0
470392,1,1,2000,0,0,0,0,0,0,0,0,0,0
470392,2,1,2000,0,0,0,0,0,0,0,0,0,0
470393,1,1,2000,0,0,0,0,0,0,0,0,0,0
470393,2,1,2000,0,0,0,0,0,0,0,0,0,0
470394,0,1,2000,44,44,44,44,44,44,44,44,44,44
470394,1,1,2000,0,0,0,0,0,0,0,0,0,0
470395,1,1,2000,0,0,0,0,0,0,0,0,0,0
470395,2,1,2000,0,0,0,0,0,0,0,0,0,0
470396,1,1,2000,0,0,0,0,0,0,0,20,18,0
470397,1,1,2000,0,0,0,0,0,0,0,0,0,0
470397,2,1,2000,0,0,0,0,0,0,0,0,0,0
470398,1,1,2000,17,12,6,0,11,22,15,14,16,12
470399,1,1,2000,19,35,11,27,8,13,14,21,0,14
470400,1,1,2000,13,17,18,33,15,16,11,13,11,12
470401,1,1,2000,3,14,24,11,11,17,25,11,16,23
470402,1,1,2000,13,13,13,13,13,13,13,13,13,13
470403,1,1,2000,0,0,0,0,0,0,0,0,0,0
470404,1,1,2000,0,0,0,0,0,0,0,0,0,0
470404,2,1,2000,0,0,0,0,0,16,0,0,0,0
470405,1,1,2000,0,0,0,0,0,0,0,0,0,0
470406,1,1,2000,13,8,0,0,9,27,13,0,0,25
470407,1,1,2000,0,0,0,0,0,0,0,0,0,0
470407,2,1,2000,0,0,0,0,0,0,0,0,0,0
470408,1,1,2000,0,0,0,0,0,0,0,0,0,0
470409,1,1,2000,0,0,0,0,0,0,0,0,0,0
470410,1,1,2000,0,0,0,0,0,0,0,0,0,0
470410,2,1,2000,0,0,0,0,0,0,0,0,0,0
470411,1,1,2000,0,0,16,0,0,0,5,0,8,6
470412,1,1,2000,0,0,0,0,0,0,0,0,0,0
470412,2,1,2000,0,0,0,0,0,0,0,0,0,0
470412,3,1,2000,0,0,0,0,0,0,0,0,0,0
470413,1,1,2000,0,0,0,0,0,0,0,0,0,0
470413,2,1,2000,0,0,0,0,0,0,0,0,0,0
470413,3,1,2000,0,0,0,0,0,0,0,0,0,0
470414,1,1,2000,0,0,0,0,0,0,0,0,0,0
470414,2,1,2000,0,0,0,0,0,0,0,0,0,0
470415,1,1,2000,0,0,0,0,0,0,0,0,0,0
470416,1,1,2000,0,0,0,0,0,0,0,0,0,0
470416,2,1,2000,0,0,0,0,0,0,0,0,0,0
470417,1,1,2000,0,0,0,0,0,0,0,0,0,0
470418,1,1,2000,0,0,0,0,0,0,0,0,0,0
470418,2,1,2000,0,0,0,0,0,0,0,0,0,0
470419,1,1,2000,0,0,0,0,0,0,0,0,0,0
470419,2,1,2000,0,0,0,0,0,0,0,0,0,0
470420,1,1,2000,1,1,1,1,1,1,1,1,1,1
470420,2,1,2000,0,23,27,0,0,0,0,0,0,6
470421,1,1,2000,0,0,0,0,0,0,0,0,0,0
470421,2,1,2000,0,0,0,0,0,0,0,0,0,0
470422,1,1,2000,0,0,0,0,0,0,0,0,0,0
470423,1,1,2000,0,0,0,0,0,0,0,0,0,0
470423,2,1,2000,0,0,0,0,0,0,0,0,0,0
470423,3,1,2000,0,0,0,0,0,0,0,0,0,0
470424,1,1,2000,0,0,0,10,0,0,0,11,0,16
470425,1,1,2000,0,0,0,0,0,0,0,0,0,0
470425,2,1,2000,25,25,25,25,25,25,25,25,25,25
470425,3,1,2000,0,0,0,0,0,0,13,0,0,0
470426,1,1,2000,0,0,0,0,0,0,0,0,0,0
470426,2,1,2000,0,0,0,0,0,0,0,0,0,0
470426,3,1,2000,0,0,0,0,0,0,0,0,0,0
470427,1,1,2000,32,32,32,32,32,32,32,32,32,32
470427,2,1,2000,0,0,0,0,0,0,0,0,0,0
470428,0,1,2000,0,0,0,0,0,0,0,0,0,0
470428,1,1,2000,2,0,0,13,15,0,0,0,0,0
470428,2,1,2000,0,0,0,0,0,0,0,20,0,0
470429,0,1,2000,14,14,14,14,14,14,14,14,14,14
470429,1,1,2000,0,0,0,2,0,18,0,10,16,18
470430,1,1,2000,0,0,0,0,0,0,0,0,0,0
470431,1,1,2000,12,12,12,12,12,12,12,12,12,12
470431,2,1,2000,0,0,0,0,0,0,0,0,0,0
470432,0,1,2000,0,0,0,0,0,0,0,0,0,0
470432,1,1,2000,0,0,0,0,0,0,0,0,0,0
470433,1,1,2000,0,0,0,0,0,0,0,0,7,0
470434,1,1,2000,0,0,0,0,0,0,0,0,0,0
470435,1,1,2000,0,0,0,0,0,0,0,0,0,0
470436,1,1,2000,2,2,2,2,2,2,2,2,2,2
470437,1,1,2000,0,0,0,0,0,0,0,0,0,0
470437,2,1,2000,0,0,0,0,0,0,0,0,0,0
470437,3,1,2000,0,0,0,0,0,0,0,0,0,0
470438,1,1,2000,23,23,23,23,23,23,23,23,23,23
470439,1,1,2000,20,20,20,20,20,20,20,20,20,20
470440,1,1,2000,0,0,0,0,0,0,0,0,0,0
470440,2,1,2000,0,0,0,0,0,0,0,0,0,0
470441,1,1,2000,49,49,49,49,49,49,49,49,49,49
470442,1,1,2000,0,0,0,0,0,0,0,0,0,0
470442,2,1,2000,0,0,0,0,0,0,0,0,0,0
470443,1,1,2000,0,0,0,0,0,0,0,0,0,0
470443,2,1,2000,0,0,0,0,0,0,0,0,0,0
470444,1,1,2000,0,0,0,0,0,0,0,0,0,0
470445,1,1,2000,0,14,12,6,4,0,14,0,0,6
470446,1,1,2000,0,0,2,0,0,0,0,2,13,0
470447,1,1,2000,0,0,0,0,0,0,0,0,0,0
470447,2,1,2000,0,0,0,0,0,0,0,0,0,0
470448,0,1,2000,0,0,0,0,37,0,0,0,0,23
470448,1,1,2000,0,0,0,0,0,0,0,0,0,0
470449,1,1,2000,15,15,15,15,15,15,15,15,15,15
470450,1,1,2000,20,20,20,20,20,20,20,20,20,20
470451,1,1,2000,0,0,0,0,0,0,0,0,0,0
470452,1,1,2000,12,13,6,36,1,13,7,0,0,14
470453,1,1,2000,0,0,0,0,0,0,0,0,0,0
470453,2,1,2000,0,0,0,0,0,0,0,0,0,0
470453,3,1,2000,0,0,0,0,0,0,0,0,0,0
470454,1,1,2000,12,12,12,12,12,12,12,12,12,12
470455,1,1,2000,8,0,0,0,0,0,0,0,0,0
470455,2,1,2000,0,0,0,0,0,0,0,0,0,0
470456,1,1,2000,0,0,0,0,0,0,0,0,0,0
470456,2,1,2000,0,0,0,0,0,0,0,0,0,0
470457,1,1,2000,0,0,0,0,0,0,0,0,0,0
470458,1,1,2000,0,0,0,0,0,0,0,0,0,0
470459,0,1,2000,0,0,0,0,0,0,0,0,0,0
470459,1,1,2000,0,0,0,0,0,0,0,0,0,0
470460,1,1,2000,0,0,0,0,0,0,0,0,0,0
470460,2,1,2000,0,0,0,0,0,0,0,0,0,0
470461,1,1,2000,1,1,1,1,1,1,1,1,1,1
470461,2,1,2000,0,0,0,0,0,0,0,0,0,0
470462,1,1,2000,0,0,0,0,0,0,0,0,0,0
470462,2,1,2000,0,0,0,8,0,0,0,0,0,0
470463,1,1,2000,17,11,19,19,31,35,15,23,10,20
470464,1,1,2000,13,0,0,27,10,11,0,12,22,11
470465,0,1,2000,1,1,1,1,1,1,1,1,1,1
470465,1,1,2000,18,18,18,18,18,18,18,18,18,18
470466,1,1,2000,14,14,14,14,14,14,14,14,14,14
470466,2,1,2000,0,0,0,26,0,28,0,0,0,0
470467,1,1,2000,9,9,9,9,9,9,9,9,9,9
470468,0,1,2000,0,0,0,0,0,0,0,0,0,0
470468,1,1,2000,0,0,0,0,0,0,13,0,0,0
470469,1,1,2000,18,18,18,18,18,18,18,18,18,18
470470,1,1,2000,20,16,29,27,28,0,14,27,31,0
470471,1,1,2000,16,16,16,16,16,16,16,16,16,16
470471,2,1,2000,0,0,0,13,0,0,0,0,0,0
470472,1,1,2000,0,0,0,0,0,0,0,0,0,0
470472,2,1,2000,2,2,2,2,2,2,2,2,2,2
470473,1,1,2000,0,0,0,0,0,0,0,0,0,0
470473,2,1,2000,0,0,0,0,0,0,0,0,0,0
470473,3,1,2000,0,0,0,0,0,0,0,0,0,0
470474,1,1,2000,11,17,0,20,14,22,17,19,0,17
470475,1,1,2000,8,6,9,19,33,44,25,34,12,9
470476,0,1,2000,17,19,19,3,16,16,12,9,12,2
470476,1,1,2000,0,0,0,0,0,0,0,0,0,0
470477,1,1,2000,0,0,0,0,0,0,0,0,0,0
470477,2,1,2000,0,0,0,0,0,0,0,0,0,0
470478,1,1,2000,0,0,0,0,0,0,16,0,0,0
470478,2,1,2000,0,0,0,0,0,0,0,0,0,0
470479,0,1,2000,14,14,14,14,14,14,14,14,14,14
470479,1,1,2000,0,0,0,0,0,0,0,0,0,0
470480,1,1,2000,0,0,0,0,0,0,0,0,0,0
470481,1,1,2000,18,6,5,0,0,0,0,0,18,10
470481,2,1,2000,0,0,0,0,0,0,12,0,0,0
470482,1,1,2000,11,29,14,0,18,0,15,0,15,9
470483,1,1,2000,12,0,19,0,13,0,0,3,0,0
470484,1,1,2000,9,10,0,10,16,18,9,6,19,19
470485,1,1,2000,0,0,0,0,0,0,0,0,0,0
470485,2,1,2000,0,0,0,0,0,0,0,0,0,0
470486,1,1,2000,0,0,0,14,0,0,0,0,0,0
470486,2,1,2000,0,0,0,0,0,0,0,0,0,0
470487,1,1,2000,2,2,2,2,2,2,2,2,2,2
470488,1,1,2000,0,0,0,0,0,0,0,0,0,0
470489,1,1,2000,0,0,0,0,0,0,0,0,0,0
470490,1,1,2000,0,0,0,0,0,0,0,0,0,0
470491,1,1,2000,11,11,11,11,11,11,11,11,11,11
470492,1,1,2000,23,11,30,20,0,12,0,8,23,42
470493,1,1,2000,0,0,0,0,0,29,20,0,16,20
470494,1,1,2000,0,0,0,0,0,0,0,0,0,0
470494,2,1,2000,0,0,0,0,0,0,0,0,0,0
470495,0,1,2000,4,4,4,4,4,4,4,4,4,4
470495,1,1,2000,0,0,0,0,0,0,0,0,0,0
470496,1,1,2000,0,0,0,0,0,0,0,0,0,0
470496,2,1,2000,0,0,0,0,0,0,0,0,0,0
470497,1,1,2000,38,38,38,38,38,38,38,38,38,38
470498,1,1,2000,0,0,0,0,0,0,0,0,0,0
470498,2,1,2000,0,0,0,0,0,0,0,0,0,0
470499,1,1,2000,0,0,0,0,0,0,0,0,0,0
470499,2,1,2000,0,0,0,0,0,0,0,0,0,0
470499,3,1,2000,0,0,0,0,0,0,0,0,0,0
470500,0,1,2000,18,18,18,18,18,18,18,18,18,18
470500,1,1,2000,0,0,0,0,0,0,0,0,0,0
470501,1,1,2000,0,15,0,0,0,0,0,0,0,0
470502,1,1,2000,0,0,0,0,0,0,0,0,0,0
470503,1,1,2000,10,10,10,10,10,10,10,10,10,10
470504,1,1,2000,8,0,0,0,20,11,0,0,0,0
470504,2,1,2000,35,19,22,18,20,15,31,23,21,24
470505,1,1,2000,0,0,0,0,0,0,0,0,0,0
470506,1,1,2000,0,0,9,0,0,23,17,0,18,0
470507,1,1,2000,0,0,0,0,0,0,0,0,0,0
470508,1,1,2000,0,0,0,0,0,0,0,0,0,0
470509,1,1,2000,17,22,19,0,30,26,8,16,35,12
470510,1,1,2000,0,0,0,0,0,0,0,0,0,0
470511,1,1,2000,11,11,11,11,11,11,11,11,11,11
470511,2,1,2000,18,18,18,18,18,18,18,18,18,18
470512,1,1,2000,21,21,21,21,21,21,21,21,21,21
470513,1,1,2000,0,0,0,0,0,0,0,0,0,0
470514,1,1,2000,21,21,21,21,21,21,21,21,21,21
470514,2,1,2000,0,0,0,0,0,0,0,0,0,0
470515,1,1,2000,0,0,0,0,0,0,0,0,0,0
470516,1,1,2000,13,13,13,13,13,13,13,13,13,13
470517,1,1,2000,0,0,0,0,0,0,0,0,0,0
470518,1,1,2000,2,2,2,2,2,2,2,2,2,2
470519,1,1,2000,0,0,0,0,0,0,0,0,0,0
470519,2,1,2000,0,0,0,0,0,0,0,0,0,0
470520,1,1,2000,0,0,0,0,0,0,0,0,0,0
470520,2,1,2000,9,9,9,9,9,9,9,9,9,9
470521,0,1,2000,0,0,0,0,0,0,0,0,0,0
470521,1,1,2000,0,0,0,0,0,0,0,0,0,0
470522,0,1,2000,0,0,0,0,0,0,0,0,0,0
470522,1,1,2000,0,0,0,0,0,0,0,0,0,0
470523,1,1,2000,0,0,0,0,0,0,0,0,0,0
470523,2,1,2000,0,0,0,0,0,0,0,0,0,0
470524,1,1,2000,19,19,19,19,19,19,19,19,19,19
470525,1,1,2000,0,0,0,0,0,0,0,0,0,0
470525,2,1,2000,0,0,0,0,0,0,0,0,0,0
470526,1,1,2000,2,2,2,2,2,2,2,2,2,2
470527,1,1,2000,17,17,17,17,17,17,17,17,17,17
470528,1,1,2000,0,0,0,0,0,0,0,0,0,0
470528,2,1,2000,0,0,0,0,0,0,0,0,0,0
470529,1,1,2000,14,14,14,14,14,14,14,14,14,14
470529,2,1,2000,0,0,0,0,0,0,0,0,0,0
470530,1,1,2000,16,0,7,0,0,0,0,14,0,0
470530,2,1,2000,0,0,0,0,0,0,0,0,0,0
470530,3,1,2000,0,0,0,0,0,0,0,0,0,0
470531,1,1,2000,25,28,21,24,9,9,17,20,0,5
470532,1,1,2000,30,11,20,22,23,0,27,18,0,0
470533,1,1,2000,0,0,0,0,0,0,0,0,0,0
470533,2,1,2000,0,0,0,0,0,0,0,0,0,0
470534,1,1,2000,0,0,0,0,0,0,0,0,0,0
470534,2,1,2000,0,0,0,0,0,0,0,0,0,0
470535,1,1,2000,3,0,0,0,0,19,0,0,10,0
470536,1,1,2000,27,27,27,27,27,27,27,27,27,27
470536,2,1,2000,0,0,0,0,0,0,0,0,0,0
470537,0,1,2000,8,8,8,8,8,8,8,8,8,8
470537,1,1,2000,0,0,0,0,0,0,0,0,0,10
470538,1,1,2000,0,0,0,0,0,0,0,0,0,0
470539,1,1,2000,0,0,0,0,0,0,0,0,0,0
470539,2,1,2000,0,0,0,0,0,0,0,0,0,0
470540,1,1,2000,0,0,0,0,0,0,0,0,0,0
470540,2,1,2000,0,0,0,0,0,0,0,0,0,0
470540,3,1,2000,0,0,0,0,0,0,0,0,0,0
470540,4,1,2000,0,0,0,0,0,0,0,0,0,0
470541,1,1,2000,23,23,23,23,23,23,23,23,23,23
470541,2,1,2000,0,0,0,0,0,0,0,0,0,0
470542,0,1,2000,0,0,0,0,0,0,0,0,0,0