ST_CASE,VEH_NO,PER_NO,YEAR,P1,P2,P3,P4,P5,P6,P7,P8,P9,P10
481019,2,1,2000,0,18,0,0,0,27,0,0,0,0
481020,1,1,2000,0,2,0,0,0,0,0,0,0,0
481021,1,1,2000,32,32,32,32,32,32,32,32,32,32
481022,1,1,2000,0,0,0,0,18,0,0,6,0,0
481022,2,1,2000,0,0,0,0,0,6,0,0,0,0
481023,1,1,2000,0,16,0,0,18,0,7,10,8,17
481024,1,1,2000,0,0,0,0,0,0,0,0,0,0
481024,2,1,2000,0,0,0,0,0,0,0,0,0,0
481024,3,1,2000,0,0,0,0,0,0,0,0,0,0
481024,4,1,2000,0,0,0,0,0,0,0,0,0,0
481025,1,1,2000,0,0,6,10,16,7,0,0,0,0
481025,2,1,2000,20,0,0,0,11,0,8,0,0,0
481026,1,1,2000,29,29,29,29,29,29,29,29,29,29
481027,1,1,2000,20,18,19,0,17,24,10,6,15,16
481027,2,1,2000,0,0,0,0,0,0,0,0,0,0
481028,1,1,2000,0,0,0,0,0,0,0,0,0,2
481028,2,1,2000,0,17,0,0,0,9,9,0,0,0
481029,1,1,2000,9,23,15,0,12,18,33,6,18,0
481030,1,1,2000,0,0,0,18,0,0,0,0,0,0
481030,2,1,2000,0,0,3,0,0,0,0,0,0,0
481031,1,1,2000,17,8,18,0,10,18,17,9,15,16
481032,0,1,2000,0,15,0,0,33,14,0,0,0,13
481032,0,2,2000,19,27,10,20,28,0,0,11,17,10
481032,1,1,2000,0,0,0,0,3,25,0,0,13,0
481033,1,1,2000,0,0,0,0,12,0,0,0,0,0
481033,2,1,2000,0,3,33,0,21,0,0,0,0,0
481034,1,1,2000,26,26,26,26,26,26,26,26,26,26
481034,2,1,2000,0,0,0,0,0,0,18,0,0,0
481034,3,1,2000,0,0,0,0,18,9,0,0,0,11
481034,4,1,2000,0,0,0,0,0,0,0,0,0,0
481035,1,1,2000,22,13,6,0,0,10,0,0,13,0
481036,1,1,2000,1,1,1,1,1,1,1,1,1,1
481037,1,1,2000,20,20,20,20,20,20,20,20,20,20
481038,1,1,2000,0,0,23,17,0,0,0,0,0,0
481039,1,1,2000,0,0,0,0,0,0,0,0,0,0
481039,2,1,2000,0,0,0,0,0,0,0,0,0,0
481040,1,1,2000,20,4,0,0,6,6,0,0,0,9
481040,2,1,2000,0,14,10,0,3,0,0,13,0,0
481040,3,1,2000,14,10,0,7,13,26,0,13,9,0
481040,4,1,2000,0,0,13,0,0,0,0,0,0,0
481041,0,1,2000,8,20,20,0,27,18,7,29,0,17
481041,1,1,2000,0,0,0,0,0,0,0,0,0,0
481042,1,1,2000,11,0,0,33,0,0,0,0,0,0
481042,2,1,2000,0,0,0,0,0,0,0,0,21,10
481043,1,1,2000,23,23,23,23,23,23,23,23,23,23
481044,1,1,2000,0,0,0,0,0,0,0,0,0,0
481044,2,1,2000,0,0,0,0,0,0,0,0,16,0
481045,1,1,2000,0,0,0,0,0,0,0,0,0,0
481045,2,1,2000,0,0,0,0,0,0,0,0,0,0
481047,1,1,2000,26,26,26,26,26,26,26,26,26,26
481047,2,1,2000,0,0,0,0,0,0,0,0,0,0
481048,1,1,2000,17,17,17,17,17,17,17,17,17,17
481049,1,1,2000,0,30,22,12,19,13,10,16,17,22
481050,1,1,2000,0,0,0,0,0,0,0,0,0,0
481050,2,1,2000,24,24,24,24,24,24,24,24,24,24
481051,1,1,2000,7,13,33,0,25,16,14,0,0,19
481052,0,1,2000,15,0,8,0,0,0,11,0,0,0
481052,1,1,2000,21,0,0,17,0,10,0,0,0,23
481053,1,1,2000,0,0,0,0,0,18,7,0,9,16
481054,1,1,2000,36,22,0,0,29,0,0,13,32,0
481055,1,1,2000,0,0,0,0,0,0,19,16,27,0
481056,1,1,2000,0,0,8,21,9,6,0,4,36,0
481057,1,1,2000,28,23,22,20,7,21,16,18,18,27
481058,1,1,2000,0,0,0,0,0,0,0,0,8,0
481058,2,1,2000,0,0,0,0,0,0,0,0,0,0
481059,1,1,2000,20,3,23,14,10,17,21,19,23,29
481060,1,1,2000,9,9,9,9,9,9,9,9,9,9
481061,1,1,2000,9,9,9,9,9,9,9,9,9,9
481062,1,1,2000,0,0,0,0,0,0,0,15,0,0
481063,1,1,2000,0,0,0,0,0,0,0,0,0,0
481064,1,1,2000,0,0,0,0,0,0,0,0,10,0
481064,2,1,2000,0,15,0,0,0,0,0,9,0,0
481065,0,1,2000,0,0,14,13,0,0,0,0,17,0
481065,1,1,2000,8,8,8,8,8,8,8,8,8,8
481066,1,1,2000,0,0,0,0,13,0,0,0,0,0
481067,1,1,2000,21,21,21,21,21,21,21,21,21,21
481067,2,1,2000,0,0,0,0,0,0,0,0,0,0
481067,3,1,2000,0,0,0,0,7,0,0,0,0,7
481068,1,1,2000,18,16,11,8,15,20,18,5,23,0
481069,1,1,2000,31,31,31,31,31,31,31,31,31,31
481070,1,1,2000,0,0,0,0,0,0,0,0,0,17
481070,2,1,2000,0,0,0,0,0,0,0,0,0,0
481071,1,1,2000,21,21,21,21,21,21,21,21,21,21
481072,1,1,2000,0,0,0,4,0,0,0,0,0,0
481072,2,1,2000,0,0,0,0,0,0,0,0,0,0
481073,1,1,2000,0,6,0,20,0,0,12,0,0,0
481074,1,1,2000,0,0,0,0,0,0,0,0,0,0
481074,2,1,2000,0,0,0,0,4,0,0,0,0,0
481075,1,1,2000,0,0,0,0,0,0,0,0,0,0
481075,2,1,2000,0,0,0,0,0,0,0,0,8,0
481076,1,1,2000,0,0,0,0,0,0,30,0,0,0
481076,2,1,2000,0,9,0,9,13,9,0,0,0,0
481077,1,1,2000,0,0,0,0,0,0,0,0,0,0
481077,2,1,2000,0,0,0,0,0,0,0,0,0,0
481078,1,1,2000,0,0,0,0,0,0,0,0,0,0
481078,2,1,2000,0,0,0,0,0,0,0,0,0,0
481079,1,1,2000,7,0,0,0,0,0,0,0,0,0
481079,2,1,2000,0,0,0,0,0,0,0,15,0,0
481080,1,1,2000,0,0,13,15,0,0,0,0,0,0
481080,2,1,2000,0,0,0,7,0,0,0,0,0,0
481081,1,1,2000,10,15,11,18,10,5,11,10,7,0
481082,1,1,2000,9,21,0,30,0,0,20,0,0,7
481083,1,1,2000,0,0,0,0,0,0,21,0,0,0
481084,1,1,2000,12,12,12,12,12,12,12,12,12,12
481085,1,1,2000,19,19,19,19,19,19,19,19,19,19
481085,2,1,2000,0,3,0,0,0,0,0,0,0,0
481086,0,1,2000,0,0,0,0,0,0,0,0,0,0
481086,1,1,2000,0,0,0,0,0,0,0,0,0,0
481087,0,1,2000,0,0,0,0,0,0,0,0,0,0
481087,1,1,2000,0,0,0,0,0,0,0,0,0,0
481088,1,1,2000,0,0,0,0,0,0,0,0,0,0
481089,1,1,2000,0,0,0,0,0,0,0,0,14,0
481089,2,1,2000,0,0,0,2,0,0,0,0,0,0
481089,3,1,2000,0,0,6,0,0,10,0,0,0,0
481089,4,1,2000,0,0,0,0,0,0,0,0,0,0
481089,5,1,2000,0,0,0,0,0,0,0,0,0,0
481089,6,1,2000,0,0,0,0,0,0,0,0,0,0
481090,1,1,2000,19,0,19,12,5,11,20,24,18,6
481091,1,1,2000,0,15,0,0,14,0,0,0,0,0
481091,2,1,2000,0,0,0,0,0,0,0,0,0,0
481092,1,1,2000,0,0,0,0,6,0,0,0,0,0
481092,2,1,2000,0,0,0,0,0,0,0,0,0,0
481092,3,1,2000,0,0,0,0,0,0,0,0,0,0
481093,1,1,2000,0,0,0,0,8,0,0,0,0,0
481093,2,1,2000,0,6,0,0,0,0,0,0,0,15
481094,1,1,2000,0,19,0,18,0,0,0,0,6,0
481095,1,1,2000,8,8,8,8,8,8,8,8,8,8
481096,1,1,2000,0,0,0,0,0,0,0,0,0,0
481096,2,1,2000,0,0,0,0,0,0,0,0,0,0
481097,1,1,2000,14,14,14,14,14,14,14,14,14,14
481098,1,1,2000,25,24,0,22,0,28,28,0,16,0
481099,1,1,2000,0,0,0,0,0,0,10,0,0,0
481100,1,1,2000,0,0,0,0,0,0,0,0,0,0
481100,2,1,2000,0,0,0,0,0,0,0,0,0,0
481101,0,1,2000,0,0,0,0,0,0,0,0,0,0
481101,1,1,2000,0,0,0,0,12,0,0,0,0,0
481102,1,1,2000,0,0,0,0,0,0,0,0,0,0
481103,0,1,2000,21,24,12,7,8,19,0,28,0,22
481103,1,1,2000,8,33,16,10,0,0,0,0,0,0
481104,1,1,2000,14,23,8,0,12,15,4,17,27,10
481105,1,1,2000,17,17,17,17,17,17,17,17,17,17
481105,2,1,2000,13,5,0,0,10,6,16,0,0,0
481105,3,1,2000,11,20,10,0,13,9,0,0,16,0
481106,1,1,2000,0,0,0,0,14,25,19,5,0,0
481106,2,1,2000,0,0,0,0,0,0,0,0,0,0
481107,1,1,2000,0,0,0,0,0,0,0,0,0,0
481108,1,1,2000,0,0,0,7,2,0,0,0,14,0
481109,1,1,2000,25,25,25,25,25,25,25,25,25,25
481110,1,1,2000,2,8,16,13,17,0,12,8,6,0
481110,2,1,2000,0,0,0,0,0,0,0,0,0,0
481111,1,1,2000,0,9,0,0,0,0,0,0,0,0
481112,0,1,2000,28,0,0,0,29,0,0,0,4,0
481112,1,1,2000,0,0,0,0,0,5,0,0,0,0
481113,1,1,2000,11,11,11,11,11,11,11,11,11,11
481114,1,1,2000,12,5,20,20,5,16,3,2,13,29
481115,1,1,2000,0,0,0,0,0,0,0,0,0,0
481115,2,1,2000,0,0,0,0,0,0,0,0,0,0
481115,3,1,2000,0,0,0,0,0,0,0,0,0,2
481116,1,1,2000,0,0,0,19,0,0,0,0,0,11
481117,0,1,2000,0,0,0,0,0,0,0,0,0,0
481117,1,1,2000,0,0,0,0,0,0,0,0,0,0
481117,2,1,2000,0,0,0,0,0,0,0,0,0,11
481118,0,1,2000,0,27,38,40,26,9,49,0,9,26
481118,1,1,2000,0,0,0,0,9,0,0,0,0,0
481119,1,1,2000,0,5,0,0,8,17,22,0,0,18
481119,2,1,2000,0,0,0,0,0,20,0,0,0,0
481120,1,1,2000,0,0,13,0,0,0,0,0,0,0
481121,1,1,2000,0,0,0,0,0,0,0,0,0,0
481122,1,1,2000,0,0,24,0,12,0,12,10,0,0
481123,1,1,2000,0,0,0,0,0,0,0,0,0,0
481123,2,1,2000,0,0,0,0,0,0,0,0,0,0
481124,1,1,2000,0,0,0,0,0,3,0,0,0,0
481125,1,1,2000,16,0,14,19,6,30,6,10,18,12
481126,1,1,2000,0,0,0,0,0,0,0,0,0,0
481126,2,1,2000,0,0,0,0,0,0,0,0,0,0
481127,0,1,2000,38,7,26,0,0,0,0,23,25,37
481127,1,1,2000,13,13,13,13,13,13,13,13,13,13
481128,1,1,2000,0,0,13,12,0,0,0,0,15,0
481129,1,1,2000,0,0,0,0,0,0,0,0,0,0
481129,2,1,2000,0,0,0,0,0,0,0,0,0,0
481130,1,1,2000,0,0,0,0,0,0,0,0,0,0
481130,2,1,2000,0,0,0,0,0,18,12,18,0,28
481131,1,1,2000,30,30,30,30,30,30,30,30,30,30
481132,1,1,2000,22,22,22,22,22,22,22,22,22,22
481133,1,1,2000,0,0,0,0,0,0,0,13,9,0
481134,1,1,2000,0,0,0,0,0,0,19,0,0,0
481135,1,1,2000,0,0,0,0,0,0,0,0,0,0
481136,1,1,2000,0,0,15,12,15,0,0,0,0,0
481136,2,1,2000,12,0,19,10,4,11,18,17,25,22
481137,1,1,2000,24,24,24,24,24,24,24,24,24,24
481137,2,1,2000,0,0,9,7,0,0,16,0,0,13
481138,0,1,2000,0,0,0,0,0,0,0,0,0,0
481138,1,1,2000,0,0,0,0,0,0,0,0,0,0
481139,0,1,2000,28,28,28,28,28,28,28,28,28,28
481139,1,1,2000,0,13,0,0,0,0,0,0,0,0
481140,1,1,2000,0,0,0,0,0,0,0,0,0,0
481140,2,1,2000,0,0,0,0,0,0,0,0,0,0
481141,1,1,2000,0,0,0,0,0,0,0,0,0,0
481141,2,1,2000,0,0,4,0,0,0,0,0,0,0
481142,0,1,2000,17,0,0,22,19,7,15,27,0,0
481142,1,1,2000,0,9,15,0,0,0,10,0,0,0
481143,1,1,2000,0,0,0,0,0,0,0,18,0,0
481143,2,1,2000,23,0,0,0,0,0,0,0,0,0
481143,3,1,2000,0,0,0,0,0,0,0,0,0,0
481144,1,1,2000,22,22,22,22,22,22,22,22,22,22
481145,1,1,2000,0,0,0,0,0,0,0,0,0,0
481145,2,1,2000,0,0,0,0,0,0,0,16,0,0
481146,1,1,2000,0,17,18,14,16,15,21,0,15,0
481146,2,1,2000,0,0,0,0,6,19,0,0,0,0
481147,1,1,2000,5,0,0,20,18,0,0,0,0,0
481148,1,1,2000,13,6,9,18,38,0,9,11,0,0
481149,1,1,2000,15,21,0,0,0,0,8,0,0,26
481149,2,1,2000,24,0,0,23,0,0,0,0,26,0
481150,1,1,2000,2,2,2,2,2,2,2,2,2,2
481150,2,1,2000,16,16,16,16,16,16,16,16,16,16
481150,3,1,2000,0,0,37,21,12,17,0,10,0,15
481151,1,1,2000,0,0,0,0,0,0,0,0,0,0
481151,2,1,2000,0,0,0,0,0,0,0,0,0,0
481152,1,1,2000,26,17,16,8,24,53,13,13,10,21
481153,1,1,2000,17,0,16,12,9,0,18,0,12,16
481154,1,1,2000,10,0,21,5,0,19,19,9,15,20
481155,1,1,2000,4,30,12,21,26,13,23,19,20,7
481155,2,1,2000,0,15,0,0,0,0,0,0,0,16
481156,0,1,2000,0,17,13,0,4,17,22,0,0,0
481156,1,1,2000,13,13,13,13,13,13,13,13,13,13
481157,1,1,2000,0,0,0,0,0,0,0,16,19,17
481157,2,1,2000,0,0,0,0,0,0,0,0,0,0
481158,1,1,2000,0,3,0,0,0,0,14,0,0,4
481158,2,1,2000,0,0,0,0,0,0,9,0,17,13
481159,0,1,2000,14,27,22,0,22,11,5,32,16,14
481159,1,1,2000,26,15,0,5,0,0,0,14,11,0
481160,1,1,2000,5,5,5,5,5,5,5,5,5,5
481161,0,1,2000,0,0,0,0,0,0,0,0,0,0
481161,1,1,2000,0,0,0,0,0,0,0,0,0,0
481162,1,1,2000,0,0,20,0,0,0,16,0,0,0
481162,2,1,2000,5,0,0,0,0,0,0,0,7,0
481163,1,1,2000,0,4,12,14,19,11,17,4,22,15
481164,1,1,2000,28,17,28,26,11,26,25,17,14,34
481165,1,1,2000,9,0,20,33,18,26,0,21,0,10
481165,2,1,2000,0,25,0,0,0,0,0,0,0,0
481166,1,1,2000,9,9,9,9,9,9,9,9,9,9
481166,2,1,2000,0,0,0,0,0,15,0,0,17,0
481166,3,1,2000,0,0,13,0,0,0,14,0,0,0
481167,1,1,2000,18,0,18,17,0,0,14,22,0,0
481167,2,1,2000,0,0,30,14,0,14,0,0,0,0
481168,0,1,2000,24,24,24,24,24,24,24,24,24,24
481168,1,1,2000,0,13,5,13,0,0,0,0,12,27
481169,1,1,2000,0,0,0,0,0,0,0,0,0,0
481169,2,1,2000,23,23,23,23,23,23,23,23,23,23
481170,1,1,2000,14,33,34,0,8,6,14,30,10,16
481171,1,1,2000,1,1,1,1,1,1,1,1,1,1
481171,2,1,2000,2,2,2,2,2,2,2,2,2,2
481172,1,1,2000,25,25,25,25,25,25,25,25,25,25
481173,1,1,2000,18,8,15,4,17,4,10,17,10,15
481174,1,1,2000,0,26,0,17,22,9,22,17,24,14
481174,2,1,2000,0,0,0,0,0,0,8,0,5,0
481175,1,1,2000,0,0,0,0,0,0,26,0,0,0
481175,2,1,2000,0,0,0,0,0,0,0,0,0,0
481176,1,1,2000,5,5,5,5,5,5,5,5,5,5
481177,1,1,2000,0,0,0,6,0,0,0,0,0,0
481177,2,1,2000,0,0,0,0,16,0,0,6,0,0
481177,3,1,2000,0,0,0,0,0,0,0,0,0,0
481178,1,1,2000,0,0,32,0,0,0,0,0,0,0
481178,2,1,2000,9,12,9,18,32,27,0,15,0,0
481178,3,1,2000,0,0,0,0,0,0,0,0,0,0
481178,4,1,2000,0,0,0,0,0,0,0,0,0,0
481179,1,1,2000,23,23,23,23,23,23,23,23,23,23
481180,1,1,2000,0,0,0,0,0,0,0,0,0,0
481180,2,1,2000,0,0,0,0,0,0,0,0,0,0
481181,1,1,2000,0,0,0,0,0,0,0,0,0,0
481181,2,1,2000,0,0,0,0,0,0,0,0,0,0
481182,1,1,2000,18,18,18,18,18,18,18,18,18,18
481183,1,1,2000,0,0,0,0,0,0,0,0,0,0
481183,2,1,2000,0,0,0,0,0,0,0,0,0,0
481184,1,1,2000,0,0,0,0,0,0,0,0,0,0
481184,2,1,2000,0,0,0,9,0,0,0,0,0,0
481185,1,1,2000,0,0,0,0,0,0,0,0,0,0
481185,2,1,2000,0,0,0,0,0,0,0,0,0,0
481185,3,1,2000,0,0,0,0,0,0,0,0,0,0
481185,4,1,2000,19,0,0,0,0,0,0,0,0,0
481186,1,1,2000,0,13,0,0,0,0,0,0,11,0
481186,2,1,2000,0,0,0,0,21,5,0,0,0,0
481187,1,1,2000,0,0,0,0,0,0,0,0,0,0
481188,1,1,2000,0,12,21,17,0,0,24,0,18,0
481189,1,1,2000,0,0,0,0,0,0,0,0,0,0
481189,2,1,2000,23,23,23,23,23,23,23,23,23,23
481190,1,1,2000,16,19,20,39,0,27,0,0,26,4
481191,1,1,2000,0,0,0,0,0,0,0,0,0,0
481191,2,1,2000,0,22,0,10,0,0,16,0,0,11
481192,1,1,2000,0,0,0,0,0,0,0,0,0,0
481192,2,1,2000,0,0,0,0,0,0,0,0,0,0
481193,1,1,2000,0,0,0,0,0,0,0,0,0,0
481193,2,1,2000,0,0,0,0,0,6,0,0,10,0
481194,1,1,2000,0,3,0,0,0,0,0,0,0,0
481194,2,1,2000,0,0,0,0,0,0,0,0,0,0
481195,0,1,2000,0,0,0,0,0,0,0,0,0,0
481195,1,1,2000,0,0,0,0,0,0,0,0,0,0
481196,1,1,2000,0,0,0,0,0,0,0,0,0,0
481197,1,1,2000,0,0,0,0,0,0,0,0,0,0
481197,2,1,2000,0,0,0,0,0,0,0,0,0,0
481198,0,1,2000,0,14,12,18,0,48,28,12,24,0
481198,1,1,2000,0,0,0,0,0,0,0,0,0,0
481198,2,1,2000,0,0,0,0,11,0,0,0,0,0
481198,3,1,2000,0,0,0,0,0,0,0,0,0,0
481199,1,1,2000,0,0,0,0,0,0,0,0,0,0
481199,2,1,2000,0,7,0,0,0,0,0,14,0,0
481199,3,1,2000,0,0,0,0,0,0,0,0,0,0
481199,4,1,2000,0,0,0,0,0,0,0,0,0,0
481200,0,1,2000,0,20,0,32,0,23,0,18,18,19
481200,1,1,2000,0,0,0,20,0,0,0,0,0,0
481201,1,1,2000,0,9,0,0,0,3,0,7,0,6
481201,2,1,2000,0,0,0,0,22,0,29,28,0,0
481202,1,1,2000,0,0,0,0,0,0,0,0,0,0
481202,2,1,2000,0,18,0,0,0,0,0,0,0,0
481203,1,1,2000,0,0,0,0,6,10,0,0,0,0
481203,2,1,2000,0,0,0,0,0,0,0,0,0,0
481203,3,1,2000,9,0,0,0,0,0,0,0,0,0
481203,4,1,2000,0,0,5,0,0,0,0,0,0,0
481204,1,1,2000,14,26,0,19,13,20,12,13,42,15
481206,0,1,2000,0,0,0,4,35,0,0,0,21,12
481206,1,1,2000,0,24,0,23,18,28,11,28,0,19
481207,0,1,2000,22,22,22,22,22,22,22,22,22,22
481207,1,1,2000,0,0,0,0,0,0,0,0,23,0
481207,2,1,2000,11,18,0,15,0,0,5,16,5,7
481207,3,1,2000,14,11,0,0,22,22,7,11,27,15
481209,1,1,2000,9,9,9,9,9,9,9,9,9,9
481209,2,1,2000,18,20,0,20,23,0,23,26,8,9
481210,1,1,2000,13,14,18,4,12,0,14,18,10,21
481211,0,1,2000,0,0,0,0,16,0,0,0,0,19
481211,1,1,2000,0,0,0,0,0,0,0,0,0,0
481211,2,1,2000,0,0,0,0,0,0,13,0,0,0
481212,1,1,2000,0,0,21,0,0,0,24,0,0,0
481212,2,1,2000,0,0,0,0,0,0,0,0,11,0
481212,3,1,2000,0,0,0,0,0,0,0,5,0,0
481212,4,1,2000,0,0,0,0,0,0,0,0,0,0
481213,1,1,2000,0,0,14,0,0,0,0,0,0,14
481213,2,1,2000,0,0,0,0,0,0,0,0,0,0
481214,1,1,2000,16,5,5,0,0,0,8,6,13,0
481215,1,1,2000,11,16,11,10,17,28,17,24,12,0
481216,1,1,2000,0,13,0,0,4,0,30,10,0,0
481217,1,1,2000,0,0,16,0,0,0,0,0,0,0
481217,2,1,2000,0,0,0,0,0,0,0,0,0,0
481218,1,1,2000,0,0,0,0,0,0,0,0,0,0
481218,2,1,2000,0,0,0,0,0,0,0,0,0,0
481219,1,1,2000,0,20,0,0,0,0,0,15,0,0
481220,0,1,2000,0,0,0,0,0,0,8,0,0,0
481220,1,1,2000,0,0,34,0,0,0,0,0,0,0
481221,0,1,2000,0,0,9,0,0,32,11,0,2,22
481221,1,1,2000,0,0,0,12,0,2,0,7,0,13
481222,1,1,2000,30,14,28,15,16,31,10,22,17,5
481223,1,1,2000,9,3,15,24,11,12,21,25,7,21
481224,1,1,2000,26,26,26,26,26,26,26,26,26,26
481225,1,1,2000,0,0,0,0,0,0,0,0,0,0
481225,2,1,2000,0,0,14,0,0,14,0,0,0,0
481226,1,1,2000,0,0,0,0,0,8,0,0,0,0
481226,2,1,2000,0,22,0,11,7,7,0,0,0,0
481227,1,1,2000,0,0,0,0,0,0,0,0,0,0
481228,1,1,2000,0,4,0,0,0,0,0,13,0,0
481228,2,1,2000,0,0,23,0,0,18,0,0,29,0
481229,1,1,2000,0,0,0,0,0,0,0,0,0,0
481229,2,1,2000,0,0,0,0,0,0,0,0,0,3
481229,3,1,2000,0,0,0,0,0,0,0,0,0,0
481230,0,1,2000,0,0,0,0,0,0,0,0,0,21
481230,0,2,2000,0,32,0,0,0,0,0,0,8,0
481230,1,1,2000,0,0,0,8,0,0,0,0,0,0
481231,0,1,2000,0,13,0,0,0,0,0,0,0,0
481231,1,1,2000,0,0,0,0,0,0,0,14,0,0
481232,0,1,2000,14,0,0,0,0,0,0,0,0,0
481232,1,1,2000,0,0,0,0,0,0,0,0,0,0
481233,1,1,2000,0,0,0,0,0,0,0,16,0,0
481234,1,1,2000,0,0,0,0,0,0,0,0,0,0
481234,2,1,2000,0,0,0,0,0,0,0,0,0,0
481235,1,1,2000,28,11,9,16,5,0,0,10,12,0
481236,1,1,2000,27,27,27,27,27,27,27,27,27,27
481237,1,1,2000,18,18,18,18,18,18,18,18,18,18
481238,1,1,2000,0,0,0,0,0,0,0,0,0,0
481238,2,1,2000,10,27,17,15,13,14,21,10,39,20
481239,1,1,2000,15,0,0,0,0,23,0,0,9,0
481240,1,1,2000,0,0,0,0,0,0,0,0,0,0
481240,2,1,2000,0,0,0,0,0,0,0,0,0,0
481241,1,1,2000,22,0,0,0,0,0,0,16,17,0
481241,2,1,2000,0,0,0,0,0,0,0,0,2,0
481242,1,1,2000,0,7,6,0,6,6,12,21,16,27
481242,2,1,2000,7,16,8,19,29,24,9,17,17,15
481243,0,1,2000,0,25,22,11,0,35,0,30,23,25
481243,0,2,2000,0,30,16,14,7,8,0,23,0,18
481243,1,1,2000,9,12,0,6,0,0,0,11,17,0
481244,1,1,2000,0,19,0,0,0,0,0,0,0,0
481244,2,1,2000,11,0,0,0,0,0,0,0,0,0
481245,1,1,2000,21,0,16,19,29,12,24,21,19,12
481246,1,1,2000,0,0,0,0,0,0,0,0,0,0
481246,2,1,2000,0,0,0,0,0,0,0,0,0,0
481247,1,1,2000,11,0,0,15,0,16,18,13,0,0
481248,1,1,2000,23,0,0,15,0,12,0,0,0,0
481248,2,1,2000,0,0,0,0,0,0,0,19,7,0
481249,1,1,2000,0,13,9,0,20,13,7,19,8,6
481250,1,1,2000,0,5,0,0,0,0,0,23,21,0
481250,2,1,2000,25,25,25,25,25,25,25,25,25,25
481251,1,1,2000,4,19,8,14,24,22,0,8,21,0
481251,2,1,2000,10,10,10,10,10,10,10,10,10,10
481252,1,1,2000,0,0,15,20,0,0,0,0,0,0
481253,1,1,2000,0,0,0,0,33,0,0,0,0,0
481253,2,1,2000,0,0,0,5,0,0,0,0,0,12
481254,1,1,2000,0,0,0,0,0,0,0,0,0,0
481254,2,1,2000,0,0,0,0,0,0,0,0,0,0
481255,1,1,2000,18,20,14,15,16,20,21,19,18,22
481256,1,1,2000,16,16,16,16,16,16,16,16,16,16
481256,2,1,2000,10,10,10,10,10,10,10,10,10,10
481256,3,1,2000,0,0,11,0,4,7,0,0,14,0
481256,4,1,2000,4,15,0,0,0,16,9,0,0,0
481257,0,1,2000,23,23,23,23,23,23,23,23,23,23
481257,1,1,2000,0,0,0,3,0,0,0,14,5,0
481258,1,1,2000,0,0,0,0,0,0,0,0,0,0
481258,2,1,2000,0,0,0,0,0,0,0,0,0,0
481259,1,1,2000,0,0,7,0,7,0,0,0,0,0
481259,2,1,2000,0,0,0,0,17,0,0,0,11,0
481260,1,1,2000,19,19,19,19,19,19,19,19,19,19
481261,1,1,2000,0,0,0,0,0,0,25,0,0,0
481262,1,1,2000,0,18,0,12,14,0,0,21,0,0
481262,2,1,2000,2,14,16,12,5,17,9,28,0,0
481263,1,1,2000,3,0,0,0,0,0,0,8,17,0
481263,2,1,2000,23,0,11,10,0,0,0,0,0,0
481264,1,1,2000,25,25,25,25,25,25,25,25,25,25
481265,1,1,2000,9,0,0,0,11,0,0,0,0,0
481265,2,1,2000,0,0,0,0,0,0,0,0,0,12
481266,1,1,2000,13,0,11,17,3,13,18,0,19,14
481267,1,1,2000,0,0,0,0,0,0,0,0,0,0
481268,1,1,2000,0,0,0,0,0,0,0,0,0,0
481269,1,1,2000,0,12,16,10,15,15,0,0,14,18
481270,1,1,2000,21,9,0,13,18,24,4,18,0,24
481271,1,1,2000,0,0,0,18,0,0,0,0,0,0
481272,1,1,2000,0,0,0,0,0,0,0,0,0,0
481272,2,1,2000,0,0,0,0,0,0,0,0,0,0
481272,3,1,2000,0,0,0,0,0,0,0,0,10,0
481273,1,1,2000,4,8,0,0,0,0,0,0,0,0
481273,2,1,2000,0,0,0,0,0,0,0,0,0,0
481274,1,1,2000,0,0,0,0,0,0,0,0,0,0
481274,2,1,2000,0,0,0,0,0,0,0,0,0,0
481275,0,1,2000,0,0,0,0,0,0,0,0,0,0
481275,1,1,2000,0,0,0,7,10,4,0,0,0,13
481276,1,1,2000,0,0,0,0,12,0,0,0,0,0
481276,2,1,2000,0,0,0,0,0,0,0,0,0,0
481277,1,1,2000,0,0,0,0,0,0,0,0,0,0
481277,2,1,2000,0,0,0,0,0,0,0,0,0,0
481278,1,1,2000,0,0,0,0,0,0,0,0,0,0
481278,2,1,2000,0,0,0,0,0,0,0,0,0,0
481279,0,1,2000,23,37,22,0,65,17,20,0,16,0
481279,1,1,2000,0,0,0,0,0,0,0,0,0,10
481280,1,1,2000,0,0,0,0,0,0,0,0,0,0
481280,2,1,2000,0,0,0,0,0,0,0,0,0,0
481281,1,1,2000,0,0,0,0,3,0,0,0,0,0
481281,2,1,2000,0,0,0,0,0,0,0,0,0,0
481282,0,1,2000,0,0,0,0,0,0,10,0,0,0
481282,1,1,2000,0,0,0,0,0,0,0,0,0,0
481283,1,1,2000,0,0,0,0,0,0,0,0,0,0
481284,1,1,2000,0,0,0,0,0,0,2,0,0,0
481284,2,1,2000,0,0,0,0,0,0,0,0,0,0