ST_CASE,VEH_NO,PER_NO,YEAR,P1,P2,P3,P4,P5,P6,P7,P8,P9,P10
481837,0,1,2000,8,8,8,8,8,8,8,8,8,8
481837,1,1,2000,0,0,0,0,0,0,0,0,0,0
481838,1,1,2000,30,30,30,30,30,30,30,30,30,30
481839,1,1,2000,20,0,0,0,7,0,0,15,0,7
481839,2,1,2000,0,7,19,24,12,17,43,16,11,14
481840,1,1,2000,0,0,0,0,0,0,0,0,0,0
481840,2,1,2000,0,0,0,0,0,0,0,0,0,0
481841,1,1,2000,0,0,0,0,0,0,0,0,0,0
481842,0,1,2000,29,29,29,29,29,29,29,29,29,29
481842,1,1,2000,0,0,0,0,0,0,20,16,17,0
481843,1,1,2000,0,0,0,0,0,0,0,0,0,0
481844,0,1,2000,0,0,0,0,0,0,0,0,0,0
481844,1,1,2000,0,0,0,0,0,0,0,9,0,0
481845,1,1,2000,8,8,8,8,8,8,8,8,8,8
481846,1,1,2000,0,19,0,0,0,0,0,0,0,0
481847,1,1,2000,0,0,0,0,0,0,0,0,8,1
481847,2,1,2000,0,0,0,0,0,0,0,0,0,0
481848,1,1,2000,0,0,20,0,0,0,0,0,0,0
481849,1,1,2000,0,0,0,0,0,0,0,0,0,0
481849,2,1,2000,0,0,0,0,0,0,0,0,0,0
481850,1,1,2000,19,0,0,0,0,0,0,0,0,0
481850,2,1,2000,0,0,0,0,0,0,0,0,0,0
481851,0,1,2000,37,37,37,37,37,37,37,37,37,37
481851,1,1,2000,0,0,0,0,11,0,0,0,0,0
481852,1,1,2000,0,0,0,0,0,0,0,0,0,0
481852,2,1,2000,17,17,0,10,0,7,0,0,0,15
481853,0,1,2000,32,32,32,32,32,32,32,32,32,32
481853,1,1,2000,0,0,0,5,20,12,18,15,0,0
481854,1,1,2000,0,0,0,0,0,18,0,0,7,0
481854,2,1,2000,0,3,0,0,0,0,0,9,6,0
481855,1,1,2000,0,0,0,0,0,0,0,0,0,0
481856,1,1,2000,15,15,15,15,15,15,15,15,15,15
481857,1,1,2000,0,0,0,0,0,0,0,0,0,0
481857,2,1,2000,0,0,0,0,0,0,0,0,0,0
481858,1,1,2000,2,2,2,2,2,2,2,2,2,2
481859,1,1,2000,0,0,0,0,0,0,0,0,0,0
481859,2,1,2000,23,19,19,9,8,13,7,16,32,14
481860,1,1,2000,94,94,94,94,94,94,94,94,94,94
481861,1,1,2000,16,0,14,29,8,4,23,27,0,0
481862,1,1,2000,0,0,0,0,0,0,0,0,0,0
481862,2,1,2000,0,0,0,0,0,0,0,0,0,0
481862,3,1,2000,0,0,0,0,0,0,0,0,0,0
481863,1,1,2000,0,0,0,0,0,18,0,0,8,17
481864,1,1,2000,0,0,0,0,0,14,0,0,0,11
481864,2,1,2000,0,0,0,0,0,0,0,0,0,0
481865,1,1,2000,0,0,0,0,0,0,0,0,0,0
481865,2,1,2000,0,0,0,0,0,0,0,0,0,0
481866,0,1,2000,0,0,0,0,0,0,0,0,0,0
481866,1,1,2000,0,0,0,0,0,0,0,0,0,0
481867,1,1,2000,0,14,0,0,0,0,0,0,16,0
481868,1,1,2000,19,19,19,19,19,19,19,19,19,19
481869,1,1,2000,15,0,0,0,0,0,0,0,0,8
481869,2,1,2000,0,0,0,0,0,0,0,0,0,0
481870,1,1,2000,10,10,10,10,10,10,10,10,10,10
481871,1,1,2000,0,0,0,0,0,0,0,0,0,0
481871,2,1,2000,0,0,0,0,0,0,0,0,0,0
481872,1,1,2000,0,0,0,0,0,0,0,0,4,0
481872,2,1,2000,0,6,0,13,0,0,0,10,17,17
481873,1,1,2000,0,0,0,0,0,0,0,0,0,9
481874,1,1,2000,39,39,39,39,39,39,39,39,39,39
481874,2,1,2000,11,11,11,11,11,11,11,11,11,11
481875,1,1,2000,0,0,0,0,0,0,0,0,0,0
481876,1,1,2000,0,0,0,0,0,0,0,0,0,0
481876,2,1,2000,0,0,0,0,0,0,0,0,0,0
481877,1,1,2000,20,4,15,0,10,9,0,11,0,15
481877,2,1,2000,0,26,0,0,0,0,0,0,0,0
481878,1,1,2000,23,23,23,23,23,23,23,23,23,23
481878,2,1,2000,0,10,0,0,0,0,0,0,0,10
481879,1,1,2000,0,0,0,0,0,0,0,0,0,0
481880,1,1,2000,14,23,16,17,6,16,7,15,13,12
481881,1,1,2000,7,7,7,7,7,7,7,7,7,7
481882,1,1,2000,4,11,4,9,13,6,27,26,18,13
481883,1,1,2000,0,27,19,26,0,16,0,0,18,22
481883,2,1,2000,0,0,0,0,0,0,0,0,0,0
481884,1,1,2000,0,0,0,0,0,0,0,0,0,0
481885,0,1,2000,31,10,19,0,0,0,30,0,0,0
481885,1,1,2000,0,0,0,0,0,0,6,0,0,0
481886,0,1,2000,19,25,49,3,7,18,25,6,6,15
481886,0,2,2000,7,22,0,6,17,0,15,21,0,11
481886,1,1,2000,16,0,0,19,0,0,8,21,5,13
481887,1,1,2000,0,0,0,0,0,0,0,0,0,0
481888,1,1,2000,0,0,0,0,0,0,0,0,0,6
481888,2,1,2000,0,0,0,0,0,0,0,0,0,0
481889,1,1,2000,14,16,12,17,7,17,14,21,0,20
481890,1,1,2000,0,0,0,10,0,0,0,3,0,0
481890,2,1,2000,0,11,0,0,0,0,15,0,0,0
481891,1,1,2000,0,17,10,0,0,0,29,0,0,0
481892,1,1,2000,10,10,10,10,10,10,10,10,10,10
481893,1,1,2000,17,17,17,17,17,17,17,17,17,17
481894,0,1,2000,22,16,22,31,24,23,2,16,10,19
481894,1,1,2000,13,13,13,13,13,13,13,13,13,13
481894,2,1,2000,18,0,15,0,0,0,17,0,0,0
481895,1,1,2000,0,0,0,0,0,0,0,0,0,0
481895,2,1,2000,0,0,7,0,0,0,0,16,0,0
481895,3,1,2000,0,0,0,0,12,0,17,0,0,0
481895,4,1,2000,0,0,0,0,0,0,0,0,10,0
481896,1,1,2000,15,16,31,9,9,26,3,14,13,23
481897,1,1,2000,8,8,8,8,8,8,8,8,8,8
481898,1,1,2000,21,22,9,18,18,11,17,16,28,42
481899,1,1,2000,48,0,0,0,0,0,7,0,9,7
481899,2,1,2000,15,20,0,0,20,0,0,0,18,3
481900,1,1,2000,21,21,21,21,21,21,21,21,21,21
481901,1,1,2000,0,0,0,0,0,0,0,0,0,0
481901,2,1,2000,0,0,0,6,15,0,0,0,0,0
481902,1,1,2000,12,12,12,12,12,12,12,12,12,12
481902,2,1,2000,0,0,0,0,0,0,0,0,0,0
481903,1,1,2000,21,21,21,21,21,21,21,21,21,21
481904,1,1,2000,9,9,9,9,9,9,9,9,9,9
481905,1,1,2000,0,0,0,12,0,0,0,0,0,0
481905,2,1,2000,0,6,0,0,0,0,0,0,0,0
481906,1,1,2000,0,0,0,0,0,0,0,0,0,0
481906,2,1,2000,0,0,0,0,0,0,0,0,0,0
481907,1,1,2000,0,0,0,0,0,0,0,0,0,0
481908,1,1,2000,18,15,14,6,13,12,12,6,18,13
481908,2,1,2000,0,0,0,0,0,0,0,0,0,0
481909,1,1,2000,7,10,21,8,6,16,14,7,25,8
481909,2,1,2000,2,9,9,0,12,12,12,31,5,11
481910,1,1,2000,0,0,0,0,0,8,7,0,0,0
481910,2,1,2000,0,0,0,0,0,0,0,0,0,0
481911,1,1,2000,16,16,16,16,16,16,16,16,16,16
481912,1,1,2000,0,0,18,0,0,0,0,0,0,0
481913,1,1,2000,0,0,0,0,0,0,0,0,0,0
481914,0,1,2000,0,0,0,12,0,0,0,0,0,0
481914,1,1,2000,12,13,4,7,30,31,0,44,20,12
481915,1,1,2000,0,0,0,0,0,12,0,0,0,0
481915,2,1,2000,0,0,0,0,0,0,0,0,0,0
481916,1,1,2000,0,2,0,0,9,0,0,0,0,0
481916,2,1,2000,0,0,0,0,0,0,0,0,0,0
481917,0,1,2000,0,0,0,17,0,0,0,0,27,12
481917,1,1,2000,0,0,0,0,0,0,0,0,0,0
481918,1,1,2000,0,0,0,3,0,0,0,0,2,0
481918,2,1,2000,0,0,0,0,0,12,0,0,0,9
481919,1,1,2000,0,0,0,0,0,0,0,0,0,19
481919,2,1,2000,0,9,0,0,0,0,0,0,0,0
481920,1,1,2000,6,0,9,0,28,0,9,0,0,17
481920,2,1,2000,0,28,0,28,0,0,16,0,0,15
481921,0,1,2000,0,0,0,0,0,0,0,0,0,0
481921,0,2,2000,0,0,5,0,0,0,0,0,0,0
481921,0,3,2000,0,0,0,0,0,0,11,0,0,0
481921,1,1,2000,6,26,0,11,11,0,0,8,16,13
481922,1,1,2000,5,5,5,5,5,5,5,5,5,5
481923,1,1,2000,0,0,0,0,0,0,0,0,0,0
481923,2,1,2000,0,0,0,0,0,0,0,0,0,0
481924,1,1,2000,28,28,28,28,28,28,28,28,28,28
481925,1,1,2000,0,0,0,0,0,0,0,0,0,12
481925,2,1,2000,20,0,0,26,0,19,23,0,0,28
481926,2,1,2000,13,15,9,10,0,15,21,8,0,13
481927,0,1,2000,27,8,19,16,24,34,38,18,30,25
481927,1,1,2000,10,10,10,10,10,10,10,10,10,10
481928,1,1,2000,14,0,11,8,11,4,19,14,22,28
481928,2,1,2000,0,0,20,0,0,24,13,0,7,0
481929,1,1,2000,25,25,25,25,25,25,25,25,25,25
481930,1,2,2000,15,0,25,9,24,8,21,29,16,14
481931,1,1,2000,0,0,0,0,0,0,0,0,0,0
481931,2,1,2000,0,0,0,0,9,8,0,0,0,13
481932,1,1,2000,0,0,0,0,14,0,0,0,13,0
481933,1,1,2000,0,0,0,0,0,0,13,0,0,0
481933,2,1,2000,18,0,14,0,32,0,0,0,18,15
481933,3,1,2000,0,0,0,0,0,0,0,0,0,0
481933,4,1,2000,0,0,0,0,0,0,0,0,0,0
481934,1,1,2000,34,24,35,14,47,15,17,0,15,27
481935,1,1,2000,0,0,0,0,7,0,0,0,0,0
481935,2,1,2000,0,0,0,0,0,0,0,0,0,0
481935,3,1,2000,0,0,0,0,0,0,0,0,0,0
481936,1,1,2000,22,0,16,7,0,27,5,12,9,33
481937,1,1,2000,16,16,12,26,0,16,24,21,16,29
481938,1,1,2000,0,0,0,0,0,0,0,0,12,0
481938,2,1,2000,0,0,0,7,10,0,0,0,0,0
481939,1,1,2000,0,29,0,0,0,0,0,0,0,5
481939,2,1,2000,0,0,10,9,0,2,0,14,0,0
481940,1,1,2000,18,18,18,18,18,18,18,18,18,18
481941,1,1,2000,11,0,0,0,0,0,16,40,0,0
481942,1,1,2000,0,7,0,0,0,0,0,0,0,0
481942,2,1,2000,0,0,18,0,0,0,0,0,0,0
481942,3,1,2000,0,0,0,0,0,0,0,0,0,0
481943,1,1,2000,17,17,17,17,17,17,17,17,17,17
481944,1,1,2000,14,14,14,14,14,14,14,14,14,14
481945,1,1,2000,0,0,0,0,0,0,0,0,0,0
481945,2,1,2000,0,0,0,0,0,0,0,0,0,0
481946,1,1,2000,6,0,16,0,0,6,0,21,0,0
481946,2,1,2000,0,0,10,0,0,0,0,0,0,0
481947,0,1,2000,36,36,36,36,36,36,36,36,36,36
481947,1,1,2000,0,0,0,0,0,0,0,0,0,0
481948,1,1,2000,0,0,29,0,0,12,13,0,0,7
481949,1,1,2000,12,0,33,29,16,15,18,19,0,20
481949,2,1,2000,0,0,0,0,0,0,0,0,0,0
481950,1,1,2000,0,0,0,0,0,10,0,0,0,0
481950,2,1,2000,0,0,0,0,0,0,0,0,0,0
481951,1,1,2000,12,4,19,18,22,9,23,17,0,12
481952,1,1,2000,8,7,0,0,0,0,11,0,0,0
481953,1,1,2000,3,7,31,22,25,29,29,33,14,30
481954,0,1,2000,11,24,0,23,27,0,16,0,22,10
481954,1,1,2000,0,0,0,0,5,0,0,0,0,24
481955,1,1,2000,16,0,0,0,0,0,0,0,20,0
481955,2,1,2000,0,0,0,0,0,0,0,0,0,0
481956,1,1,2000,0,6,0,0,12,0,6,0,8,0
481956,2,1,2000,0,0,0,0,21,0,0,0,0,0
481957,1,1,2000,0,13,0,4,0,0,27,0,0,19
481958,1,1,2000,15,16,27,17,14,0,25,16,26,20
481959,1,1,2000,21,0,13,13,0,12,0,10,0,27
481960,1,1,2000,0,0,8,0,8,0,0,0,0,4
481960,2,1,2000,28,28,28,28,28,28,28,28,28,28
481961,1,1,2000,0,0,23,0,0,5,0,0,0,0
481961,2,1,2000,0,0,0,0,0,0,0,0,12,0
481962,1,1,2000,0,5,27,16,14,0,0,0,20,22
481963,1,1,2000,21,12,0,0,6,0,15,0,9,0
481964,1,1,2000,13,0,0,0,0,0,0,0,13,0
481964,2,1,2000,24,24,24,24,24,24,24,24,24,24
481965,1,1,2000,0,0,0,0,0,12,0,0,0,0
481965,2,1,2000,5,0,0,0,0,0,0,0,0,0
481966,1,1,2000,0,0,20,0,0,0,0,0,0,0
481967,1,1,2000,0,0,0,0,0,0,0,0,0,0
481967,2,1,2000,0,0,0,0,0,0,0,0,0,0
481968,1,1,2000,18,18,18,18,18,18,18,18,18,18
481969,1,1,2000,21,21,21,21,21,21,21,21,21,21
481970,1,1,2000,0,0,0,0,0,14,0,8,0,0
481971,1,1,2000,0,0,11,23,6,0,0,0,4,0
481972,1,1,2000,22,22,22,22,22,22,22,22,22,22
481973,1,1,2000,0,0,0,0,0,0,0,0,0,0
481973,2,1,2000,0,0,0,0,0,0,0,0,0,0
481974,1,1,2000,0,0,0,0,0,0,0,0,0,0
481974,2,1,2000,0,0,0,0,0,0,0,0,0,0
481975,1,1,2000,0,0,0,0,0,0,0,0,0,0
481976,1,1,2000,28,0,0,0,0,0,18,13,0,11
481976,2,1,2000,32,32,32,32,32,32,32,32,32,32
481977,1,1,2000,22,16,16,23,7,0,15,15,34,13
481977,2,1,2000,0,0,0,0,0,0,0,0,0,3
481978,1,1,2000,0,0,0,0,0,0,16,0,0,0
481979,1,1,2000,0,0,6,0,0,12,0,0,14,0
481979,2,1,2000,0,0,0,0,0,0,0,0,0,0
481980,1,1,2000,0,0,0,0,0,0,0,0,0,0
481980,2,1,2000,0,0,0,0,0,0,0,0,0,0
481980,3,1,2000,0,0,0,0,0,0,0,0,0,0
481981,1,1,2000,0,0,0,15,0,0,0,0,0,0
481981,2,1,2000,0,0,0,0,0,0,0,0,0,0
481982,0,1,2000,0,0,0,0,0,0,0,0,0,12
481982,1,1,2000,12,19,6,12,22,28,12,16,21,14
481983,1,1,2000,19,19,19,19,19,19,19,19,19,19
481984,1,1,2000,20,6,10,0,12,8,17,0,0,15
481985,1,1,2000,0,0,0,0,0,0,0,0,0,0
481985,2,1,2000,15,21,0,23,0,0,6,0,19,0
481986,1,1,2000,0,0,0,0,0,0,0,0,0,0
481986,2,1,2000,0,0,0,0,0,0,0,0,0,0
481987,1,1,2000,0,0,0,0,0,0,0,0,0,0
481987,2,1,2000,0,0,0,0,0,0,0,0,0,0
481988,1,1,2000,0,14,15,5,0,20,5,18,22,21
481989,1,1,2000,20,20,20,20,20,20,20,20,20,20
481990,0,1,2000,23,30,28,15,11,23,0,26,25,23
481990,1,1,2000,0,0,0,13,0,0,8,6,6,0
481991,1,1,2000,21,13,19,23,10,28,22,25,26,13
481992,1,1,2000,5,11,6,12,23,13,26,19,6,17
481993,1,1,2000,0,0,0,0,0,0,0,0,0,0
481994,0,1,2000,0,0,0,19,10,11,0,0,18,0
481994,1,1,2000,0,16,0,0,0,0,0,0,0,0
481995,1,1,2000,0,0,0,0,0,0,0,0,0,0
481996,0,1,2000,25,29,0,16,0,0,0,0,17,0
481996,1,1,2000,0,0,0,0,0,0,0,0,0,0
481997,1,1,2000,0,0,0,0,0,24,0,0,0,0
481998,1,1,2000,0,0,6,0,0,0,0,0,0,11
481998,2,1,2000,0,0,5,0,0,0,0,5,11,0
481999,1,1,2000,0,0,0,0,0,0,0,0,11,0
482000,1,1,2000,14,14,14,14,14,14,14,14,14,14
482000,2,1,2000,0,0,0,0,0,0,0,0,0,0
482000,3,1,2000,0,0,0,0,0,0,0,0,0,0
482001,1,1,2000,0,0,0,0,0,0,0,0,0,0
482001,2,1,2000,0,0,0,0,0,0,0,0,10,0
482002,1,1,2000,0,0,0,0,0,0,0,0,0,0
482003,1,1,2000,0,0,0,0,0,0,0,0,0,0
482003,2,1,2000,0,0,0,0,0,0,0,0,0,0
482004,1,1,2000,0,0,11,0,0,0,0,0,0,0
482004,2,1,2000,0,0,12,0,0,0,0,0,0,0
482005,1,1,2000,0,0,0,0,0,0,0,0,0,0
482005,2,1,2000,0,13,0,0,0,0,0,6,0,4
482005,3,1,2000,0,0,0,0,0,0,0,0,0,0
482006,1,1,2000,24,24,24,24,24,24,24,24,24,24
482007,0,1,2000,1,1,1,1,1,1,1,1,1,1
482007,1,1,2000,6,0,0,0,0,0,0,0,18,0
482008,1,1,2000,0,0,0,0,0,0,0,0,0,0
482008,2,1,2000,0,0,0,0,0,0,0,0,0,11
482009,0,1,2000,8,14,14,0,25,21,0,0,25,0
482009,1,1,2000,0,0,0,29,24,0,0,0,0,4
482010,1,1,2000,0,0,0,0,0,0,0,0,0,0
482010,2,1,2000,0,0,0,0,0,0,0,0,0,0
482011,1,1,2000,0,0,0,0,0,0,0,0,0,0
482011,2,1,2000,0,10,0,0,0,0,0,0,0,0
482012,0,1,2000,0,0,0,0,0,0,0,0,0,0
482013,1,1,2000,0,0,3,0,0,0,0,0,0,0
482013,2,1,2000,0,18,0,0,0,0,0,0,0,6
482014,1,1,2000,0,0,0,0,0,23,0,0,0,0
482014,2,1,2000,12,0,8,0,0,0,0,4,13,0
482015,1,1,2000,25,25,25,25,25,25,25,25,25,25
482016,1,1,2000,28,28,28,28,28,28,28,28,28,28
482016,2,1,2000,3,3,3,3,3,3,3,3,3,3
482017,1,1,2000,0,5,17,18,36,14,0,19,21,12
482018,1,1,2000,0,0,0,0,0,0,0,0,0,0
482018,2,1,2000,0,0,0,0,0,0,0,0,0,0
482019,1,1,2000,21,21,21,21,21,21,21,21,21,21
482019,2,1,2000,0,0,0,0,7,0,0,0,0,0
482020,1,1,2000,0,0,0,0,0,0,0,0,0,0
482021,1,1,2000,31,20,23,18,13,0,33,13,0,23
482022,1,1,2000,0,0,0,0,0,0,0,0,0,0
482022,2,1,2000,5,0,0,0,0,0,0,0,0,0
482022,3,1,2000,0,0,0,0,0,0,0,0,0,0
482023,1,1,2000,0,6,13,0,0,0,21,0,0,15
482024,1,1,2000,0,18,0,0,7,0,0,14,28,14
482025,1,1,2000,9,0,0,0,3,0,0,0,14,0
482026,1,1,2000,5,0,0,0,0,5,10,11,0,0
482026,2,1,2000,0,6,0,0,0,0,0,27,14,0
482026,3,1,2000,9,0,0,12,10,0,18,11,9,0
482027,1,1,2000,0,0,0,0,0,0,13,0,0,0
482027,2,1,2000,0,0,0,0,0,0,0,0,0,0
482028,1,1,2000,0,0,0,14,0,0,0,0,0,0
482028,2,1,2000,0,0,0,0,0,0,0,0,0,0
482029,1,1,2000,0,0,0,0,0,0,0,0,0,0
482029,2,1,2000,0,0,0,0,0,0,0,0,0,0
482030,1,1,2000,0,14,33,0,30,25,0,11,6,30
482031,1,1,2000,16,16,16,16,16,16,16,16,16,16
482032,1,1,2000,33,33,33,33,33,33,33,33,33,33
482033,1,1,2000,17,9,16,0,5,14,33,18,18,19
482034,1,1,2000,12,12,12,12,12,12,12,12,12,12
482034,2,1,2000,0,0,0,0,0,0,0,0,0,0
482035,1,1,2000,28,28,28,28,28,28,28,28,28,28
482036,1,1,2000,38,38,38,38,38,38,38,38,38,38
482036,2,1,2000,0,0,0,0,0,0,0,0,11,0
482037,1,1,2000,17,17,17,17,17,17,17,17,17,17
482037,2,1,2000,17,29,0,17,25,17,0,0,16,0
482038,1,1,2000,13,13,13,13,13,13,13,13,13,13
482039,1,1,2000,2,0,0,16,16,31,5,8,17,0
482040,1,1,2000,16,25,8,29,18,15,7,0,2,23
482041,1,1,2000,0,14,20,13,8,5,13,17,7,0
482042,1,1,2000,0,0,0,0,0,0,0,0,0,0
482042,2,1,2000,0,0,0,0,0,0,0,0,0,0
482043,1,1,2000,19,11,26,12,31,19,9,29,19,20
482044,1,1,2000,22,22,22,22,22,22,22,22,22,22
482044,2,1,2000,0,0,0,0,0,0,8,0,0,0
482045,1,1,2000,0,0,13,0,6,5,0,0,0,5
482046,1,1,2000,0,0,0,0,0,0,9,0,7,16
482047,1,1,2000,23,23,23,23,23,23,23,23,23,23
482048,1,1,2000,30,30,30,30,30,30,30,30,30,30
482048,2,1,2000,0,0,0,0,0,0,0,0,0,0
482049,1,1,2000,0,0,0,0,0,0,0,0,0,0
482050,1,1,2000,0,0,30,0,0,0,0,0,13,0
482051,1,1,2000,0,0,0,0,0,0,0,0,0,0
482051,2,1,2000,0,0,0,0,0,0,0,0,0,0
482052,1,1,2000,0,0,0,0,0,0,0,0,0,0
482053,1,1,2000,0,0,0,0,0,0,0,0,0,0
482053,2,1,2000,15,0,25,0,0,0,0,16,22,0
482054,0,1,2000,0,0,0,0,0,0,0,0,0,0
482054,1,1,2000,0,0,9,0,0,0,0,0,4,0
482055,1,1,2000,24,14,14,29,18,19,14,31,15,7
482056,1,1,2000,34,0,15,0,7,34,14,0,0,0
482057,1,1,2000,0,18,0,0,0,0,0,0,0,0
482057,2,1,2000,0,0,0,0,0,0,0,0,0,0
482058,1,1,2000,22,22,22,22,22,22,22,22,22,22
482059,1,1,2000,11,11,11,11,11,11,11,11,11,11
482060,1,1,2000,0,0,0,0,10,0,0,0,0,0
482060,2,1,2000,0,9,8,0,0,16,7,10,16,16
482061,1,1,2000,0,0,0,0,0,14,0,0,7,0
482062,1,1,2000,5,9,18,9,0,0,5,10,0,0
482063,1,1,2000,22,0,0,0,0,0,0,0,0,0
482063,2,1,2000,0,0,0,0,0,12,0,0,0,0
482064,1,1,2000,13,13,13,13,13,13,13,13,13,13
482065,1,1,2000,19,19,19,19,19,19,19,19,19,19
482066,1,1,2000,16,8,23,35,14,15,20,14,0,0
482067,1,1,2000,23,12,13,23,24,8,24,22,23,6
482068,1,1,2000,0,0,0,0,0,0,20,0,0,0
482068,2,1,2000,0,0,0,0,0,0,0,0,0,0
482069,1,1,2000,42,15,33,13,17,15,10,22,11,21
482070,0,1,2000,0,0,0,0,0,0,0,0,0,0
482070,1,1,2000,1,1,1,1,1,1,1,1,1,1
482071,0,1,2000,0,24,11,26,12,18,14,14,32,42
482071,1,1,2000,0,8,0,0,0,0,0,0,0,0
482072,1,1,2000,0,0,0,0,0,0,0,14,0,0
482072,2,1,2000,0,0,0,0,0,10,0,0,0,0
482073,1,1,2000,26,25,0,12,15,16,12,27,23,23
482074,1,1,2000,0,0,0,0,0,0,0,0,0,0
482074,2,1,2000,0,0,0,0,0,0,0,0,0,0
482075,1,1,2000,0,0,0,0,0,0,0,0,0,0
482075,2,1,2000,0,0,0,0,0,0,0,0,0,0
482076,1,1,2000,19,19,19,19,19,19,19,19,19,19
482077,1,1,2000,0,0,27,6,0,0,6,0,0,8
482078,1,1,2000,0,0,0,0,0,0,0,0,0,0
482078,2,1,2000,0,0,0,0,0,0,0,0,0,0
482078,3,1,2000,0,0,0,0,0,0,0,0,0,0
482079,1,1,2000,9,0,9,8,0,0,0,23,25,0
482080,1,1,2000,22,22,22,22,22,22,22,22,22,22
482080,2,1,2000,0,0,0,0,0,0,0,0,0,0
482081,1,1,2000,0,0,0,0,0,0,0,0,0,0
482081,2,1,2000,0,0,0,0,0,0,0,0,0,0
482082,1,1,2000,0,0,0,0,0,0,0,0,0,0
482082,2,1,2000,0,0,0,0,0,0,0,0,0,15
482083,1,1,2000,11,11,11,11,11,11,11,11,11,11
482084,1,1,2000,9,0,0,0,10,0,0,0,15,25
482085,1,1,2000,0,0,0,0,0,0,0,0,0,0
482086,1,1,2000,0,0,0,0,0,0,0,0,0,0
482086,2,1,2000,0,0,0,0,0,0,0,0,0,0
482087,1,1,2000,14,17,0,10,0,0,0,0,0,9
482088,1,1,2000,37,3,18,0,8,9,8,14,0,14
482089,1,1,2000,4,0,0,0,0,14,0,0,0,0
482089,2,1,2000,0,0,0,16,0,0,0,0,0,14
482090,1,1,2000,0,0,0,0,6,0,0,0,0,0
482091,1,1,2000,14,14,14,14,14,14,14,14,14,14
482091,2,1,2000,0,0,0,0,0,0,0,0,0,0
482092,0,1,2000,23,23,23,23,23,23,23,23,23,23
482092,1,1,2000,0,0,0,0,0,0,0,0,0,0
482093,1,1,2000,0,0,0,0,0,0,0,0,0,0
482093,2,1,2000,0,0,0,0,0,0,0,0,0,0
482094,1,1,2000,0,0,11,0,0,0,0,0,8,0
482095,1,1,2000,16,0,0,9,4,0,19,0,22,0
482095,2,1,2000,20,20,20,24,17,16,11,29,12,21
482096,1,1,2000,0,17,20,0,0,15,0,0,9,0
482096,2,1,2000,0,0,0,0,0,0,0,0,0,0
482096,3,1,2000,0,0,0,0,0,0,0,0,0,0
482097,0,1,2000,0,0,0,0,0,0,0,0,0,0
482097,1,1,2000,0,0,0,0,0,0,0,0,0,0
482098,1,1,2000,0,0,0,0,0,0,5,0,0,0
482098,2,1,2000,0,0,0,0,0,0,0,0,0,0
482099,1,1,2000,0,4,22,0,30,0,17,12,17,9
482099,2,1,2000,0,10,16,0,0,0,0,0,0,13
482100,0,1,2000,0,0,21,14,0,37,0,31,16,13
482100,0,2,2000,19,33,0,38,18,53,22,19,0,23
482100,1,1,2000,8,0,24,0,0,0,10,14,0,0
482100,2,1,2000,0,12,0,22,0,0,0,0,0,0
482101,1,1,2000,0,28,0,0,0,0,0,0,0,0
482101,2,1,2000,0,0,0,0,0,0,0,0,0,0
482101,3,1,2000,13,0,16,13,0,0,11,5,0,0
482102,0,1,2000,0,0,0,0,0,0,0,0,0,0
482102,1,1,2000,19,19,19,19,19,19,19,19,19,19
482103,1,1,2000,0,0,0,0,0,0,0,0,0,0
482103,2,1,2000,0,0,0,14,20,0,0,0,0,0
482104,1,1,2000,0,0,0,0,0,0,0,0,0,0
482104,2,1,2000,0,0,0,0,0,0,0,0,0,0
482105,1,1,2000,35,26,0,0,18,24,30,16,15,31
482106,1,1,2000,14,0,0,0,0,0,0,0,0,0
482106,2,1,2000,0,0,0,0,0,0,0,0,0,0
482107,1,1,2000,0,15,0,9,0,0,0,9,0,3
482107,2,1,2000,26,30,20,14,3,6,19,23,22,12
482108,1,1,2000,36,14,35,13,24,22,16,19,22,28
482109,1,1,2000,11,11,11,11,11,11,11,11,11,11
482110,1,1,2000,0,12,0,11,11,16,10,19,0,19
482110,2,1,2000,0,0,0,0,0,17,0,21,0,7
482111,1,1,2000,0,0,0,0,0,0,0,0,0,0
482111,2,1,2000,0,0,11,0,15,5,0,0,7,0
482112,1,1,2000,28,9,29,28,32,8,31,5,25,35
482113,1,1,2000,0,0,0,0,0,10,13,9,0,0
482114,1,1,2000,16,16,16,16,16,16,16,16,16,16
482115,1,1,2000,0,0,9,0,6,0,0,20,0,0
482116,1,1,2000,0,0,0,0,0,0,0,0,0,0
482116,2,1,2000,0,0,0,0,0,0,0,0,0,0
482117,0,1,2000,0,28,0,0,0,0,0,0,14,0
482117,1,1,2000,13,0,0,0,0,0,0,0,0,0
482117,2,1,2000,0,0,0,0,0,0,0,0,0,0