ST_CASE,VEH_NO,PER_NO,YEAR,P1,P2,P3,P4,P5,P6,P7,P8,P9,P10
530073,2,1,2000,0,0,0,0,0,0,0,0,0,0
530074,1,1,2000,4,4,4,4,4,4,4,4,4,4
530075,1,1,2000,0,0,0,0,0,0,0,0,0,0
530075,2,1,2000,0,0,0,0,0,0,0,0,0,0
530075,3,1,2000,0,0,0,0,0,0,0,0,0,0
530076,1,1,2000,0,0,0,0,0,0,0,0,0,0
530076,2,1,2000,0,0,15,0,0,0,0,0,0,0
530077,1,1,2000,0,0,0,0,0,0,0,0,0,0
530077,2,1,2000,0,0,0,0,0,0,0,0,0,0
530077,3,1,2000,0,0,0,0,0,0,0,0,0,0
530078,1,1,2000,0,0,0,0,0,0,0,0,0,0
530078,2,1,2000,0,0,0,0,0,0,0,0,0,0
530079,1,1,2000,31,31,31,31,31,31,31,31,31,31
530080,1,1,2000,0,0,0,0,0,0,0,0,0,0
530080,2,1,2000,0,0,0,0,0,0,0,0,0,0
530081,1,1,2000,0,0,0,0,0,0,0,0,0,0
530081,2,1,2000,0,0,0,0,0,0,0,0,0,0
530082,1,1,2000,11,11,11,11,11,11,11,11,11,11
530083,1,1,2000,3,3,3,3,3,3,3,3,3,3
530084,1,1,2000,20,20,20,20,20,20,20,20,20,20
530085,1,1,2000,0,0,0,0,0,0,0,0,0,0
530087,1,1,2000,31,31,31,31,31,31,31,31,31,31
530089,1,1,2000,0,0,0,0,0,0,0,0,0,0
530090,1,1,2000,0,0,0,0,0,0,0,0,0,0
530091,1,1,2000,0,0,0,0,0,0,0,0,0,0
530092,1,1,2000,17,17,17,17,17,17,17,17,17,17
530093,1,1,2000,17,17,17,17,17,17,17,17,17,17
530094,1,1,2000,3,3,3,3,3,3,3,3,3,3
530095,1,1,2000,0,0,0,0,0,0,0,0,0,0
530095,2,1,2000,0,0,0,0,0,0,0,0,0,0
530096,0,1,2000,18,18,18,18,18,18,18,18,18,18
530096,1,1,2000,0,0,11,0,0,18,0,0,0,15
530097,1,1,2000,15,15,15,15,15,15,15,15,15,15
530098,1,1,2000,26,26,26,26,26,26,26,26,26,26
530098,2,1,2000,0,0,0,0,0,0,0,0,0,0
530099,0,1,2000,0,0,0,0,0,0,0,0,0,0
530099,1,1,2000,12,20,32,11,11,22,24,14,17,26
530100,1,1,2000,13,0,0,0,27,0,0,0,0,18
530100,2,1,2000,0,0,12,0,0,0,0,0,0,0
530101,1,1,2000,0,0,0,0,0,0,0,0,0,0
530101,2,1,2000,0,0,0,0,0,15,0,0,0,0
530102,1,1,2000,0,0,0,0,0,0,0,0,0,0
530103,1,1,2000,0,0,0,0,0,0,0,0,0,0
530103,2,1,2000,0,0,0,0,0,0,0,0,0,0
530104,1,1,2000,0,0,0,0,0,0,0,0,0,0
530105,1,1,2000,0,0,0,0,0,0,0,0,0,0
530105,2,1,2000,0,0,0,0,0,0,0,0,0,0
530106,1,1,2000,0,0,0,0,0,0,0,0,0,0
530106,2,1,2000,0,0,0,0,0,0,0,0,0,0
530107,0,1,2000,3,3,3,3,3,3,3,3,3,3
530107,1,1,2000,25,19,0,0,14,10,19,16,7,13
530108,1,1,2000,17,6,0,25,7,15,14,14,0,8
530109,1,1,2000,0,0,0,0,0,0,0,0,0,0
530109,2,1,2000,0,0,0,0,0,0,0,0,0,0
530110,1,1,2000,9,9,9,9,9,9,9,9,9,9
530111,1,1,2000,0,0,0,0,0,0,0,0,0,0
530111,2,1,2000,0,0,0,0,0,0,0,0,0,0
530112,1,1,2000,12,12,12,12,12,12,12,12,12,12
530113,1,1,2000,23,23,23,23,23,23,23,23,23,23
530114,1,1,2000,28,28,28,28,28,28,28,28,28,28
530115,1,1,2000,0,5,0,0,0,12,0,0,0,0
530115,2,1,2000,0,0,0,0,0,0,0,0,0,0
530116,1,1,2000,19,19,19,19,19,19,19,19,19,19
530117,1,1,2000,0,0,0,0,0,0,0,0,0,0
530117,2,1,2000,0,0,0,0,0,0,0,0,0,0
530117,3,1,2000,0,0,0,0,0,0,0,0,0,0
530118,1,1,2000,0,0,0,0,0,0,0,0,0,0
530119,1,1,2000,0,0,0,0,0,0,0,0,0,0
530119,2,1,2000,0,0,0,0,0,0,0,0,0,0
530120,1,1,2000,0,0,0,0,0,0,0,0,0,0
530120,2,1,2000,0,0,0,0,0,7,0,0,0,0
530121,1,1,2000,0,0,0,0,0,0,0,0,0,0
530121,2,1,2000,0,0,0,0,0,0,0,0,0,0
530122,1,1,2000,0,0,0,0,0,0,0,0,0,0
530122,2,1,2000,0,0,0,0,0,0,0,0,0,0
530122,3,1,2000,0,0,0,0,0,0,0,0,0,0
530122,4,1,2000,0,0,0,0,0,0,0,0,0,0
530122,5,1,2000,0,0,0,0,0,0,0,0,0,0
530122,6,1,2000,0,0,0,0,0,0,0,0,0,0
530122,7,1,2000,0,0,0,0,0,0,0,0,0,0
530123,1,1,2000,0,0,0,0,0,0,0,0,0,0
530123,2,1,2000,0,0,0,0,0,11,0,0,0,0
530123,3,1,2000,0,0,0,0,0,0,0,0,0,0
530124,1,1,2000,0,0,0,0,0,0,0,0,0,0
530124,2,1,2000,0,8,0,0,0,0,0,0,0,0
530125,0,1,2000,0,0,0,0,0,0,0,0,0,0
530125,1,1,2000,0,11,0,0,0,0,0,0,0,0
530126,1,1,2000,14,14,14,14,14,14,14,14,14,14
530127,1,1,2000,0,0,0,0,0,0,0,0,0,0
530127,2,1,2000,0,0,0,0,0,0,0,0,0,0
530128,1,1,2000,10,10,10,10,10,10,10,10,10,10
530129,1,1,2000,0,0,0,0,0,0,0,0,0,0
530129,2,1,2000,0,0,0,0,0,0,0,0,0,0
530130,1,1,2000,16,16,16,16,16,16,16,16,16,16
530131,0,1,2000,22,22,22,22,22,22,22,22,22,22
530131,1,1,2000,0,0,0,0,0,0,0,0,0,0
530132,1,1,2000,0,0,0,0,0,0,0,0,0,0
530133,0,1,2000,0,0,0,0,0,0,0,0,0,0
530133,1,1,2000,0,9,0,0,0,0,0,0,0,0
530134,1,1,2000,0,21,0,0,0,0,0,0,0,0
530134,2,1,2000,0,0,0,0,0,0,0,0,0,0
530135,1,1,2000,0,0,0,0,0,0,0,0,0,0
530136,1,1,2000,19,19,19,19,19,19,19,19,19,19
530137,1,1,2000,0,0,0,0,0,0,0,0,0,0
530137,2,1,2000,0,0,0,0,0,0,11,0,0,0
530138,0,1,2000,2,2,2,2,2,2,2,2,2,2
530138,0,2,2000,8,0,18,40,0,0,0,0,6,4
530138,1,1,2000,17,0,0,0,0,0,0,0,0,0
530139,1,1,2000,0,0,0,0,0,0,0,0,0,19
530139,2,1,2000,20,20,20,20,20,20,20,20,20,20
530140,1,1,2000,7,7,7,7,7,7,7,7,7,7
530140,2,1,2000,0,0,0,0,0,0,0,0,0,0
530141,1,1,2000,0,0,0,0,0,0,0,0,0,0
530141,2,1,2000,0,0,0,0,0,0,0,0,0,0
530141,3,1,2000,0,0,0,0,0,0,0,0,0,0
530142,1,1,2000,0,0,0,0,0,0,0,0,0,0
530143,1,1,2000,0,0,0,0,0,0,0,0,0,0
530144,1,1,2000,9,9,9,9,9,9,9,9,9,9
530145,1,1,2000,12,12,12,12,12,12,12,12,12,12
530146,1,1,2000,0,0,0,0,0,0,0,0,0,0
530147,1,1,2000,11,11,11,11,11,11,11,11,11,11
530147,2,1,2000,5,5,5,5,5,5,5,5,5,5
530148,0,1,2000,0,0,0,0,0,0,0,0,0,0
530148,1,1,2000,0,0,0,0,0,0,0,0,0,0
530149,1,1,2000,7,7,7,7,7,7,7,7,7,7
530149,2,1,2000,17,17,17,17,17,17,17,17,17,17
530150,1,1,2000,0,0,0,0,0,0,0,0,0,0
530150,2,1,2000,0,0,0,0,0,0,0,0,0,0
530151,0,1,2000,22,22,22,22,22,22,22,22,22,22
530151,1,1,2000,0,0,0,0,0,0,0,0,0,0
530152,1,1,2000,15,15,15,15,15,15,15,15,15,15
530153,1,1,2000,20,20,20,20,20,20,20,20,20,20
530154,1,1,2000,0,0,0,0,0,0,0,0,0,0
530154,2,1,2000,0,0,0,0,0,0,0,0,0,0
530154,3,1,2000,0,0,0,0,0,0,0,0,0,0
530154,4,1,2000,0,0,0,0,0,0,0,0,0,0
530155,1,1,2000,22,22,22,22,22,22,22,22,22,22
530155,2,1,2000,0,0,0,0,0,0,14,13,0,0
530156,1,1,2000,0,0,0,0,0,0,0,0,0,0
530156,2,1,2000,0,0,0,0,0,0,0,0,0,0
530157,1,1,2000,0,0,0,0,0,0,0,0,0,0
530158,1,1,2000,22,22,22,22,22,22,22,22,22,22
530159,1,1,2000,0,8,0,0,0,7,0,0,0,0
530159,2,1,2000,0,0,0,0,0,0,0,0,0,0
530160,1,1,2000,0,0,0,0,0,0,0,0,0,0
530161,1,1,2000,14,14,14,14,14,14,14,14,14,14
530162,1,1,2000,0,0,0,0,13,0,0,6,0,0
530163,1,1,2000,22,22,22,22,22,22,22,22,22,22
530164,0,1,2000,23,23,23,23,23,23,23,23,23,23
530164,1,1,2000,11,11,11,11,11,11,11,11,11,11
530164,2,1,2000,0,0,0,0,0,0,0,0,0,0
530165,1,1,2000,27,27,27,27,27,27,27,27,27,27
530165,2,1,2000,0,0,0,6,0,0,0,0,3,13
530166,1,1,2000,0,0,0,0,0,0,0,0,0,0
530167,1,1,2000,11,11,11,11,11,11,11,11,11,11
530167,2,1,2000,0,0,0,0,0,0,0,0,0,0
530168,1,1,2000,0,0,0,0,0,0,0,0,0,0
530168,2,1,2000,0,0,0,0,0,0,0,0,0,0
530169,1,1,2000,4,4,4,4,4,4,4,4,4,4
530169,2,1,2000,0,0,0,0,0,29,0,17,10,0
530170,1,1,2000,0,0,0,0,0,0,0,0,0,0
530171,1,1,2000,20,20,20,20,20,20,20,20,20,20
530171,2,1,2000,0,0,0,0,0,0,0,0,0,0
530172,1,1,2000,0,0,0,0,0,0,0,0,0,0
530173,1,1,2000,0,0,0,0,0,0,0,0,0,0
530173,2,1,2000,0,0,0,0,0,0,0,0,0,0
530174,1,1,2000,15,15,15,15,15,15,15,15,15,15
530175,1,1,2000,6,6,6,6,6,6,6,6,6,6
530176,1,1,2000,0,22,8,11,14,29,11,14,9,16
530177,1,1,2000,0,0,0,0,0,0,0,0,0,0
530177,2,1,2000,0,17,0,0,0,0,0,0,0,0
530178,1,1,2000,16,16,16,16,16,16,16,16,16,16
530180,1,1,2000,7,21,25,21,0,24,9,0,0,0
530181,0,1,2000,0,0,0,22,0,0,10,0,10,0
530181,1,1,2000,0,0,0,0,0,0,0,0,0,0
530182,1,1,2000,21,21,21,21,21,21,21,21,21,21
530182,2,1,2000,0,0,0,0,0,0,0,0,0,0
530182,3,1,2000,0,0,0,0,0,0,0,0,0,0
530183,1,1,2000,0,0,0,0,0,0,0,0,0,0
530183,2,1,2000,0,0,0,0,8,0,0,0,0,0
530184,1,1,2000,0,0,0,0,0,0,0,0,0,0
530185,1,1,2000,0,0,0,0,0,0,0,0,0,0
530186,1,1,2000,0,0,0,0,0,0,0,0,0,0
530186,2,1,2000,0,0,0,0,0,0,0,0,0,0
530186,3,1,2000,0,0,0,0,0,0,0,0,0,0
530186,4,1,2000,0,0,0,0,0,0,0,0,0,0
530186,5,1,2000,0,0,0,0,0,0,0,0,0,0
530186,6,1,2000,0,0,0,0,0,0,0,0,0,0
530187,1,1,2000,14,14,14,14,14,14,14,14,14,14
530187,2,1,2000,0,0,0,0,0,0,0,0,0,0
530188,1,1,2000,13,13,13,13,13,13,13,13,13,13
530189,1,1,2000,14,14,14,14,14,14,14,14,14,14
530190,1,1,2000,13,13,13,13,13,13,13,13,13,13
530191,1,1,2000,0,0,0,0,0,0,0,0,0,0
530191,2,1,2000,0,0,0,0,0,0,0,0,0,0
530192,1,1,2000,0,0,0,0,0,0,0,0,0,0
530192,2,1,2000,0,0,0,0,0,0,0,0,0,0
530193,1,1,2000,0,0,0,0,0,0,0,0,0,0
530193,2,1,2000,0,0,0,0,0,0,0,0,0,0
530194,1,1,2000,0,0,0,0,21,0,0,0,0,0
530194,2,1,2000,0,25,0,25,0,0,0,0,0,0
530195,1,1,2000,0,0,0,0,0,0,0,0,8,0
530195,2,1,2000,0,0,0,0,0,0,0,0,0,0
530196,1,1,2000,12,12,12,12,12,12,12,12,12,12
530197,1,1,2000,0,0,0,0,0,0,0,0,0,0
530197,2,1,2000,0,0,0,0,0,0,0,0,0,4
530198,1,1,2000,0,0,0,0,0,0,0,0,0,0
530198,2,1,2000,0,0,0,0,0,0,0,0,0,0
530199,1,1,2000,2,2,2,2,2,2,2,2,2,2
530200,1,1,2000,4,4,4,4,4,4,4,4,4,4
530201,0,1,2000,24,24,24,24,24,24,24,24,24,24
530201,1,1,2000,5,5,5,5,5,5,5,5,5,5
530202,0,1,2000,0,0,0,0,0,0,0,0,0,0
530202,1,1,2000,0,0,0,0,0,0,0,0,0,0
530203,1,1,2000,25,25,25,25,25,25,25,25,25,25
530203,2,1,2000,0,0,0,0,0,0,0,0,0,0
530204,1,1,2000,0,0,0,0,0,0,0,0,0,0
530204,2,1,2000,0,0,0,0,0,16,0,0,0,0
530205,0,1,2000,0,0,0,0,0,0,0,0,0,0
530205,1,1,2000,0,0,0,0,0,0,0,0,0,0
530206,1,1,2000,0,0,0,0,0,0,0,0,0,0
530207,1,1,2000,0,0,0,0,0,0,0,0,0,0
530207,2,1,2000,0,0,0,0,0,0,0,0,0,0
530208,1,1,2000,0,0,0,0,0,0,0,0,0,0
530209,1,1,2000,20,20,20,20,20,20,20,20,20,20
530210,1,1,2000,24,24,24,24,24,24,24,24,24,24
530210,2,1,2000,0,0,0,0,0,0,0,0,0,2
530211,1,1,2000,0,0,0,0,0,0,0,0,0,0
530211,2,1,2000,0,0,0,0,0,0,0,0,0,0
530212,1,1,2000,5,5,5,5,5,5,5,5,5,5
530213,1,1,2000,0,0,0,0,0,0,0,0,0,11
530213,2,1,2000,0,0,0,0,0,0,0,0,0,0
530214,1,1,2000,6,6,6,6,6,6,6,6,6,6
530214,2,1,2000,0,0,0,0,0,0,0,0,0,0
530214,3,1,2000,0,0,0,0,0,0,0,0,0,0
530214,4,1,2000,0,0,0,0,0,0,0,0,0,0
530215,1,1,2000,24,24,24,24,24,24,24,24,24,24
530216,1,1,2000,6,6,6,6,6,6,6,6,6,6
530218,1,1,2000,2,2,2,2,2,2,2,2,2,2
530219,1,1,2000,0,0,0,0,0,0,0,0,0,0
530220,1,1,2000,0,0,0,0,0,0,0,0,0,0
530220,2,1,2000,0,0,0,0,0,0,0,0,0,0
530221,1,1,2000,0,0,0,0,0,0,0,0,0,0
530222,1,1,2000,13,13,13,13,13,13,13,13,13,13
530223,1,1,2000,0,0,0,17,0,0,0,0,0,0
530223,2,1,2000,0,0,0,0,0,0,0,0,0,0
530224,0,1,2000,0,0,0,0,0,0,0,0,0,0
530224,1,1,2000,0,0,16,11,24,0,0,0,7,0
530225,1,1,2000,0,0,0,0,0,11,0,0,0,0
530225,2,1,2000,0,0,0,0,0,0,0,0,0,0
530226,1,1,2000,0,0,0,0,0,0,0,0,0,0
530226,2,1,2000,0,0,0,0,0,0,0,0,0,0
530227,1,1,2000,0,0,0,0,0,0,0,0,0,0
530228,1,1,2000,19,19,19,19,19,19,19,19,19,19
530229,1,1,2000,0,0,0,0,0,0,0,0,0,0
530229,2,1,2000,0,0,0,0,0,0,0,0,0,0
530230,1,1,2000,17,0,4,0,0,0,0,0,0,17
530231,1,1,2000,0,0,0,27,0,0,18,0,0,0
530231,2,1,2000,0,11,33,0,0,0,0,0,0,0
530232,1,1,2000,0,0,0,17,11,0,0,0,0,0
530233,1,1,2000,0,0,0,0,0,0,0,0,0,0
530233,2,1,2000,0,0,0,0,0,0,0,0,0,0
530234,1,1,2000,0,0,0,0,0,20,0,0,0,0
530234,2,1,2000,0,0,0,0,0,0,0,0,0,0
530235,1,1,2000,0,0,0,0,0,0,0,0,0,0
530236,1,1,2000,15,15,15,15,15,15,15,15,15,15
530237,1,1,2000,23,23,23,23,23,23,23,23,23,23
530238,1,1,2000,20,20,20,20,20,20,20,20,20,20
530238,2,1,2000,0,0,0,0,0,0,0,0,0,0
530238,3,1,2000,0,0,0,0,0,0,0,0,0,0
530239,1,1,2000,0,0,0,26,0,0,0,0,0,0
530239,2,1,2000,0,0,0,0,0,0,0,0,0,0
530240,1,1,2000,5,5,5,5,5,5,5,5,5,5
530241,1,1,2000,0,0,0,0,0,0,0,0,0,0
530242,0,1,2000,0,0,0,0,0,0,0,0,0,0
530242,1,1,2000,9,14,6,0,0,0,0,0,0,6
530243,1,1,2000,0,0,0,0,0,0,0,0,0,0
530244,1,1,2000,0,0,0,0,0,0,0,0,0,0
530244,2,1,2000,0,0,0,0,0,0,0,0,0,0
530245,1,1,2000,18,18,18,18,18,18,18,18,18,18
530246,1,1,2000,2,17,29,4,9,17,5,9,11,7
530247,1,1,2000,30,30,30,30,30,30,30,30,30,30
530247,2,1,2000,0,0,0,0,0,0,0,0,0,0
530248,1,1,2000,0,0,0,0,0,0,0,0,0,0
530248,2,1,2000,0,0,0,0,0,0,0,0,0,0
530249,1,1,2000,0,0,0,0,0,0,0,0,0,0
530249,2,1,2000,0,0,0,13,13,0,0,0,0,0
530250,1,1,2000,0,0,0,0,0,0,0,0,0,0
530251,0,1,2000,18,20,0,0,0,0,0,0,0,0
530251,1,1,2000,0,0,0,0,0,10,0,0,0,0
530252,1,1,2000,0,0,0,0,0,0,0,0,0,0
530252,2,1,2000,0,0,0,0,0,0,0,0,0,0
530253,1,1,2000,0,0,0,0,0,0,0,0,0,0
530253,2,1,2000,0,11,0,0,0,0,0,0,0,0
530254,0,1,2000,0,0,0,0,0,0,0,0,0,0
530254,1,1,2000,0,0,0,0,0,0,0,0,0,0
530255,1,1,2000,0,0,0,0,0,0,0,0,0,0
530255,2,1,2000,0,0,0,0,0,0,0,0,0,0
530256,1,1,2000,0,0,0,0,0,0,0,0,0,0
530256,2,1,2000,0,0,0,0,0,0,0,0,0,0
530256,3,1,2000,0,0,0,20,0,0,0,0,19,0
530257,1,1,2000,9,9,9,9,9,9,9,9,9,9
530258,1,1,2000,30,30,30,30,30,30,30,30,30,30
530259,1,1,2000,12,12,12,12,12,12,12,12,12,12
530260,1,1,2000,22,22,22,22,22,22,22,22,22,22
530260,2,1,2000,0,0,0,16,18,0,0,4,11,0
530261,1,1,2000,5,5,5,5,5,5,5,5,5,5
530261,2,1,2000,0,0,0,0,0,0,0,0,0,0
530262,1,1,2000,0,0,0,0,0,0,0,0,0,0
530262,2,1,2000,0,0,0,0,0,0,0,0,0,0
530263,1,1,2000,20,20,20,20,20,20,20,20,20,20
530264,1,1,2000,0,0,8,6,0,0,0,0,0,0
530264,2,1,2000,12,0,0,0,0,0,0,14,0,6
530265,0,1,2000,0,0,0,0,0,0,0,0,0,0
530265,1,1,2000,15,0,0,0,13,8,0,31,0,20
530266,0,1,2000,0,0,0,0,0,0,0,0,0,0
530266,1,1,2000,0,0,0,0,0,0,0,0,0,0
530267,1,1,2000,0,0,0,0,0,0,0,0,0,0
530268,1,1,2000,11,11,11,11,11,11,11,11,11,11
530269,0,1,2000,0,0,18,0,19,27,15,0,33,16
530269,0,2,2000,39,28,22,0,40,36,8,10,22,0
530269,0,3,2000,0,0,0,0,0,0,0,0,0,0
530269,1,1,2000,0,0,12,0,0,0,0,0,0,0
530269,2,1,2000,0,0,0,0,0,0,0,0,0,0
530270,1,1,2000,0,0,0,0,0,0,0,0,0,0
530270,2,1,2000,0,0,0,0,0,0,0,0,0,0
530271,1,1,2000,20,20,20,20,20,20,20,20,20,20
530272,1,1,2000,0,0,0,0,0,0,0,0,0,0
530272,2,1,2000,0,0,0,0,0,0,0,0,0,0
530273,0,1,2000,0,0,0,0,0,0,0,0,0,0
530273,1,1,2000,0,0,0,0,0,0,0,0,0,0
530274,1,1,2000,27,27,27,27,27,27,27,27,27,27
530274,2,1,2000,0,22,0,0,0,20,0,0,0,0
530275,1,1,2000,2,2,2,2,2,2,2,2,2,2
530276,1,1,2000,24,24,24,24,24,24,24,24,24,24
530277,1,1,2000,0,0,0,0,0,0,0,0,0,0
530277,2,1,2000,0,0,0,0,0,0,0,0,0,0
530278,1,1,2000,0,0,0,0,0,0,0,0,0,0
530278,2,1,2000,0,0,0,0,0,0,0,0,0,0
530279,0,1,2000,0,0,0,0,0,0,0,0,0,0
530279,1,1,2000,0,0,0,0,0,0,0,0,0,0
530280,1,1,2000,0,0,0,0,0,0,0,0,0,0
530281,1,1,2000,0,0,0,0,0,0,0,0,0,0
530281,2,1,2000,0,0,0,0,0,0,0,0,0,0
530282,1,1,2000,0,9,0,23,0,11,26,0,0,0
530283,0,1,2000,0,0,0,0,0,0,0,0,0,0
530283,1,1,2000,0,0,0,0,0,0,0,16,0,0
530283,2,1,2000,0,0,0,0,0,0,0,0,0,0
530284,1,1,2000,0,0,0,0,0,28,0,0,0,0
530284,2,1,2000,0,0,0,0,0,0,0,0,0,0
530285,0,1,2000,0,0,0,0,0,0,0,0,0,0
530285,0,2,2000,0,0,0,0,0,19,0,0,0,0
530285,1,1,2000,25,25,25,25,25,25,25,25,25,25
530286,1,1,2000,20,20,20,20,20,20,20,20,20,20
530287,1,1,2000,0,0,0,0,0,0,0,0,0,0
530287,2,1,2000,0,0,0,0,0,0,0,0,0,0
530287,3,1,2000,0,0,0,0,0,0,0,0,0,0
530287,4,1,2000,0,0,0,0,0,0,0,8,0,0
530287,5,1,2000,0,0,0,0,0,0,0,0,0,0
530287,6,1,2000,0,0,0,0,0,0,0,0,0,0
530288,1,1,2000,0,0,0,0,0,0,0,0,0,0
530288,2,1,2000,0,0,0,0,0,0,0,0,0,0
530289,1,1,2000,20,20,20,20,20,20,20,20,20,20
530289,2,1,2000,0,0,19,0,0,0,0,0,0,0
530290,1,1,2000,0,0,0,0,0,0,0,0,0,0
530290,2,1,2000,0,0,0,0,0,0,0,0,0,0
530291,1,1,2000,12,12,12,12,12,12,12,12,12,12
530291,2,1,2000,0,0,0,8,0,0,0,0,0,0
530292,1,1,2000,0,0,0,0,0,0,0,0,0,0
530293,0,1,2000,0,0,0,0,0,0,0,0,0,0
530293,1,1,2000,0,0,0,0,0,0,0,0,0,0
530294,0,1,2000,0,0,0,0,0,0,0,0,0,0
530294,1,1,2000,0,0,0,0,0,0,0,0,0,0
530295,1,1,2000,11,11,11,11,11,11,11,11,11,11
530295,2,1,2000,0,0,0,0,0,18,0,0,0,0
530295,3,1,2000,0,0,0,0,0,0,0,0,0,0
530296,1,1,2000,11,11,11,11,11,11,11,11,11,11
530297,1,1,2000,0,0,0,0,0,0,0,0,0,0
530298,1,1,2000,0,0,0,0,0,0,0,0,0,0
530298,2,1,2000,0,0,0,0,0,0,0,0,0,0
530299,1,1,2000,8,8,8,8,8,8,8,8,8,8
530300,1,1,2000,0,0,0,0,9,0,0,0,0,0
530300,2,1,2000,0,0,0,0,0,0,0,0,0,0
530301,0,1,2000,29,29,29,29,29,29,29,29,29,29
530301,1,1,2000,0,0,0,0,0,0,0,0,0,0
530302,1,1,2000,0,0,0,0,0,0,0,0,0,0
530303,0,1,2000,0,0,0,0,0,0,0,0,0,0
530303,1,1,2000,0,0,0,0,0,0,0,11,0,0
530304,1,1,2000,21,21,21,21,21,21,21,21,21,21
530305,1,1,2000,20,22,26,22,14,26,19,25,37,25
530306,1,1,2000,10,10,10,10,10,10,10,10,10,10
530307,1,1,2000,7,7,7,7,7,7,7,7,7,7
530308,1,1,2000,0,0,0,0,8,0,0,0,0,0
530309,0,1,2000,24,15,30,0,15,9,23,22,11,19
530309,1,1,2000,12,12,12,12,12,12,12,12,12,12
530310,0,1,2000,0,0,0,0,0,0,0,0,0,0
530310,1,1,2000,0,0,0,0,0,0,0,0,0,0
530311,1,1,2000,0,0,0,0,0,0,0,0,0,0
530311,2,1,2000,0,0,0,12,0,0,0,0,0,0
530311,3,1,2000,0,0,10,0,0,0,0,0,0,0
530311,4,1,2000,0,0,13,0,0,17,0,0,0,0
530312,1,1,2000,2,2,2,2,2,2,2,2,2,2
530312,2,1,2000,0,0,0,0,0,0,0,0,0,0
530313,1,1,2000,0,0,0,0,0,0,0,0,0,0
530313,2,1,2000,0,0,0,0,0,0,0,0,0,0
530314,1,1,2000,0,0,0,0,0,0,0,0,0,0
530314,2,1,2000,0,0,0,0,0,0,0,0,0,0
530315,1,1,2000,0,0,0,0,0,0,0,0,0,0
530316,1,1,2000,0,0,0,0,0,0,0,0,0,0
530317,1,1,2000,6,6,6,6,6,6,6,6,6,6
530318,1,1,2000,9,9,9,9,9,9,9,9,9,9
530319,1,1,2000,33,33,33,33,33,33,33,33,33,33
530320,1,1,2000,0,0,0,19,0,0,0,14,0,0
530321,1,1,2000,17,17,17,17,17,17,17,17,17,17
530322,1,1,2000,0,0,0,0,0,0,0,0,0,0
530323,1,1,2000,0,0,0,0,0,0,0,0,0,0
530323,2,1,2000,0,0,0,0,0,0,0,0,0,0
530324,1,1,2000,0,0,0,0,0,0,0,0,0,0
530324,2,1,2000,0,0,21,0,0,0,0,0,0,0
530324,3,1,2000,0,0,0,0,0,0,0,0,0,0
530324,4,1,2000,9,0,5,0,0,0,0,0,0,0
530325,1,1,2000,21,21,21,21,21,21,21,21,21,21
530325,2,1,2000,0,0,0,0,0,0,0,0,10,0
530326,1,1,2000,13,13,13,13,13,13,13,13,13,13
530326,2,1,2000,0,0,0,0,0,0,0,0,0,0
530327,1,1,2000,0,0,0,0,0,0,0,0,0,0
530327,2,1,2000,0,0,0,0,0,0,0,0,0,0
530328,1,1,2000,20,20,20,20,20,20,20,20,20,20
530329,1,1,2000,0,0,0,0,0,0,0,0,0,0
530330,1,1,2000,0,0,0,0,0,0,0,0,0,0
530330,2,1,2000,0,0,0,0,0,0,0,0,0,0
530330,3,1,2000,0,0,0,0,0,0,0,0,0,0
530331,1,1,2000,22,22,22,22,22,22,22,22,22,22
530332,1,1,2000,9,16,7,13,14,14,28,20,14,23
530333,1,1,2000,0,0,0,0,0,0,0,0,0,0
530334,1,1,2000,0,0,0,0,0,0,0,0,0,0
530335,1,1,2000,9,9,9,9,9,9,9,9,9,9
530335,2,1,2000,0,0,0,0,0,0,0,0,0,0
530336,1,1,2000,0,0,0,0,0,0,0,0,0,0
530336,2,1,2000,0,0,0,0,0,0,0,0,0,0
530337,1,1,2000,15,15,15,15,15,15,15,15,15,15
530338,1,1,2000,0,0,0,0,0,0,0,0,0,0
530339,1,1,2000,29,29,29,29,29,29,29,29,29,29
530340,0,1,2000,23,23,23,23,23,23,23,23,23,23
530340,1,1,2000,0,0,0,0,0,0,0,0,0,0
530341,1,1,2000,0,0,0,0,0,0,0,0,0,0
530341,2,1,2000,0,0,0,0,0,0,0,0,0,0
530342,0,1,2000,0,0,0,0,0,0,0,0,0,0
530342,1,1,2000,0,0,0,0,0,0,0,0,0,0
530343,1,1,2000,14,14,14,14,14,14,14,14,14,14
530343,2,1,2000,0,0,0,0,0,0,0,0,0,0
530344,0,1,2000,36,36,36,36,36,36,36,36,36,36
530344,1,1,2000,0,0,0,0,0,0,0,0,0,0
530345,1,1,2000,12,12,12,12,12,12,12,12,12,12
530345,2,1,2000,0,0,0,0,0,0,0,0,0,0
530346,1,1,2000,0,0,0,0,9,24,0,0,0,0
530347,1,1,2000,32,32,32,32,32,32,32,32,32,32
530347,2,1,2000,17,17,17,17,17,17,17,17,17,17
530348,1,1,2000,6,21,0,0,16,13,0,14,0,0
530348,2,1,2000,0,0,0,0,0,0,0,0,0,0