ST_CASE,VEH_NO,PER_NO,YEAR,P1,P2,P3,P4,P5,P6,P7,P8,P9,P10
530349,0,1,2000,0,0,0,0,0,0,0,0,0,0
530349,1,1,2000,0,0,0,0,0,0,0,0,0,0
530350,1,1,2000,18,18,18,18,18,18,18,18,18,18
530351,1,1,2000,20,20,20,20,20,20,20,20,20,20
530352,1,1,2000,0,0,0,0,0,0,0,0,0,0
530352,2,1,2000,0,0,0,0,0,0,0,0,0,0
530353,1,1,2000,0,0,0,0,0,0,0,0,0,0
530354,1,1,2000,25,25,25,25,25,25,25,25,25,25
530354,2,1,2000,0,0,0,0,0,0,10,0,0,0
530354,3,1,2000,0,0,13,22,0,0,6,0,0,0
530355,1,1,2000,16,0,0,0,0,0,0,0,0,0
530355,2,1,2000,0,0,0,0,0,0,0,0,0,0
530356,1,1,2000,8,8,8,8,8,8,8,8,8,8
530357,1,1,2000,26,26,26,26,26,26,26,26,26,26
530358,1,1,2000,7,7,7,7,7,7,7,7,7,7
530358,2,1,2000,0,0,0,0,0,0,0,0,0,0
530359,1,1,2000,23,23,23,23,23,23,23,23,23,23
530360,1,1,2000,12,12,12,12,12,12,12,12,12,12
530360,2,1,2000,8,8,8,8,8,8,8,8,8,8
530361,1,1,2000,11,11,11,11,11,11,11,11,11,11
530362,1,1,2000,22,16,17,0,0,17,11,16,18,0
530363,1,1,2000,15,15,15,15,15,15,15,15,15,15
530364,1,1,2000,26,26,26,26,26,26,26,26,26,26
530365,1,1,2000,28,28,28,28,28,28,28,28,28,28
530365,2,1,2000,4,18,0,0,0,0,0,0,0,0
530366,0,1,2000,0,0,0,0,0,0,0,0,0,0
530366,1,1,2000,0,0,0,0,0,0,0,0,0,0
530367,1,1,2000,3,3,3,3,3,3,3,3,3,3
530368,1,1,2000,0,0,0,0,0,0,0,0,0,0
530368,2,1,2000,0,0,0,0,0,0,0,0,0,0
530369,1,1,2000,0,0,0,0,0,0,0,0,0,0
530369,2,1,2000,1,1,1,1,1,1,1,1,1,1
530370,1,1,2000,23,23,23,23,23,23,23,23,23,23
530370,2,1,2000,0,0,0,0,0,0,3,0,0,0
530371,1,1,2000,0,0,0,0,0,0,0,0,0,0
530372,1,1,2000,0,0,0,0,0,0,0,0,0,0
530372,2,1,2000,0,0,0,0,0,0,0,0,0,0
530373,0,1,2000,0,0,0,0,0,0,0,0,0,0
530373,1,1,2000,0,0,0,0,0,0,0,0,0,0
530374,0,1,2000,0,0,0,0,0,0,0,0,0,0
530374,1,1,2000,9,9,9,9,9,9,9,9,9,9
530375,0,1,2000,0,0,0,0,0,0,0,0,0,0
530375,1,1,2000,0,0,0,0,0,0,0,0,0,0
530376,1,1,2000,0,11,0,0,0,0,0,0,0,0
530377,1,1,2000,26,26,26,26,26,26,26,26,26,26
530378,1,1,2000,0,0,0,0,0,0,0,0,0,0
530378,2,1,2000,0,0,0,0,0,0,0,0,0,0
530379,0,1,2000,0,0,0,0,0,0,0,0,0,0
530379,0,2,2000,11,0,16,25,5,5,0,0,0,0
530379,1,1,2000,0,0,0,11,0,0,0,0,0,0
530380,1,1,2000,17,17,17,17,17,17,17,17,17,17
530381,1,1,2000,13,13,13,13,13,13,13,13,13,13
530381,2,1,2000,0,0,0,0,0,0,0,0,0,0
530382,1,1,2000,16,16,16,16,16,16,16,16,16,16
530382,2,1,2000,0,0,0,0,0,0,0,16,0,0
530383,1,1,2000,6,6,6,6,6,6,6,6,6,6
530384,1,1,2000,27,27,27,27,27,27,27,27,27,27
530384,2,1,2000,2,2,2,2,2,2,2,2,2,2
530384,3,1,2000,0,0,0,0,0,0,0,11,0,0
530385,1,1,2000,10,10,10,10,10,10,10,10,10,10
530386,1,1,2000,29,29,29,29,29,29,29,29,29,29
530386,2,1,2000,0,0,0,0,0,0,0,0,0,0
530388,1,1,2000,28,28,28,28,28,28,28,28,28,28
530388,2,1,2000,0,0,0,0,0,0,0,9,0,17
530389,1,1,2000,0,0,0,0,0,0,0,0,0,22
530390,1,1,2000,26,26,26,26,26,26,26,26,26,26
530391,0,1,2000,0,0,0,0,0,0,0,0,0,0
530391,1,1,2000,0,0,0,0,0,0,0,0,0,0
530392,1,1,2000,0,0,0,0,0,0,0,0,0,0
530393,1,1,2000,0,0,0,0,0,0,0,0,0,0
530393,2,1,2000,0,0,0,0,0,0,0,0,0,0
530394,1,1,2000,19,19,19,19,19,19,19,19,19,19
530394,2,1,2000,0,0,0,0,0,0,0,0,0,0
530395,1,1,2000,0,0,0,0,0,0,0,0,0,0
530395,2,1,2000,0,0,0,0,0,0,0,0,0,0
530396,0,1,2000,0,0,0,0,0,0,0,0,0,0
530396,1,1,2000,0,0,0,0,0,0,0,0,0,0
530397,0,1,2000,28,28,28,28,28,28,28,28,28,28
530397,1,1,2000,0,12,0,0,15,0,0,0,0,0
530398,0,1,2000,15,15,15,15,15,15,15,15,15,15
530398,1,1,2000,22,22,22,22,22,22,22,22,22,22
530399,1,1,2000,0,0,0,0,0,0,0,0,0,0
530399,2,1,2000,0,0,0,0,0,0,0,19,0,0
530400,1,1,2000,0,0,0,0,0,0,0,0,0,0
530400,2,1,2000,0,0,0,0,0,0,0,0,0,0
530401,1,1,2000,0,0,0,0,0,0,0,0,0,0
530402,1,1,2000,0,0,0,0,0,0,0,0,0,0
530404,1,1,2000,23,23,23,23,23,23,23,23,23,23
530405,1,1,2000,0,0,0,0,0,0,0,0,0,0
530406,1,1,2000,0,0,0,0,0,0,0,0,0,0
530407,1,1,2000,0,0,0,0,0,0,0,0,0,0
530408,1,1,2000,2,2,2,2,2,2,2,2,2,2
530409,1,1,2000,7,7,7,7,7,7,7,7,7,7
530410,1,1,2000,22,22,22,22,22,22,22,22,22,22
530411,1,1,2000,20,20,20,20,20,20,20,20,20,20
530412,1,1,2000,20,20,20,20,20,20,20,20,20,20
530413,1,1,2000,0,0,0,0,0,0,0,0,0,0
530413,2,1,2000,0,0,0,0,0,0,2,0,0,0
530414,1,1,2000,0,0,0,0,0,0,0,0,0,0
530415,1,1,2000,22,22,22,22,22,22,22,22,22,22
530417,1,1,2000,27,27,27,27,27,27,27,27,27,27
530418,1,1,2000,13,13,13,13,13,13,13,13,13,13
530418,2,1,2000,0,0,0,0,28,0,23,0,0,0
530419,1,1,2000,24,24,24,24,24,24,24,24,24,24
530420,1,1,2000,0,0,0,0,0,0,0,0,0,0
530421,1,1,2000,0,0,13,0,0,0,12,0,0,0
530422,1,1,2000,24,24,24,24,24,24,24,24,24,24
530423,1,1,2000,10,10,10,10,10,10,10,10,10,10
530424,0,1,2000,0,0,0,0,0,0,0,0,0,0
530424,1,1,2000,0,0,0,0,0,0,0,0,0,0
530425,0,1,2000,20,20,20,20,20,20,20,20,20,20
530425,1,1,2000,0,0,0,0,0,0,0,0,0,0
530426,1,1,2000,27,27,27,27,27,27,27,27,27,27
530426,2,1,2000,0,12,22,7,30,0,12,22,0,0
530427,1,1,2000,28,28,28,28,28,28,28,28,28,28
530428,1,1,2000,0,0,0,0,0,0,0,0,0,0
530428,2,1,2000,0,0,0,0,0,0,0,0,0,0
530429,1,1,2000,0,0,0,0,0,0,0,0,0,0
530430,1,1,2000,0,0,0,0,0,0,0,0,0,0
530430,2,1,2000,0,0,0,0,0,0,0,0,0,0
530430,3,1,2000,0,0,0,0,0,0,0,0,0,0
530431,0,1,2000,0,0,0,0,0,0,0,0,0,0
530431,1,1,2000,0,0,0,0,0,0,0,0,0,0
530432,1,1,2000,35,0,0,0,0,0,0,0,0,0
530432,2,1,2000,0,0,0,0,0,0,0,0,0,0
530432,3,1,2000,0,0,0,0,16,0,0,0,0,0
530433,1,1,2000,0,0,0,0,0,0,0,0,0,0
530434,1,1,2000,31,31,31,31,31,31,31,31,31,31
530435,1,1,2000,0,0,0,0,0,0,0,0,0,0
530436,1,1,2000,0,0,0,0,0,0,0,0,0,0
530437,1,1,2000,0,0,0,0,0,0,0,0,0,0
530437,2,1,2000,0,0,0,0,9,5,0,0,0,0
530438,1,1,2000,0,0,0,0,0,0,0,0,0,0
530439,1,1,2000,7,7,7,7,7,7,7,7,7,7
530441,0,1,2000,0,0,0,0,0,0,0,0,0,0
530441,1,1,2000,0,0,0,0,0,0,0,0,0,0
530442,1,1,2000,26,26,26,26,26,26,26,26,26,26
530442,2,1,2000,0,0,0,0,0,0,0,0,0,0
530443,1,1,2000,0,0,0,0,0,0,0,0,0,0
530443,2,1,2000,0,0,0,0,0,0,0,0,0,0
530444,1,1,2000,19,19,19,19,19,19,19,19,19,19
530445,1,1,2000,0,0,0,0,0,0,0,0,0,0
530446,1,1,2000,0,0,0,0,0,0,0,0,0,0
530447,1,1,2000,0,0,0,0,0,0,0,19,0,0
530448,1,1,2000,0,0,0,0,0,0,0,0,0,0
530448,2,1,2000,0,0,0,0,0,0,0,0,0,0
530449,1,1,2000,38,38,38,38,38,38,38,38,38,38
530450,0,1,2000,0,0,0,0,0,0,0,0,0,0
530450,1,1,2000,0,18,19,0,0,8,9,0,0,0
530451,1,1,2000,0,0,0,0,0,0,0,0,0,0
530451,2,1,2000,0,0,0,0,0,0,0,0,0,0
530452,1,1,2000,0,0,0,0,0,0,0,0,0,0
530453,0,1,2000,0,25,29,17,14,26,26,0,16,51
530453,1,1,2000,0,0,0,0,0,0,0,0,0,0
530454,1,1,2000,0,0,0,0,0,0,0,0,0,0
530454,2,1,2000,0,0,0,0,0,0,0,0,0,0
530455,1,1,2000,0,0,0,0,0,0,0,0,0,0
530455,2,1,2000,0,0,0,0,0,0,0,0,0,0
530456,1,1,2000,23,23,23,23,23,23,23,23,23,23
530457,1,1,2000,20,20,20,20,20,20,20,20,20,20
530458,1,1,2000,14,14,14,14,14,14,14,14,14,14
530459,1,1,2000,11,6,0,20,0,9,0,7,0,0
530460,1,1,2000,16,16,16,16,16,16,16,16,16,16
530461,1,1,2000,4,4,4,4,4,4,4,4,4,4
530461,2,1,2000,0,0,0,0,0,0,0,0,0,0
530462,1,1,2000,0,0,0,0,0,0,0,0,0,0
530462,2,1,2000,0,0,0,0,0,0,0,0,0,25
530463,1,1,2000,0,0,0,0,0,0,0,0,0,0
530464,1,1,2000,0,0,0,0,0,0,0,0,0,0
530464,2,1,2000,0,0,0,0,0,0,0,0,0,0
530465,1,1,2000,31,31,31,31,31,31,31,31,31,31
530466,1,1,2000,0,0,0,0,0,0,0,0,0,0
530466,2,1,2000,0,0,0,0,0,0,0,0,0,0
530467,1,1,2000,0,0,0,0,2,11,0,15,0,0
530468,1,1,2000,0,0,0,0,0,0,0,0,0,0
530469,1,1,2000,21,21,21,21,21,21,21,21,21,21
530470,1,1,2000,0,0,0,0,0,0,0,0,0,0
530470,2,1,2000,0,0,0,0,0,12,0,0,0,0
530472,1,1,2000,0,0,0,0,0,0,0,0,0,0
530472,2,1,2000,0,0,0,0,0,0,0,0,0,0
530473,0,1,2000,0,0,0,0,0,0,0,0,0,0
530473,1,1,2000,0,0,0,0,0,0,0,0,0,0
530474,1,1,2000,0,0,0,0,0,0,0,0,0,0
530474,2,1,2000,0,0,0,0,0,0,0,0,0,0
530475,0,1,2000,0,0,0,0,0,0,0,0,0,0
530475,1,1,2000,0,0,0,0,0,0,0,0,6,0
530476,1,1,2000,0,0,0,0,0,0,0,0,0,0
530476,2,1,2000,0,0,0,0,0,0,0,0,0,0
530477,1,1,2000,16,16,16,16,16,16,16,16,16,16
530477,2,1,2000,0,0,0,0,0,0,0,0,0,0
530478,1,1,2000,14,14,14,14,14,14,14,14,14,14
530478,2,1,2000,0,0,0,0,0,0,0,0,0,0
530479,1,1,2000,5,5,5,5,5,5,5,5,5,5
530479,2,1,2000,0,0,0,0,0,0,0,0,0,0
530480,1,1,2000,0,0,0,0,0,0,0,0,0,19
530481,1,1,2000,0,0,0,0,0,0,0,0,0,0
530482,1,1,2000,0,13,0,26,0,6,30,6,0,0
530482,2,1,2000,0,0,0,0,0,0,0,0,0,0
530483,0,1,2000,0,14,0,0,12,13,32,15,21,32
530483,1,1,2000,0,0,0,0,0,0,0,0,0,0
530484,1,1,2000,0,0,0,0,0,0,0,0,0,0
530484,2,1,2000,8,0,0,0,0,0,0,0,0,0
530485,1,1,2000,0,0,0,0,0,0,0,0,0,0
530486,1,1,2000,0,0,0,0,0,0,0,0,0,0
530486,2,1,2000,0,0,0,0,0,0,0,0,0,0
530487,1,1,2000,0,0,0,0,0,0,0,0,0,0
530487,2,1,2000,0,0,0,0,0,0,0,0,0,0
530487,3,1,2000,0,0,0,0,0,0,0,0,0,0
530488,0,1,2000,34,34,34,34,34,34,34,34,34,34
530488,1,1,2000,0,0,0,0,0,0,0,0,0,0
530489,1,1,2000,18,18,18,18,18,18,18,18,18,18
530490,1,1,2000,0,0,0,0,0,0,0,0,0,0
530491,1,1,2000,21,21,21,21,21,21,21,21,21,21
530491,2,1,2000,0,0,0,0,0,0,0,0,0,0
530492,1,1,2000,15,15,15,15,15,15,15,15,15,15
530493,1,1,2000,0,0,0,0,0,0,0,0,0,0
530493,2,1,2000,0,0,0,0,0,33,0,0,0,0
530494,1,1,2000,0,0,0,0,0,0,0,0,0,0
530494,2,1,2000,0,0,0,0,0,0,0,0,0,0
530495,0,1,2000,0,0,0,0,0,0,0,0,0,0
530495,1,1,2000,0,0,0,0,0,0,0,0,0,0
530496,1,1,2000,14,14,14,14,14,14,14,14,14,14
530497,0,1,2000,0,0,0,0,0,0,0,0,0,0
530497,0,2,2000,10,16,6,12,3,7,0,0,17,7
530497,1,1,2000,0,0,0,0,0,0,0,0,0,0
530498,1,1,2000,0,0,0,0,5,0,0,18,0,25
530498,2,1,2000,0,0,0,0,0,0,0,0,0,0
530499,1,1,2000,0,0,0,0,0,0,0,19,4,0
530499,2,1,2000,0,8,0,0,0,0,0,0,0,0
530500,0,1,2000,0,0,0,0,0,0,0,0,0,0
530500,1,1,2000,0,0,0,0,19,0,0,0,0,0
530501,1,1,2000,0,0,0,0,0,0,0,0,0,0
530502,1,1,2000,0,0,18,0,0,16,0,0,0,0
530503,1,1,2000,27,27,27,27,27,27,27,27,27,27
530504,1,1,2000,0,0,0,0,0,0,0,0,0,0
530505,1,1,2000,33,33,33,33,33,33,33,33,33,33
530505,2,1,2000,0,0,0,0,0,0,0,0,0,0
530506,1,1,2000,9,9,9,9,9,9,9,9,9,9
530507,1,1,2000,0,0,0,0,0,0,0,0,0,0
530508,1,1,2000,0,0,0,0,0,0,0,0,0,0
530508,2,1,2000,16,14,17,0,0,10,15,26,0,16
530509,1,1,2000,15,15,15,15,15,15,15,15,15,15
530510,1,1,2000,0,0,0,0,0,0,0,0,19,0
530510,2,1,2000,0,0,0,0,0,0,0,0,0,0
530511,1,1,2000,0,0,0,0,0,0,0,0,0,0
530511,2,1,2000,0,0,0,18,0,0,0,0,0,0
530512,1,1,2000,0,0,0,0,0,0,0,0,0,0
530512,2,1,2000,0,0,0,0,0,0,0,0,0,0
530512,3,1,2000,0,0,0,0,0,14,0,0,0,0
530513,1,1,2000,0,0,0,0,0,0,0,0,0,0
530513,2,1,2000,0,0,0,0,0,0,0,0,0,0
530513,3,1,2000,0,0,0,0,0,0,0,0,0,0
530515,1,1,2000,0,0,0,0,0,0,0,0,0,0
530515,2,1,2000,0,0,0,0,0,0,0,0,0,0
530516,1,1,2000,0,0,0,0,0,0,0,0,0,0
530517,1,1,2000,0,0,0,0,0,0,0,0,0,0
530517,2,1,2000,0,0,0,0,0,0,0,0,0,0
530518,1,1,2000,0,0,0,0,0,0,0,0,0,0
530519,1,1,2000,0,0,0,0,0,0,0,0,0,0
530519,2,1,2000,0,0,0,0,0,0,0,0,0,0
530520,1,1,2000,8,8,8,8,8,8,8,8,8,8
530520,2,1,2000,0,0,0,0,0,0,0,0,0,0
530521,1,1,2000,12,0,0,0,0,6,0,0,0,0
530521,2,1,2000,0,0,0,0,0,0,0,10,0,0
530522,1,1,2000,0,0,0,0,0,0,0,0,0,0
530523,1,1,2000,0,0,0,0,0,0,0,0,0,0
530524,1,1,2000,27,27,27,27,27,27,27,27,27,27
530525,1,1,2000,0,0,0,0,0,0,0,0,0,0
530525,2,1,2000,0,0,0,0,0,0,0,0,0,0
530526,1,1,2000,3,3,3,3,3,3,3,3,3,3
530527,1,1,2000,0,0,0,0,0,0,0,0,0,0
530528,1,1,2000,0,0,0,0,0,13,0,0,9,0
530528,2,1,2000,0,0,0,0,0,0,0,0,0,0
530529,1,1,2000,0,0,0,0,0,0,0,0,0,0
530529,2,1,2000,0,0,0,0,0,0,0,0,0,0
530530,1,1,2000,0,0,0,0,0,0,0,0,0,0
530531,1,1,2000,28,28,28,28,28,28,28,28,28,28
530531,2,1,2000,0,0,0,0,0,0,0,0,0,0
530532,1,1,2000,0,0,0,0,0,0,0,15,0,0
530532,2,1,2000,0,0,0,0,0,0,0,0,0,0
530533,1,1,2000,0,0,0,0,0,0,0,0,0,0
530533,2,1,2000,0,0,0,0,0,0,0,0,0,0
530533,3,1,2000,0,0,0,0,0,0,0,0,0,0
530534,1,1,2000,0,0,9,0,0,0,0,0,0,0
530534,2,1,2000,0,0,0,0,0,0,0,0,0,0
530535,1,1,2000,22,22,22,22,22,22,22,22,22,22
530536,1,1,2000,0,0,0,0,0,0,0,0,0,0
530536,2,1,2000,0,0,0,0,0,0,0,0,10,0
530537,1,1,2000,24,24,24,24,24,24,24,24,24,24
530538,0,1,2000,0,0,0,0,0,0,0,0,0,0
530538,1,1,2000,0,0,0,0,0,0,0,0,0,0
530539,0,1,2000,0,0,0,0,0,0,0,0,0,0
530539,0,2,2000,0,0,0,0,0,0,0,0,0,0
530540,0,1,2000,2,2,2,2,2,2,2,2,2,2
530540,1,1,2000,0,0,0,0,0,0,0,0,0,14
530541,1,1,2000,0,0,0,0,0,0,0,0,0,0
530542,1,1,2000,0,18,0,0,0,0,0,0,0,0
530542,2,1,2000,0,0,7,0,0,0,0,0,0,0
530543,1,1,2000,0,0,0,0,0,0,0,0,0,0
530543,2,1,2000,0,0,0,0,0,0,0,0,0,0
530543,3,1,2000,0,0,0,0,0,0,0,0,0,0
530544,1,1,2000,0,0,0,0,0,0,0,0,0,0
530544,2,1,2000,0,0,0,0,0,0,0,0,0,0
530545,1,1,2000,0,0,0,0,0,0,0,0,0,0
530545,2,1,2000,0,0,0,0,0,0,0,0,0,0
530546,1,1,2000,0,0,0,0,0,0,0,0,0,0
530546,2,1,2000,0,0,0,0,0,0,0,0,0,0
530547,1,1,2000,0,0,0,0,0,0,0,0,0,0
530548,1,1,2000,15,15,15,15,15,15,15,15,15,15
530548,2,1,2000,0,0,0,0,0,0,0,0,0,0
530549,0,1,2000,11,11,11,11,11,11,11,11,11,11
530549,1,1,2000,0,0,0,0,0,0,12,0,0,0
530550,1,1,2000,0,0,0,0,0,0,0,0,0,0
530550,2,1,2000,0,0,0,0,0,0,0,0,0,0
530550,3,1,2000,0,0,0,0,0,0,0,0,0,0
530551,0,1,2000,0,0,0,0,0,0,0,0,0,0
530551,0,2,2000,9,0,0,17,0,7,0,0,0,4
530551,1,1,2000,16,16,16,16,16,16,16,16,16,16
530552,1,1,2000,13,13,13,13,13,13,13,13,13,13
530553,1,1,2000,0,0,0,0,0,0,0,0,0,0
530553,2,1,2000,0,0,0,0,0,0,0,0,0,0
530554,1,1,2000,0,0,0,0,0,0,0,0,0,0
530555,1,1,2000,15,15,15,15,15,15,15,15,15,15
530555,2,1,2000,4,4,4,4,4,4,4,4,4,4
530556,1,1,2000,7,7,7,7,7,7,7,7,7,7
530557,1,1,2000,18,18,18,18,18,18,18,18,18,18
530558,1,1,2000,0,0,8,0,0,0,0,0,0,0
530558,2,1,2000,0,0,0,0,0,0,0,0,12,0
530559,1,1,2000,3,3,3,3,3,3,3,3,3,3
530560,1,1,2000,7,24,0,19,31,19,9,35,12,22
530561,0,1,2000,3,3,3,3,3,3,3,3,3,3
530561,1,1,2000,0,0,0,0,0,0,0,0,0,0
530562,1,1,2000,0,0,0,0,0,0,0,0,0,0
530562,2,1,2000,0,0,0,0,0,0,0,0,0,0
530563,1,1,2000,0,0,0,0,0,0,0,0,0,0
530563,2,1,2000,0,0,0,0,0,0,0,0,0,0
530564,1,1,2000,12,12,12,12,12,12,12,12,12,12
530565,1,1,2000,0,0,0,0,0,0,0,0,0,0
530565,2,1,2000,0,0,0,0,0,0,0,0,0,0
530566,0,1,2000,0,0,0,0,0,0,0,0,0,0
530566,1,1,2000,0,0,0,0,0,0,0,0,0,0
530567,0,1,2000,0,0,0,8,0,0,0,0,0,0
530568,1,1,2000,1,1,1,1,1,1,1,1,1,1
530569,1,1,2000,0,0,0,0,0,0,0,0,0,0
530571,1,1,2000,0,0,0,0,0,0,0,0,0,0
530571,2,1,2000,0,0,0,0,0,0,0,0,0,0
530572,1,1,2000,11,11,11,11,11,11,11,11,11,11
530573,1,1,2000,23,19,21,8,14,10,21,8,17,10
530574,1,1,2000,24,24,24,24,24,24,24,24,24,24
530575,1,1,2000,19,19,19,19,19,19,19,19,19,19
530575,2,1,2000,8,0,0,0,0,0,0,0,0,0
530576,1,1,2000,7,7,7,7,7,7,7,7,7,7
530577,0,1,2000,0,0,0,27,0,0,0,0,5,0
530577,0,2,2000,7,16,0,0,29,0,17,0,0,0
530577,1,1,2000,0,0,11,0,0,0,0,0,0,0
530578,1,1,2000,15,10,8,14,9,6,0,16,4,0
530578,2,1,2000,0,0,0,0,0,11,0,0,0,6
530579,1,1,2000,19,19,19,19,19,19,19,19,19,19
530580,1,1,2000,0,0,0,0,0,0,0,0,0,0
530581,1,1,2000,9,15,19,5,12,8,28,5,0,15
530582,1,1,2000,0,0,0,0,0,0,0,0,0,0
530583,1,1,2000,0,0,0,0,0,0,0,0,0,0
530583,2,1,2000,0,0,0,0,0,0,0,0,0,0
540001,1,1,2000,9,9,9,9,9,9,9,9,9,9
540002,1,1,2000,12,12,12,12,12,12,12,12,12,12
540003,1,1,2000,0,0,0,0,0,0,0,0,0,0
540004,1,1,2000,0,0,0,0,0,0,0,0,0,0
540005,1,1,2000,0,0,0,0,0,0,0,0,0,0
540006,1,1,2000,13,13,13,13,13,13,13,13,13,13
540007,1,1,2000,0,0,0,0,0,0,0,0,0,0
540008,1,1,2000,0,0,0,0,9,0,0,0,0,0
540009,1,1,2000,4,4,4,4,4,4,4,4,4,4
540009,2,1,2000,0,0,0,0,0,0,0,0,0,0
540010,1,1,2000,18,18,18,18,18,18,18,18,18,18
540010,2,1,2000,0,0,0,0,0,0,0,0,0,0
540011,1,1,2000,0,0,0,0,0,0,0,0,0,0
540012,1,1,2000,0,0,0,0,0,0,0,0,0,0
540012,2,1,2000,0,0,0,0,0,0,0,0,0,0
540013,1,1,2000,0,0,0,0,0,0,0,0,0,0
540014,1,1,2000,0,0,0,0,0,0,0,0,0,0
540014,2,1,2000,0,0,0,0,0,0,0,0,0,0
540015,1,1,2000,21,21,21,21,21,21,21,21,21,21
540016,1,1,2000,0,0,0,0,0,0,0,0,0,0
540016,2,1,2000,0,0,0,0,0,0,0,0,0,0
540017,1,1,2000,0,0,0,0,0,0,0,0,0,0
540018,1,1,2000,2,2,2,2,2,2,2,2,2,2
540019,1,1,2000,18,18,18,18,18,18,18,18,18,18
540020,1,1,2000,0,0,0,0,0,0,0,0,0,0
540020,2,1,2000,0,0,0,0,0,0,0,0,0,0
540020,3,1,2000,0,0,0,0,0,0,0,0,0,0
540021,1,1,2000,0,0,0,0,0,0,0,0,0,0
540021,2,1,2000,0,0,0,0,0,0,0,0,0,0
540021,3,1,2000,0,0,0,0,0,0,0,0,0,0
540021,4,1,2000,0,0,0,0,0,0,0,0,0,0
540021,5,1,2000,0,0,0,0,0,0,0,0,0,0
540021,6,1,2000,0,9,10,0,0,0,0,0,0,0
540022,0,1,2000,0,0,0,0,0,0,0,0,0,0
540022,1,1,2000,0,0,0,0,0,0,0,0,0,0
540023,1,1,2000,31,31,31,31,31,31,31,31,31,31
540024,1,1,2000,25,25,25,25,25,25,25,25,25,25
540024,2,1,2000,0,0,0,0,0,0,0,0,0,0
540025,1,1,2000,28,28,28,28,28,28,28,28,28,28
540025,2,1,2000,17,17,17,17,17,17,17,17,17,17
540026,1,1,2000,12,12,12,12,12,12,12,12,12,12
540027,1,1,2000,0,0,0,0,0,0,0,0,0,0
540027,2,1,2000,0,0,0,0,0,0,0,0,0,0
540028,1,1,2000,0,0,0,0,0,0,0,0,0,0
540029,1,1,2000,24,24,24,24,24,24,24,24,24,24
540029,2,1,2000,0,0,0,0,0,0,0,0,0,0
540030,1,1,2000,10,13,20,8,20,11,16,22,15,10
540031,1,1,2000,0,0,0,0,0,0,0,0,0,0
540031,2,1,2000,0,0,0,0,0,0,0,0,0,0
540032,1,1,2000,17,17,17,17,17,17,17,17,17,17
540032,2,1,2000,0,0,0,0,0,0,0,0,0,0
540033,0,1,2000,0,0,0,0,0,0,0,0,0,0
540033,1,1,2000,0,0,0,0,0,0,0,0,0,0
540034,0,1,2000,0,0,0,0,0,0,0,0,0,0
540034,0,2,2000,0,0,0,0,0,0,0,0,0,0
540034,0,3,2000,0,0,0,0,0,0,0,0,0,0
540034,1,1,2000,0,0,0,0,0,0,0,0,0,0
540035,1,1,2000,22,22,22,22,22,22,22,22,22,22
540036,1,1,2000,19,19,19,19,19,19,19,19,19,19
540037,0,1,2000,23,23,23,23,23,23,23,23,23,23
540037,1,1,2000,0,0,0,0,18,0,0,0,0,23
540038,1,1,2000,0,0,0,0,0,0,0,0,0,0
540038,2,1,2000,9,9,9,9,9,9,9,9,9,9
540039,1,1,2000,0,0,0,0,0,0,0,0,0,0
540039,2,1,2000,29,20,0,0,0,0,0,0,0,0
540040,1,1,2000,0,19,39,18,15,16,19,6,21,5
540041,1,1,2000,0,0,0,0,0,0,0,0,0,0
540041,2,1,2000,0,0,0,0,0,0,0,0,0,0
540042,1,1,2000,25,25,25,25,25,25,25,25,25,25
540043,1,1,2000,17,15,16,24,14,0,4,7,13,11
540044,1,1,2000,0,0,0,0,0,0,0,0,0,0
540045,1,1,2000,13,13,13,13,13,13,13,13,13,13
540046,1,1,2000,13,13,13,13,13,13,13,13,13,13
540047,1,1,2000,19,19,19,19,19,19,19,19,19,19
540048,1,1,2000,0,0,0,0,0,0,0,0,0,0
540048,2,1,2000,0,0,0,0,0,0,0,0,0,0
540049,1,1,2000,0,0,0,6,3,0,0,0,0,16
540050,1,1,2000,0,0,0,0,0,0,0,0,0,0
540051,1,1,2000,0,0,0,0,0,0,0,0,0,0
540052,1,1,2000,28,28,28,28,28,28,28,28,28,28
540053,1,1,2000,0,0,0,0,0,0,0,0,0,0
540053,2,1,2000,9,0,0,0,0,18,0,0,0,13
540053,3,1,2000,0,0,0,0,0,0,0,0,0,0
540054,1,1,2000,0,0,0,0,0,0,0,0,0,0
540055,1,1,2000,0,0,0,0,0,0,0,0,0,0
540055,2,1,2000,0,0,0,0,0,0,0,0,0,0
540056,1,1,2000,0,0,0,0,0,0,0,0,0,0
540057,0,1,2000,23,23,23,23,23,23,23,23,23,23
540057,1,1,2000,1,1,1,1,1,1,1,1,1,1
540058,1,1,2000,0,0,0,0,0,0,0,0,0,0
540058,2,1,2000,0,0,0,0,0,0,0,0,0,0
540059,1,1,2000,27,27,27,27,27,27,27,27,27,27
540060,1,1,2000,0,0,0,0,0,0,0,0,0,0
540060,2,1,2000,0,22,0,0,0,0,0,0,0,0
540061,1,1,2000,8,8,8,8,8,8,8,8,8,8