ST_CASE,VEH_NO,PER_NO,YEAR,P1,P2,P3,P4,P5,P6,P7,P8,P9,P10
61210,0,1,2000,14,14,14,14,14,14,14,14,14,14
61210,1,1,2000,0,22,21,19,0,0,28,17,0,16
61211,1,1,2000,0,0,0,0,0,0,0,0,0,0
61211,2,1,2000,0,0,0,0,0,0,0,0,0,0
61212,0,1,2000,0,0,0,0,0,0,0,0,0,0
61212,1,1,2000,17,17,17,17,17,17,17,17,17,17
61213,1,1,2000,0,0,0,0,0,0,0,0,0,0
61213,2,1,2000,0,0,0,0,0,0,0,0,0,0
61214,1,1,2000,0,0,0,0,0,0,0,0,11,0
61214,2,1,2000,0,0,0,0,0,0,0,29,0,0
61215,1,1,2000,11,11,11,11,11,11,11,11,11,11
61215,2,1,2000,0,0,0,0,0,0,0,0,0,0
61216,0,1,2000,0,0,0,0,0,0,0,0,0,0
61216,1,1,2000,0,0,0,0,0,0,0,0,0,0
61217,1,1,2000,0,0,0,0,0,0,0,0,0,0
61217,2,1,2000,0,0,0,0,0,0,0,0,0,0
61218,0,1,2000,0,0,0,0,0,0,0,0,0,0
61218,1,1,2000,0,0,0,0,0,0,0,0,0,0
61219,0,1,2000,0,0,0,0,0,0,0,0,0,0
61219,1,1,2000,0,0,0,0,0,0,12,0,0,0
61220,0,1,2000,14,14,14,14,14,14,14,14,14,14
61220,1,1,2000,0,0,26,0,21,0,19,7,0,0
61221,1,1,2000,3,9,0,0,2,20,9,19,12,0
61222,1,1,2000,0,0,0,0,0,0,0,0,0,0
61223,1,1,2000,17,17,17,17,17,17,17,17,17,17
61224,1,1,2000,0,31,7,12,15,10,28,33,12,8
61225,0,1,2000,0,0,0,0,0,0,0,0,0,0
61225,1,1,2000,0,0,8,0,0,0,0,0,0,0
61226,0,1,2000,0,0,0,0,0,0,0,0,0,0
61226,1,1,2000,0,0,0,0,0,0,0,0,0,0
61227,1,1,2000,0,0,0,0,0,0,0,0,0,0
61228,1,1,2000,0,0,0,0,0,0,0,0,0,0
61229,1,1,2000,0,0,0,0,0,0,0,0,12,0
61230,1,1,2000,17,17,17,17,17,17,17,17,17,17
61231,1,1,2000,33,33,33,33,33,33,33,33,33,33
61232,1,1,2000,0,0,0,0,0,0,0,0,0,0
61233,0,1,2000,25,25,25,25,25,25,25,25,25,25
61233,1,1,2000,0,0,0,0,0,0,0,0,3,0
61234,1,1,2000,0,0,0,0,0,0,0,0,0,0
61235,1,1,2000,14,14,14,14,14,14,14,14,14,14
61236,0,1,2000,0,0,0,0,0,0,0,0,0,0
61236,1,1,2000,0,0,0,0,0,0,0,0,8,0
61237,1,1,2000,1,1,1,1,1,1,1,1,1,1
61238,1,1,2000,10,10,10,10,10,10,10,10,10,10
61239,1,1,2000,0,0,0,0,0,0,0,0,0,0
61240,1,1,2000,0,0,0,0,0,0,0,0,0,0
61241,1,1,2000,20,20,20,20,20,20,20,20,20,20
61242,0,1,2000,0,0,0,0,0,0,0,0,0,0
61242,1,1,2000,0,0,0,0,0,0,0,0,0,0
61243,1,1,2000,19,19,19,19,19,19,19,19,19,19
61243,2,1,2000,0,0,0,0,0,0,0,0,10,0
61244,1,1,2000,0,0,0,0,0,21,0,0,0,0
61244,2,1,2000,0,0,0,0,0,0,0,0,0,0
61245,1,1,2000,0,0,0,0,0,0,0,0,0,0
61245,2,1,2000,0,0,0,0,0,6,0,0,0,0
61246,1,1,2000,10,10,10,10,10,10,10,10,10,10
61246,2,1,2000,0,0,0,0,0,0,0,0,0,0
61247,1,1,2000,0,0,0,0,0,0,0,0,0,0
61247,2,1,2000,0,0,0,0,0,0,0,0,0,0
61248,1,1,2000,6,6,6,6,6,6,6,6,6,6
61248,2,1,2000,0,0,0,14,0,0,12,0,0,9
61249,1,1,2000,0,0,0,0,0,0,0,0,0,0
61249,2,1,2000,0,0,0,0,0,0,0,0,0,0
61249,3,1,2000,0,0,0,0,0,0,0,0,0,0
61250,1,1,2000,0,0,0,0,0,0,0,0,0,0
61250,2,1,2000,0,0,0,0,0,0,0,0,0,0
61250,3,1,2000,0,0,0,0,0,0,0,0,0,0
61251,0,1,2000,0,0,0,0,0,0,0,0,0,0
61251,1,1,2000,0,9,25,0,0,0,21,0,0,10
61252,1,1,2000,0,0,0,0,0,0,0,0,0,0
61252,2,1,2000,0,0,0,0,0,0,0,0,0,0
61253,0,1,2000,0,0,0,0,0,0,0,0,0,0
61253,1,1,2000,0,0,0,0,0,0,0,0,0,0
61253,2,1,2000,0,0,0,0,0,0,0,0,0,0
61254,0,1,2000,38,38,38,38,38,38,38,38,38,38
61254,1,1,2000,0,7,0,0,0,0,0,0,0,0
61255,1,1,2000,24,24,24,24,24,24,24,24,24,24
61256,1,1,2000,0,0,0,0,0,0,0,0,0,0
61257,1,1,2000,17,17,17,17,17,17,17,17,17,17
61258,1,1,2000,25,25,25,25,25,25,25,25,25,25
61259,1,1,2000,0,0,0,0,0,0,0,0,0,0
61260,1,1,2000,8,8,8,8,8,8,8,8,8,8
61261,1,1,2000,13,13,13,13,13,13,13,13,13,13
61262,1,1,2000,0,0,0,0,0,0,0,0,0,0
61263,0,1,2000,24,24,24,24,24,24,24,24,24,24
61263,1,1,2000,0,0,0,24,0,0,0,0,0,0
61264,1,1,2000,18,18,18,18,18,18,18,18,18,18
61265,1,1,2000,0,0,0,0,0,0,0,0,0,0
61266,1,1,2000,21,21,21,21,21,21,21,21,21,21
61267,1,1,2000,12,12,12,12,12,12,12,12,12,12
61268,1,1,2000,0,0,0,0,0,0,0,0,0,0
61269,1,1,2000,0,0,0,0,0,0,0,0,0,0
61269,2,1,2000,0,0,0,0,0,0,0,0,0,0
61269,3,1,2000,0,0,0,0,0,0,0,0,0,0
61270,1,1,2000,2,2,2,2,2,2,2,2,2,2
61270,2,1,2000,0,0,0,0,0,0,0,0,0,0
61270,3,1,2000,0,0,0,0,0,0,0,0,0,0
61271,1,1,2000,0,0,0,0,0,0,0,0,0,0
61271,2,1,2000,0,0,0,0,0,0,0,0,0,0
61271,3,1,2000,0,0,0,0,0,0,0,0,0,0
61272,1,1,2000,0,0,0,0,0,0,0,0,0,0
61272,2,1,2000,0,0,0,0,0,0,0,0,0,0
61272,3,1,2000,0,0,0,0,0,7,0,0,19,0
61272,4,1,2000,0,0,0,0,4,0,0,0,3,0
61272,5,1,2000,0,0,0,0,0,0,0,0,0,0
61273,1,1,2000,0,0,0,0,0,0,0,0,0,0
61273,2,1,2000,0,0,0,0,0,0,0,0,0,0
61273,3,1,2000,0,0,0,0,0,0,0,0,0,0
61274,1,1,2000,0,0,0,0,0,0,0,0,0,0
61274,2,1,2000,3,0,0,0,0,0,0,0,11,0
61274,3,1,2000,16,0,0,0,0,5,0,0,0,0
61275,0,1,2000,0,0,0,0,0,0,0,0,0,0
61275,0,2,2000,0,0,0,0,0,0,0,0,0,0
61275,1,1,2000,0,0,0,0,0,0,0,0,0,0
61276,1,1,2000,0,0,0,0,0,0,0,0,0,0
61276,2,1,2000,0,0,0,0,0,0,0,0,0,0
61277,1,1,2000,0,0,0,0,0,0,0,0,0,0
61278,1,1,2000,12,0,0,11,0,0,0,0,0,0
61278,2,1,2000,0,0,0,0,0,0,0,0,0,0
61279,1,1,2000,11,11,11,11,11,11,11,11,11,11
61280,0,1,2000,17,0,26,0,0,0,35,27,19,19
61280,1,1,2000,0,0,0,0,0,0,0,0,0,0
61281,1,1,2000,9,29,17,27,15,18,7,18,13,19
61282,1,1,2000,4,4,4,4,4,4,4,4,4,4
61282,2,1,2000,16,16,0,10,0,10,0,0,9,0
61283,1,1,2000,0,0,0,0,0,0,0,0,0,0
61283,2,1,2000,0,0,0,0,0,0,0,0,0,0
61284,1,1,2000,0,0,0,0,0,0,0,0,0,0
61284,2,1,2000,0,0,0,0,0,0,0,0,0,0
61285,0,1,2000,0,0,0,0,0,0,0,0,0,0
61285,1,1,2000,0,0,0,0,0,0,0,0,0,0
61286,1,1,2000,0,0,0,0,0,0,0,0,0,0
61287,1,1,2000,25,25,25,25,25,25,25,25,25,25
61287,2,1,2000,0,0,0,0,0,0,0,0,0,0
61288,1,1,2000,19,19,19,19,19,19,19,19,19,19
61288,2,1,2000,0,0,0,0,0,0,0,0,0,0
61289,1,1,2000,0,0,0,0,0,0,0,0,0,0
61289,2,1,2000,14,0,10,0,26,16,10,0,0,10
61290,1,1,2000,27,27,27,27,27,27,27,27,27,27
61290,2,1,2000,36,14,24,20,18,30,16,18,24,8
61291,1,1,2000,0,0,0,0,0,0,0,0,0,0
61291,2,1,2000,0,0,0,0,0,25,0,12,0,16
61292,1,1,2000,8,8,8,8,8,8,8,8,8,8
61292,2,1,2000,0,0,0,0,0,0,0,0,0,0
61293,1,1,2000,0,0,0,0,0,0,0,0,0,0
61293,2,1,2000,0,0,0,0,0,0,0,0,0,0
61294,1,1,2000,0,0,0,0,0,0,0,0,0,0
61294,2,1,2000,0,0,0,0,0,0,0,0,0,19
61295,1,1,2000,0,0,0,0,0,0,0,0,0,0
61296,1,1,2000,0,0,0,0,0,0,0,0,0,0
61296,2,1,2000,3,0,0,0,0,0,0,0,0,0
61297,1,1,2000,0,0,0,0,0,0,0,0,0,15
61297,2,1,2000,0,0,0,0,0,0,0,0,0,0
61298,1,1,2000,24,24,24,24,24,24,24,24,24,24
61299,0,1,2000,0,0,0,0,0,0,0,0,0,0
61299,1,1,2000,0,0,0,0,0,0,0,0,0,0
61300,1,1,2000,0,0,0,0,0,0,0,0,0,0
61301,0,1,2000,0,0,0,0,0,0,0,0,0,0
61301,1,1,2000,0,0,0,0,0,0,0,0,0,0
61302,1,1,2000,25,25,25,25,25,25,25,25,25,25
61303,0,1,2000,0,0,0,0,0,0,0,0,0,0
61303,1,1,2000,0,0,0,0,0,0,0,0,0,0
61304,1,1,2000,0,0,0,0,0,0,0,0,0,0
61304,2,1,2000,0,0,0,0,0,0,0,0,0,0
61305,1,1,2000,2,2,2,2,2,2,2,2,2,2
61305,2,1,2000,0,0,0,0,0,0,0,0,0,0
61306,1,1,2000,7,7,7,7,7,7,7,7,7,7
61306,2,1,2000,0,0,0,0,0,0,30,0,0,21
61307,1,1,2000,0,0,0,0,0,0,0,0,0,0
61307,2,1,2000,0,0,0,0,0,0,0,0,0,0
61308,1,1,2000,0,0,0,0,0,0,0,0,0,0
61308,2,1,2000,0,0,0,0,0,0,0,0,0,0
61309,1,1,2000,0,0,0,0,0,0,0,0,0,0
61309,2,1,2000,0,0,0,0,0,0,0,0,11,0
61310,1,1,2000,0,0,0,0,0,0,0,0,0,0
61310,2,1,2000,0,0,0,0,0,0,0,0,0,0
61311,1,1,2000,0,0,0,0,0,0,0,0,0,0
61311,2,1,2000,0,0,0,0,0,0,0,0,0,0
61312,1,1,2000,0,0,0,0,0,0,0,0,0,0
61312,2,1,2000,0,0,0,0,0,0,0,0,0,0
61313,1,1,2000,21,21,21,21,21,21,21,21,21,21
61313,2,1,2000,0,0,0,0,0,0,0,0,0,0
61314,1,1,2000,0,0,0,0,0,0,0,0,0,0
61314,2,1,2000,0,0,0,0,0,0,0,0,0,0
61315,1,1,2000,0,0,0,0,0,0,0,22,0,0
61315,2,1,2000,0,0,0,0,0,0,0,0,0,0
61315,3,1,2000,0,0,0,0,0,0,0,0,0,0
61316,0,1,2000,0,0,0,0,0,0,0,0,0,0
61316,0,2,2000,0,0,0,0,0,0,0,0,0,0
61316,0,3,2000,0,0,0,0,0,0,0,0,0,0
61316,1,1,2000,0,0,0,0,0,0,0,0,0,0
61317,1,1,2000,20,20,20,20,20,20,20,20,20,20
61317,2,1,2000,0,0,0,0,0,0,0,0,0,0
61318,1,1,2000,0,0,0,0,0,0,0,0,0,0
61318,2,1,2000,0,0,0,0,0,0,0,0,0,0
61319,1,1,2000,10,10,10,10,10,10,10,10,10,10
61319,2,1,2000,0,0,0,0,0,0,0,0,0,0
61320,1,1,2000,0,0,0,0,0,0,0,0,0,0
61320,2,1,2000,0,0,0,0,0,0,0,0,0,0
61321,1,1,2000,15,15,15,15,15,15,15,15,15,15
61321,2,1,2000,0,0,0,0,0,0,0,0,0,0
61322,0,1,2000,0,0,0,0,0,0,0,0,0,0
61322,1,1,2000,0,0,50,0,0,0,0,0,0,5
61323,1,1,2000,0,0,0,0,0,0,0,0,0,0
61324,1,1,2000,0,4,0,0,15,0,0,27,0,14
61325,1,1,2000,0,0,0,0,0,0,0,0,0,0
61325,2,1,2000,0,0,0,0,0,0,0,0,0,0
61325,3,1,2000,0,0,0,0,0,0,0,0,0,0
61326,1,1,2000,0,0,0,0,0,0,0,0,0,0
61326,2,1,2000,0,0,0,0,0,0,0,0,0,0
61327,1,1,2000,0,0,0,0,0,0,0,0,0,0
61327,2,1,2000,0,0,0,0,0,0,0,0,0,0
61327,3,1,2000,0,0,0,0,0,0,0,0,0,0
61328,2,1,2000,0,0,0,0,0,0,0,0,0,0
61328,3,1,2000,13,0,0,0,0,0,0,11,0,0
61328,4,1,2000,0,19,0,0,0,0,0,0,0,0
61329,1,1,2000,0,0,0,0,0,0,0,0,0,0
61329,2,1,2000,0,0,0,0,0,0,0,0,0,0
61329,3,1,2000,0,0,0,0,0,0,0,0,0,0
61329,4,1,2000,0,0,0,0,0,0,0,0,0,0
61330,1,1,2000,0,0,0,0,0,0,0,0,0,0
61330,2,1,2000,0,0,0,0,0,0,0,0,0,0
61330,3,1,2000,0,0,0,0,0,0,0,0,0,0
61331,1,1,2000,0,8,0,0,0,0,0,24,0,0
61331,2,1,2000,0,0,0,0,0,0,0,16,0,0
61332,0,1,2000,2,2,2,2,2,2,2,2,2,2
61332,1,1,2000,0,0,0,0,0,0,0,0,0,0
61332,2,1,2000,0,0,0,0,14,0,0,0,0,0
61333,1,1,2000,0,0,0,0,0,0,0,0,0,0
61333,2,1,2000,0,0,0,0,0,0,0,0,0,0
61333,3,1,2000,0,0,0,0,0,0,0,0,0,0
61334,0,2,2000,0,0,0,0,0,0,0,0,0,0
61334,1,1,2000,0,0,0,0,0,0,0,0,0,0
61335,1,1,2000,0,0,0,0,0,0,0,0,0,0
61335,2,1,2000,0,0,0,7,0,0,0,15,0,0
61335,3,1,2000,0,0,0,0,0,0,0,0,0,0
61336,1,1,2000,0,0,0,0,0,0,0,0,0,0
61336,2,1,2000,12,12,12,12,12,12,12,12,12,12
61336,3,1,2000,0,0,0,5,0,0,0,3,0,0
61336,4,1,2000,0,13,0,19,0,0,0,0,0,0
61336,5,1,2000,0,17,0,22,0,0,0,0,0,0
61337,1,1,2000,19,19,19,19,19,19,19,19,19,19
61338,1,1,2000,0,0,0,0,0,0,0,0,0,0
61339,1,1,2000,10,0,0,0,0,0,0,0,0,0
61339,2,1,2000,0,0,0,0,0,0,0,0,0,0
61340,1,1,2000,25,16,17,4,16,0,0,18,0,0
61340,2,1,2000,0,0,0,0,0,0,0,0,0,0
61341,1,1,2000,0,0,0,0,0,0,0,0,0,0
61341,2,1,2000,0,0,0,0,0,0,0,0,0,0
61342,1,1,2000,5,5,5,5,5,5,5,5,5,5
61342,2,1,2000,0,0,0,0,0,0,0,0,0,0
61343,1,1,2000,1,1,1,1,1,1,1,1,1,1
61343,2,1,2000,0,0,0,0,0,0,0,0,0,0
61344,1,1,2000,0,0,0,0,0,0,0,0,0,0
61344,2,1,2000,0,0,0,0,0,0,0,0,0,0
61345,0,1,2000,0,0,0,0,0,0,0,0,0,0
61345,1,1,2000,0,0,0,0,0,0,0,0,0,0
61346,0,1,2000,13,12,18,22,42,12,26,16,47,20
61346,1,1,2000,0,0,0,0,0,0,0,0,0,0
61347,0,1,2000,28,28,28,28,28,28,28,28,28,28
61347,1,1,2000,0,0,0,0,0,0,0,0,0,0
61348,1,1,2000,0,0,0,0,0,0,0,0,0,0
61349,1,1,2000,0,0,0,0,0,0,0,0,0,15
61349,2,1,2000,0,0,0,0,0,0,0,0,0,0
61350,1,1,2000,0,0,0,0,0,0,0,0,0,0
61350,2,1,2000,0,0,0,0,0,0,0,0,0,0
61351,1,1,2000,0,0,0,0,0,0,0,0,0,0
61351,2,1,2000,0,0,4,0,0,0,0,0,0,0
61352,1,1,2000,0,0,0,0,0,0,0,0,0,0
61352,2,1,2000,0,31,0,0,0,0,0,0,0,0
61353,1,1,2000,26,26,26,26,26,26,26,26,26,26
61353,2,1,2000,0,0,0,0,0,0,0,0,0,0
61354,1,1,2000,0,0,0,0,0,0,0,0,0,0
61354,2,1,2000,0,0,0,0,0,0,0,0,0,19
61355,1,1,2000,0,0,0,0,0,0,0,0,0,0
61356,1,1,2000,22,22,22,22,22,22,22,22,22,22
61357,1,1,2000,0,0,4,11,20,8,31,0,13,0
61358,1,1,2000,15,15,15,15,15,15,15,15,15,15
61359,0,1,2000,0,0,0,0,0,0,0,0,0,0
61359,1,1,2000,0,0,0,0,0,0,0,0,0,0
61360,0,1,2000,0,0,0,0,0,0,0,0,0,0
61360,0,2,2000,0,0,0,0,0,0,0,0,0,0
61360,1,1,2000,0,0,0,0,0,0,0,0,0,0
61361,1,1,2000,0,0,0,0,0,0,0,0,0,0
61362,1,1,2000,0,0,0,0,0,0,0,0,0,0
61363,1,1,2000,20,20,20,20,20,20,20,20,20,20
61364,1,1,2000,0,0,0,0,0,0,0,0,0,0
61364,2,1,2000,0,0,0,0,0,0,0,0,0,0
61365,0,1,2000,0,0,0,8,0,0,0,0,0,0
61365,0,2,2000,0,0,0,0,0,12,0,0,0,0
61365,0,3,2000,0,0,0,0,0,16,0,0,0,27
61365,1,1,2000,4,4,4,4,4,4,4,4,4,4
61365,2,1,2000,0,0,0,0,26,0,0,16,0,0
61366,0,1,2000,13,30,44,11,43,23,0,0,9,31
61366,0,2,2000,14,14,14,14,14,14,14,14,14,14
61366,1,1,2000,0,0,0,0,0,0,0,0,0,0
61367,1,1,2000,0,0,0,0,0,0,0,0,0,0
61367,2,1,2000,0,0,0,0,0,0,0,0,0,0
61367,3,1,2000,0,0,0,0,0,0,0,0,0,0
61368,1,1,2000,0,0,0,0,0,0,0,0,0,0
61368,2,1,2000,0,0,0,0,0,0,0,0,0,0
61369,1,1,2000,0,0,0,0,0,0,0,0,0,0
61369,2,1,2000,0,0,0,0,0,0,0,0,0,0
61370,1,1,2000,0,0,0,0,0,0,0,0,0,0
61370,2,1,2000,0,0,0,0,0,0,0,0,0,0
61371,1,1,2000,0,0,0,0,0,0,0,0,0,10
61371,2,1,2000,0,0,0,0,0,0,0,0,0,0
61372,1,1,2000,0,0,0,0,0,0,0,0,0,0
61372,2,1,2000,0,0,0,0,0,0,0,0,0,0
61373,1,1,2000,0,0,0,0,0,0,0,0,0,0
61373,2,1,2000,0,0,0,0,0,0,0,0,0,0
61374,1,1,2000,0,0,0,0,0,0,0,0,0,0
61374,2,1,2000,0,0,0,0,0,0,0,0,0,0
61374,3,1,2000,0,0,0,0,0,0,0,0,0,0
61375,1,1,2000,0,0,0,0,0,0,0,0,0,0
61375,2,1,2000,0,0,0,0,0,0,0,0,0,0
61376,1,1,2000,18,18,18,18,18,18,18,18,18,18
61376,2,1,2000,14,20,0,26,13,13,10,16,21,13
61377,1,1,2000,0,0,0,0,0,0,0,0,0,0
61377,2,1,2000,0,0,0,0,0,0,0,0,0,0
61378,1,1,2000,0,0,0,0,0,0,0,0,0,0
61378,2,1,2000,0,0,0,0,0,0,0,0,0,0
61379,1,1,2000,10,10,10,10,10,10,10,10,10,10
61379,2,1,2000,0,0,0,0,0,0,0,0,0,0
61380,0,1,2000,21,21,21,21,21,21,21,21,21,21
61380,1,1,2000,0,0,0,17,0,0,6,0,13,0
61380,2,1,2000,0,0,0,0,0,26,0,0,0,0
61381,1,1,2000,0,0,0,0,0,0,0,0,0,0
61381,2,1,2000,0,0,0,0,0,0,0,0,0,0
61382,1,1,2000,0,0,0,0,0,0,0,0,0,0
61382,2,1,2000,0,0,0,0,0,0,0,0,0,0
61383,0,1,2000,18,18,18,18,18,18,18,18,18,18
61383,1,1,2000,0,0,0,0,0,0,0,0,0,0
61384,1,1,2000,0,0,0,0,0,0,0,0,0,0
61385,1,1,2000,17,17,17,17,17,17,17,17,17,17
61386,1,1,2000,0,0,0,0,0,0,0,0,0,0
61386,2,1,2000,0,0,0,0,0,0,0,0,0,0
61387,1,1,2000,9,9,9,9,9,9,9,9,9,9
61387,2,1,2000,12,0,0,0,0,0,0,5,0,0
61388,1,1,2000,0,0,0,0,0,0,0,0,0,0
61388,2,1,2000,0,0,0,0,0,0,0,0,0,0
61389,1,1,2000,6,0,0,0,9,27,11,0,0,14
61389,2,1,2000,0,0,0,0,0,0,0,0,0,0
61390,1,1,2000,16,16,16,16,16,16,16,16,16,16
61390,2,1,2000,0,8,0,0,0,0,0,0,12,0
61391,1,1,2000,4,23,10,22,0,0,14,23,0,6
61391,2,1,2000,0,0,0,0,0,0,0,0,0,0
61392,1,1,2000,13,13,13,13,13,13,13,13,13,13
61393,1,1,2000,11,20,16,0,24,0,5,9,13,13
61394,0,1,2000,0,0,0,0,0,0,0,0,0,0
61394,1,1,2000,0,16,0,7,0,4,0,0,0,0
61395,0,1,2000,35,35,35,35,35,35,35,35,35,35
61395,1,1,2000,0,0,0,0,0,0,0,0,0,0
61396,1,1,2000,0,0,0,0,0,0,0,0,0,0
61397,1,1,2000,0,0,0,0,0,0,0,0,0,0
61397,2,1,2000,0,0,0,0,0,0,0,0,0,0
61398,1,1,2000,0,0,0,0,0,0,0,0,0,0
61398,2,1,2000,0,0,0,0,0,0,0,0,0,0
61399,1,1,2000,0,0,0,0,0,0,0,0,0,0
61399,2,1,2000,0,0,0,0,0,0,0,0,0,0
61400,1,1,2000,0,0,0,0,0,0,0,0,0,0
61400,2,1,2000,0,0,0,0,0,0,0,0,0,0
61401,1,1,2000,1,0,0,0,0,0,0,0,0,0
61401,2,1,2000,0,0,0,0,0,0,0,0,0,0
61402,1,1,2000,0,0,0,0,0,0,0,0,0,0
61402,2,1,2000,0,0,0,0,0,0,0,0,0,0
61403,0,1,2000,0,0,0,0,0,0,0,0,0,0
61403,1,1,2000,25,27,10,16,22,21,0,10,0,17
61404,0,1,2000,0,0,0,0,0,0,0,0,0,0
61404,1,1,2000,0,0,0,0,0,0,0,0,0,0
61405,1,1,2000,5,5,5,5,5,5,5,5,5,5
61405,2,1,2000,0,0,0,16,0,0,0,0,0,0
61406,1,1,2000,14,14,14,14,14,14,14,14,14,14
61407,0,1,2000,0,16,0,0,0,12,0,0,0,0
61407,1,1,2000,0,0,0,0,0,0,0,0,0,0
61408,1,1,2000,0,0,0,0,0,0,0,0,0,0
61409,1,1,2000,11,11,11,11,11,11,11,11,11,11
61410,0,1,2000,3,3,3,3,3,3,3,3,3,3
61410,1,1,2000,9,9,9,9,9,9,9,9,9,9
61411,1,1,2000,17,17,17,17,17,17,17,17,17,17
61412,1,1,2000,2,2,2,2,2,2,2,2,2,2
61412,2,1,2000,0,0,0,0,0,0,0,0,0,0
61413,1,1,2000,0,0,0,0,0,0,0,0,0,0
61413,2,1,2000,0,0,0,0,0,0,0,8,0,0
61414,1,1,2000,0,0,0,0,0,0,0,0,0,0
61414,2,1,2000,0,0,0,0,0,0,0,0,0,0
61415,1,1,2000,0,0,0,0,0,0,0,0,0,0
61415,2,1,2000,0,0,0,0,0,0,0,0,0,0
61416,0,1,2000,0,0,0,0,0,0,0,0,0,0
61416,0,2,2000,0,0,15,12,23,18,35,23,29,0
61416,1,1,2000,15,15,15,15,15,15,15,15,15,15
61417,1,1,2000,10,10,10,10,10,10,10,10,10,10
61417,2,1,2000,7,0,0,0,0,0,0,0,0,0
61418,1,1,2000,11,11,11,11,11,11,11,11,11,11
61418,2,1,2000,0,0,0,0,0,0,0,0,0,0
61419,0,1,2000,0,0,0,0,0,0,0,0,0,0
61419,1,1,2000,0,0,0,0,0,0,0,0,0,0
61420,1,1,2000,0,0,0,0,0,0,0,0,0,0
61420,2,1,2000,0,0,0,0,0,0,0,0,0,0
61420,3,1,2000,0,0,0,0,0,0,0,0,0,0
61421,1,1,2000,0,0,0,0,0,0,0,0,0,0
61421,2,1,2000,0,0,0,0,0,0,0,0,0,0
61421,3,1,2000,0,0,0,0,0,0,0,0,0,0
61422,1,1,2000,0,0,0,0,0,5,0,0,0,0
61422,2,1,2000,0,0,0,0,0,0,0,0,0,0
61423,0,1,2000,0,0,0,0,0,0,0,0,0,0
61423,1,1,2000,0,0,0,0,0,0,9,0,0,0
61423,2,1,2000,0,0,8,0,0,0,0,0,0,0
61424,1,1,2000,0,0,0,0,0,0,0,0,0,0
61424,2,1,2000,0,0,0,0,0,0,0,0,0,0
61424,3,1,2000,0,0,0,0,0,0,0,0,0,0
61425,1,1,2000,0,0,0,0,0,0,0,0,15,0
61425,2,1,2000,0,0,0,0,0,0,0,0,0,0
61425,3,1,2000,0,0,0,0,0,0,0,0,0,0
61426,1,1,2000,0,0,0,0,0,0,0,0,0,0
61426,2,1,2000,0,0,0,0,0,0,0,0,0,0
61426,3,1,2000,0,0,0,0,0,0,0,0,0,0
61427,1,1,2000,0,0,0,0,0,0,0,0,0,0
61427,2,1,2000,0,0,0,3,0,0,0,0,0,0
61427,3,1,2000,0,9,0,0,0,0,0,0,0,0
61428,1,1,2000,30,30,30,30,30,30,30,30,30,30
61428,2,1,2000,0,0,0,0,3,0,0,0,10,0
61429,1,1,2000,0,0,0,0,0,0,0,0,0,0
61429,2,1,2000,0,0,0,0,0,0,0,0,0,0
61430,1,1,2000,21,21,21,21,21,21,21,21,21,21
61430,2,1,2000,0,0,0,0,0,0,0,0,0,0
61431,1,1,2000,0,0,0,0,0,0,0,0,0,0
61431,2,1,2000,0,0,0,0,0,0,0,0,0,0
61432,1,1,2000,0,0,0,0,0,0,0,0,0,0
61432,2,1,2000,0,0,0,0,0,0,0,0,0,0
61432,3,1,2000,0,0,0,24,0,0,0,0,0,0
61433,1,1,2000,0,0,0,0,0,0,0,0,0,0
61433,2,1,2000,10,0,0,0,0,0,0,0,0,0
61434,1,1,2000,0,0,0,0,0,0,0,0,0,0
61434,2,1,2000,0,0,0,0,0,0,0,0,0,0
61435,1,1,2000,0,0,0,0,0,0,0,0,0,0
61435,2,1,2000,0,0,0,0,0,0,0,0,0,0
61436,1,1,2000,0,0,7,0,0,0,0,0,0,0
61436,2,1,2000,0,0,0,0,0,0,0,0,0,0
61437,1,1,2000,21,21,21,21,21,21,21,21,21,21
61438,1,1,2000,3,3,3,3,3,3,3,3,3,3
61439,0,1,2000,14,14,14,14,14,14,14,14,14,14
61439,1,1,2000,13,20,23,26,39,26,10,13,18,24
61440,1,1,2000,0,0,0,0,0,0,0,0,9,0
61440,2,1,2000,0,0,0,0,0,0,0,0,0,0
61441,1,1,2000,17,17,17,17,17,17,17,17,17,17
61441,2,1,2000,0,0,0,0,0,0,0,0,0,0
61442,1,1,2000,0,0,0,0,0,0,0,0,0,0
61442,2,1,2000,0,0,0,0,0,0,0,0,0,0
61443,1,1,2000,0,0,0,0,0,0,0,0,0,0
61443,2,1,2000,0,0,0,0,0,0,0,0,0,0
61444,1,1,2000,0,0,0,0,0,0,0,0,0,0
61444,2,1,2000,0,0,0,0,0,0,0,0,0,0
61445,1,1,2000,0,0,0,0,0,0,0,0,0,0
61445,2,1,2000,0,0,0,0,0,0,0,0,0,0
61446,1,1,2000,0,0,0,0,0,0,0,0,0,0
61446,2,1,2000,0,0,0,0,0,0,0,0,0,0
61447,1,1,2000,20,0,0,0,0,0,22,0,0,0
61448,0,1,2000,0,0,0,0,0,0,0,0,0,0